day,hour,cost
1/1/2025,1,21.00
1/1/2025,2,70.50
1/1/2025,3,71.07
1/1/2025,4,60.45
1/1/2025,5,60.01
1/1/2025,6,60.01
1/1/2025,7,44.06
1/1/2025,8,17.00
1/1/2025,9,18.94
1/1/2025,10,26.27
1/1/2025,11,13.00
1/1/2025,12,17.00
1/1/2025,13,13.62
1/1/2025,14,23.00
1/1/2025,15,27.55
1/1/2025,16,72.64
1/1/2025,17,110.00
1/1/2025,18,116.46
1/1/2025,19,125.98
1/1/2025,20,135.00
1/1/2025,21,130.75
1/1/2025,22,85.01
1/1/2025,23,93.24
1/1/2025,24,85.01
2/1/2025,1,69.86
2/1/2025,2,50.00
2/1/2025,3,50.01
2/1/2025,4,48.58
2/1/2025,5,50.01
2/1/2025,6,67.79
2/1/2025,7,86.90
2/1/2025,8,91.01
2/1/2025,9,130.00
2/1/2025,10,134.33
2/1/2025,11,129.72
2/1/2025,12,125.06
2/1/2025,13,127.43
2/1/2025,14,117.45
2/1/2025,15,126.36
2/1/2025,16,130.11
2/1/2025,17,134.44
2/1/2025,18,150.68
2/1/2025,19,152.08
2/1/2025,20,137.72
2/1/2025,21,130.20
2/1/2025,22,129.53
2/1/2025,23,119.11
2/1/2025,24,76.80
3/1/2025,1,106.05
3/1/2025,2,99.20
3/1/2025,3,92.53
3/1/2025,4,89.82
3/1/2025,5,91.07
3/1/2025,6,99.31
3/1/2025,7,121.40
3/1/2025,8,121.14
3/1/2025,9,131.70
3/1/2025,10,143.60
3/1/2025,11,150.00
3/1/2025,12,130.61
3/1/2025,13,130.80
3/1/2025,14,126.59
3/1/2025,15,128.90
3/1/2025,16,144.66
3/1/2025,17,100.00
3/1/2025,18,118.70
3/1/2025,19,112.31
3/1/2025,20,111.46
3/1/2025,21,124.68
3/1/2025,22,116.71
3/1/2025,23,98.12
3/1/2025,24,94.14
4/1/2025,1,108.14
4/1/2025,2,104.68
4/1/2025,3,105.97
4/1/2025,4,102.61
4/1/2025,5,102.21
4/1/2025,6,106.90
4/1/2025,7,112.85
4/1/2025,8,118.88
4/1/2025,9,128.39
4/1/2025,10,130.75
4/1/2025,11,130.34
4/1/2025,12,128.29
4/1/2025,13,130.03
4/1/2025,14,129.85
4/1/2025,15,136.40
4/1/2025,16,138.07
4/1/2025,17,133.83
4/1/2025,18,145.74
4/1/2025,19,137.93
4/1/2025,20,131.16
4/1/2025,21,125.66
4/1/2025,22,119.03
4/1/2025,23,114.69
4/1/2025,24,107.94
5/1/2025,1,113.39
5/1/2025,2,99.89
5/1/2025,3,94.63
5/1/2025,4,94.35
5/1/2025,5,91.16
5/1/2025,6,86.19
5/1/2025,7,87.12
5/1/2025,8,86.01
5/1/2025,9,97.39
5/1/2025,10,97.67
5/1/2025,11,92.41
5/1/2025,12,93.91
5/1/2025,13,89.91
5/1/2025,14,98.54
5/1/2025,15,115.71
5/1/2025,16,120.00
5/1/2025,17,120.00
5/1/2025,18,135.00
5/1/2025,19,150.00
5/1/2025,20,135.00
5/1/2025,21,181.09
5/1/2025,22,188.18
5/1/2025,23,149.66
5/1/2025,24,89.46
6/1/2025,1,74.83
6/1/2025,2,94.76
6/1/2025,3,78.09
6/1/2025,4,74.49
6/1/2025,5,75.47
6/1/2025,6,99.00
6/1/2025,7,101.31
6/1/2025,8,143.85
6/1/2025,9,156.25
6/1/2025,10,125.92
6/1/2025,11,105.16
6/1/2025,12,84.75
6/1/2025,13,86.48
6/1/2025,14,111.71
6/1/2025,15,119.08
6/1/2025,16,118.00
6/1/2025,17,134.40
6/1/2025,18,157.07
6/1/2025,19,153.35
6/1/2025,20,163.26
6/1/2025,21,165.13
6/1/2025,22,142.18
6/1/2025,23,109.00
6/1/2025,24,73.96
7/1/2025,1,36.50
7/1/2025,2,64.29
7/1/2025,3,65.24
7/1/2025,4,16.73
7/1/2025,5,73.90
7/1/2025,6,95.38
7/1/2025,7,132.63
7/1/2025,8,160.00
7/1/2025,9,130.00
7/1/2025,10,134.47
7/1/2025,11,135.00
7/1/2025,12,134.00
7/1/2025,13,138.10
7/1/2025,14,160.00
7/1/2025,15,150.00
7/1/2025,16,135.00
7/1/2025,17,135.00
7/1/2025,18,135.00
7/1/2025,19,140.00
7/1/2025,20,150.00
7/1/2025,21,130.67
7/1/2025,22,108.87
7/1/2025,23,98.17
7/1/2025,24,74.79
8/1/2025,1,91.90
8/1/2025,2,74.49
8/1/2025,3,72.45
8/1/2025,4,70.87
8/1/2025,5,74.49
8/1/2025,6,94.72
8/1/2025,7,149.35
8/1/2025,8,147.92
8/1/2025,9,137.40
8/1/2025,10,125.56
8/1/2025,11,109.89
8/1/2025,12,102.38
8/1/2025,13,105.53
8/1/2025,14,110.01
8/1/2025,15,120.00
8/1/2025,16,135.31
8/1/2025,17,144.73
8/1/2025,18,153.96
8/1/2025,19,148.64
8/1/2025,20,148.16
8/1/2025,21,136.35
8/1/2025,22,127.09
8/1/2025,23,116.13
8/1/2025,24,104.77
9/1/2025,1,103.80
9/1/2025,2,103.02
9/1/2025,3,101.14
9/1/2025,4,98.67
9/1/2025,5,102.42
9/1/2025,6,106.11
9/1/2025,7,129.74
9/1/2025,8,147.26
9/1/2025,9,161.70
9/1/2025,10,153.50
9/1/2025,11,145.17
9/1/2025,12,137.77
9/1/2025,13,126.54
9/1/2025,14,122.34
9/1/2025,15,126.62
9/1/2025,16,131.61
9/1/2025,17,130.26
9/1/2025,18,127.73
9/1/2025,19,131.49
9/1/2025,20,120.20
9/1/2025,21,113.36
9/1/2025,22,100.29
9/1/2025,23,100.01
9/1/2025,24,89.06
10/1/2025,1,87.67
10/1/2025,2,80.50
10/1/2025,3,80.40
10/1/2025,4,79.14
10/1/2025,5,71.98
10/1/2025,6,82.15
10/1/2025,7,92.68
10/1/2025,8,112.27
10/1/2025,9,136.85
10/1/2025,10,135.41
10/1/2025,11,123.57
10/1/2025,12,113.59
10/1/2025,13,107.43
10/1/2025,14,105.01
10/1/2025,15,110.01
10/1/2025,16,128.69
10/1/2025,17,131.41
10/1/2025,18,141.55
10/1/2025,19,143.35
10/1/2025,20,140.01
10/1/2025,21,134.75
10/1/2025,22,122.51
10/1/2025,23,120.00
10/1/2025,24,114.97
11/1/2025,1,108.67
11/1/2025,2,99.83
11/1/2025,3,96.52
11/1/2025,4,93.17
11/1/2025,5,92.34
11/1/2025,6,94.05
11/1/2025,7,96.30
11/1/2025,8,93.82
11/1/2025,9,109.69
11/1/2025,10,105.89
11/1/2025,11,103.46
11/1/2025,12,99.74
11/1/2025,13,96.81
11/1/2025,14,93.15
11/1/2025,15,100.72
11/1/2025,16,104.76
11/1/2025,17,106.95
11/1/2025,18,115.88
11/1/2025,19,120.91
11/1/2025,20,111.70
11/1/2025,21,110.66
11/1/2025,22,104.72
11/1/2025,23,104.39
11/1/2025,24,106.20
12/1/2025,1,87.22
12/1/2025,2,86.15
12/1/2025,3,87.87
12/1/2025,4,85.27
12/1/2025,5,85.00
12/1/2025,6,85.48
12/1/2025,7,87.52
12/1/2025,8,101.75
12/1/2025,9,117.68
12/1/2025,10,120.07
12/1/2025,11,117.77
12/1/2025,12,105.61
12/1/2025,13,102.99
12/1/2025,14,99.61
12/1/2025,15,105.09
12/1/2025,16,119.43
12/1/2025,17,133.94
12/1/2025,18,141.84
12/1/2025,19,146.66
12/1/2025,20,143.90
12/1/2025,21,135.34
12/1/2025,22,127.63
12/1/2025,23,121.36
12/1/2025,24,114.90
13/1/2025,1,112.39
13/1/2025,2,105.07
13/1/2025,3,104.46
13/1/2025,4,100.37
13/1/2025,5,100.00
13/1/2025,6,110.15
13/1/2025,7,140.28
13/1/2025,8,180.00
13/1/2025,9,220.91
13/1/2025,10,173.53
13/1/2025,11,141.49
13/1/2025,12,121.08
13/1/2025,13,114.26
13/1/2025,14,118.34
13/1/2025,15,119.76
13/1/2025,16,141.59
13/1/2025,17,134.07
13/1/2025,18,146.21
13/1/2025,19,147.81
13/1/2025,20,138.69
13/1/2025,21,118.50
13/1/2025,22,118.19
13/1/2025,23,115.57
13/1/2025,24,103.84
14/1/2025,1,108.44
14/1/2025,2,105.52
14/1/2025,3,101.09
14/1/2025,4,99.84
14/1/2025,5,103.23
14/1/2025,6,108.88
14/1/2025,7,147.76
14/1/2025,8,159.75
14/1/2025,9,183.97
14/1/2025,10,151.94
14/1/2025,11,123.72
14/1/2025,12,117.43
14/1/2025,13,112.05
14/1/2025,14,112.97
14/1/2025,15,115.35
14/1/2025,16,123.70
14/1/2025,17,122.33
14/1/2025,18,145.63
14/1/2025,19,155.13
14/1/2025,20,148.25
14/1/2025,21,126.47
14/1/2025,22,100.80
14/1/2025,23,114.93
14/1/2025,24,127.32
15/1/2025,1,106.14
15/1/2025,2,111.75
15/1/2025,3,110.48
15/1/2025,4,108.91
15/1/2025,5,105.85
15/1/2025,6,108.88
15/1/2025,7,128.02
15/1/2025,8,189.75
15/1/2025,9,301.07
15/1/2025,10,307.36
15/1/2025,11,299.88
15/1/2025,12,294.05
15/1/2025,13,299.39
15/1/2025,14,296.95
15/1/2025,15,277.91
15/1/2025,16,278.85
15/1/2025,17,320.03
15/1/2025,18,368.41
15/1/2025,19,320.52
15/1/2025,20,268.72
15/1/2025,21,180.95
15/1/2025,22,151.20
15/1/2025,23,140.72
15/1/2025,24,123.90
16/1/2025,1,126.14
16/1/2025,2,117.84
16/1/2025,3,117.38
16/1/2025,4,114.72
16/1/2025,5,114.38
16/1/2025,6,120.87
16/1/2025,7,128.06
16/1/2025,8,162.75
16/1/2025,9,197.25
16/1/2025,10,175.00
16/1/2025,11,151.90
16/1/2025,12,140.64
16/1/2025,13,132.21
16/1/2025,14,133.21
16/1/2025,15,138.91
16/1/2025,16,159.07
16/1/2025,17,171.96
16/1/2025,18,187.68
16/1/2025,19,184.32
16/1/2025,20,179.97
16/1/2025,21,159.60
16/1/2025,22,138.33
16/1/2025,23,140.96
16/1/2025,24,127.60
17/1/2025,1,119.83
17/1/2025,2,121.50
17/1/2025,3,118.11
17/1/2025,4,115.27
17/1/2025,5,115.58
17/1/2025,6,121.93
17/1/2025,7,140.80
17/1/2025,8,175.01
17/1/2025,9,208.13
17/1/2025,10,175.34
17/1/2025,11,158.00
17/1/2025,12,140.74
17/1/2025,13,126.44
17/1/2025,14,124.03
17/1/2025,15,133.25
17/1/2025,16,151.98
17/1/2025,17,166.42
17/1/2025,18,178.02
17/1/2025,19,179.92
17/1/2025,20,174.22
17/1/2025,21,157.91
17/1/2025,22,145.00
17/1/2025,23,139.97
17/1/2025,24,129.09
18/1/2025,1,126.97
18/1/2025,2,121.42
18/1/2025,3,121.77
18/1/2025,4,118.96
18/1/2025,5,117.46
18/1/2025,6,119.88
18/1/2025,7,118.35
18/1/2025,8,137.54
18/1/2025,9,146.20
18/1/2025,10,144.10
18/1/2025,11,135.94
18/1/2025,12,121.96
18/1/2025,13,118.87
18/1/2025,14,115.01
18/1/2025,15,119.36
18/1/2025,16,132.70
18/1/2025,17,139.43
18/1/2025,18,160.00
18/1/2025,19,167.57
18/1/2025,20,167.85
18/1/2025,21,156.12
18/1/2025,22,143.42
18/1/2025,23,136.40
18/1/2025,24,129.36
19/1/2025,1,130.04
19/1/2025,2,125.60
19/1/2025,3,124.18
19/1/2025,4,121.24
19/1/2025,5,120.18
19/1/2025,6,120.00
19/1/2025,7,121.77
19/1/2025,8,124.65
19/1/2025,9,123.74
19/1/2025,10,126.82
19/1/2025,11,127.50
19/1/2025,12,126.21
19/1/2025,13,112.25
19/1/2025,14,107.51
19/1/2025,15,116.81
19/1/2025,16,126.88
19/1/2025,17,136.94
19/1/2025,18,144.80
19/1/2025,19,155.42
19/1/2025,20,152.75
19/1/2025,21,143.82
19/1/2025,22,134.70
19/1/2025,23,136.78
19/1/2025,24,124.72
20/1/2025,1,122.64
20/1/2025,2,120.11
20/1/2025,3,116.64
20/1/2025,4,114.41
20/1/2025,5,115.45
20/1/2025,6,130.43
20/1/2025,7,157.86
20/1/2025,8,262.23
20/1/2025,9,418.43
20/1/2025,10,291.70
20/1/2025,11,236.29
20/1/2025,12,196.09
20/1/2025,13,181.38
20/1/2025,14,171.39
20/1/2025,15,191.90
20/1/2025,16,277.05
20/1/2025,17,381.61
20/1/2025,18,563.13
20/1/2025,19,473.28
20/1/2025,20,295.57
20/1/2025,21,220.00
20/1/2025,22,170.00
20/1/2025,23,164.46
20/1/2025,24,146.37
21/1/2025,1,128.04
21/1/2025,2,124.74
21/1/2025,3,116.86
21/1/2025,4,109.16
21/1/2025,5,104.41
21/1/2025,6,107.58
21/1/2025,7,118.07
21/1/2025,8,139.33
21/1/2025,9,182.65
21/1/2025,10,185.39
21/1/2025,11,180.00
21/1/2025,12,141.91
21/1/2025,13,123.12
21/1/2025,14,124.43
21/1/2025,15,125.40
21/1/2025,16,167.12
21/1/2025,17,199.30
21/1/2025,18,284.16
21/1/2025,19,244.75
21/1/2025,20,200.27
21/1/2025,21,172.45
21/1/2025,22,153.82
21/1/2025,23,136.59
21/1/2025,24,121.22
22/1/2025,1,128.83
22/1/2025,2,125.47
22/1/2025,3,122.91
22/1/2025,4,122.40
22/1/2025,5,124.01
22/1/2025,6,124.98
22/1/2025,7,140.01
22/1/2025,8,168.87
22/1/2025,9,229.46
22/1/2025,10,199.41
22/1/2025,11,179.06
22/1/2025,12,172.94
22/1/2025,13,165.00
22/1/2025,14,170.00
22/1/2025,15,179.92
22/1/2025,16,193.22
22/1/2025,17,173.93
22/1/2025,18,181.09
22/1/2025,19,165.00
22/1/2025,20,150.33
22/1/2025,21,104.81
22/1/2025,22,117.61
22/1/2025,23,127.00
22/1/2025,24,104.67
23/1/2025,1,108.01
23/1/2025,2,103.33
23/1/2025,3,108.55
23/1/2025,4,103.09
23/1/2025,5,98.75
23/1/2025,6,108.01
23/1/2025,7,140.00
23/1/2025,8,136.60
23/1/2025,9,155.00
23/1/2025,10,170.00
23/1/2025,11,149.61
23/1/2025,12,151.00
23/1/2025,13,148.85
23/1/2025,14,160.59
23/1/2025,15,151.90
23/1/2025,16,155.00
23/1/2025,17,140.00
23/1/2025,18,132.70
23/1/2025,19,130.72
23/1/2025,20,141.07
23/1/2025,21,140.00
23/1/2025,22,134.36
23/1/2025,23,132.70
23/1/2025,24,100.02
24/1/2025,1,108.01
24/1/2025,2,108.01
24/1/2025,3,85.90
24/1/2025,4,84.59
24/1/2025,5,84.59
24/1/2025,6,112.01
24/1/2025,7,150.00
24/1/2025,8,159.79
24/1/2025,9,165.00
24/1/2025,10,155.00
24/1/2025,11,155.00
24/1/2025,12,145.00
24/1/2025,13,164.97
24/1/2025,14,161.90
24/1/2025,15,165.00
24/1/2025,16,150.00
24/1/2025,17,142.98
24/1/2025,18,150.00
24/1/2025,19,144.92
24/1/2025,20,120.72
24/1/2025,21,112.52
24/1/2025,22,84.59
24/1/2025,23,78.49
24/1/2025,24,69.69
25/1/2025,1,78.81
25/1/2025,2,79.28
25/1/2025,3,85.00
25/1/2025,4,85.89
25/1/2025,5,83.08
25/1/2025,6,87.35
25/1/2025,7,86.48
25/1/2025,8,93.34
25/1/2025,9,99.43
25/1/2025,10,97.58
25/1/2025,11,90.98
25/1/2025,12,88.95
25/1/2025,13,84.76
25/1/2025,14,83.83
25/1/2025,15,93.78
25/1/2025,16,111.34
25/1/2025,17,128.12
25/1/2025,18,143.36
25/1/2025,19,148.87
25/1/2025,20,143.84
25/1/2025,21,134.26
25/1/2025,22,137.76
25/1/2025,23,136.07
25/1/2025,24,122.98
26/1/2025,1,128.16
26/1/2025,2,117.41
26/1/2025,3,113.77
26/1/2025,4,108.60
26/1/2025,5,107.90
26/1/2025,6,110.17
26/1/2025,7,112.83
26/1/2025,8,120.00
26/1/2025,9,127.40
26/1/2025,10,124.96
26/1/2025,11,108.20
26/1/2025,12,103.36
26/1/2025,13,97.14
26/1/2025,14,92.16
26/1/2025,15,105.97
26/1/2025,16,114.20
26/1/2025,17,129.53
26/1/2025,18,135.05
26/1/2025,19,124.79
26/1/2025,20,113.78
26/1/2025,21,111.15
26/1/2025,22,100.88
26/1/2025,23,82.00
26/1/2025,24,77.55
27/1/2025,1,74.89
27/1/2025,2,70.06
27/1/2025,3,38.09
27/1/2025,4,41.50
27/1/2025,5,74.30
27/1/2025,6,80.24
27/1/2025,7,229.52
27/1/2025,8,262.77
27/1/2025,9,179.00
27/1/2025,10,139.31
27/1/2025,11,99.15
27/1/2025,12,95.78
27/1/2025,13,129.35
27/1/2025,14,105.39
27/1/2025,15,131.67
27/1/2025,16,150.00
27/1/2025,17,165.00
27/1/2025,18,145.00
27/1/2025,19,130.00
27/1/2025,20,165.00
27/1/2025,21,145.44
27/1/2025,22,116.26
27/1/2025,23,130.00
27/1/2025,24,88.67
28/1/2025,1,79.25
28/1/2025,2,80.38
28/1/2025,3,81.28
28/1/2025,4,80.57
28/1/2025,5,84.17
28/1/2025,6,101.80
28/1/2025,7,122.89
28/1/2025,8,133.83
28/1/2025,9,146.80
28/1/2025,10,132.61
28/1/2025,11,125.20
28/1/2025,12,120.56
28/1/2025,13,118.25
28/1/2025,14,121.75
28/1/2025,15,125.94
28/1/2025,16,135.95
28/1/2025,17,146.66
28/1/2025,18,152.24
28/1/2025,19,141.76
28/1/2025,20,133.90
28/1/2025,21,118.07
28/1/2025,22,94.05
28/1/2025,23,100.50
28/1/2025,24,86.66
29/1/2025,1,86.54
29/1/2025,2,84.95
29/1/2025,3,81.03
29/1/2025,4,79.81
29/1/2025,5,84.95
29/1/2025,6,95.93
29/1/2025,7,119.06
29/1/2025,8,133.72
29/1/2025,9,144.22
29/1/2025,10,133.53
29/1/2025,11,108.03
29/1/2025,12,91.41
29/1/2025,13,85.60
29/1/2025,14,86.04
29/1/2025,15,92.91
29/1/2025,16,115.15
29/1/2025,17,119.94
29/1/2025,18,140.72
29/1/2025,19,150.00
29/1/2025,20,145.35
29/1/2025,21,135.08
29/1/2025,22,123.06
29/1/2025,23,115.19
29/1/2025,24,100.21
30/1/2025,1,97.39
30/1/2025,2,97.02
30/1/2025,3,96.22
30/1/2025,4,97.37
30/1/2025,5,96.94
30/1/2025,6,111.24
30/1/2025,7,141.97
30/1/2025,8,153.11
30/1/2025,9,160.30
30/1/2025,10,151.64
30/1/2025,11,132.75
30/1/2025,12,123.25
30/1/2025,13,113.85
30/1/2025,14,113.30
30/1/2025,15,129.80
30/1/2025,16,153.72
30/1/2025,17,161.45
30/1/2025,18,178.92
30/1/2025,19,174.84
30/1/2025,20,161.29
30/1/2025,21,150.56
30/1/2025,22,134.48
30/1/2025,23,126.66
30/1/2025,24,120.20
31/1/2025,1,120.00
31/1/2025,2,117.35
31/1/2025,3,114.01
31/1/2025,4,114.01
31/1/2025,5,116.58
31/1/2025,6,121.01
31/1/2025,7,154.37
31/1/2025,8,159.87
31/1/2025,9,163.70
31/1/2025,10,154.82
31/1/2025,11,130.10
31/1/2025,12,126.20
31/1/2025,13,120.06
31/1/2025,14,121.19
31/1/2025,15,119.89
31/1/2025,16,151.47
31/1/2025,17,168.59
31/1/2025,18,184.56
31/1/2025,19,184.48
31/1/2025,20,178.99
31/1/2025,21,162.66
31/1/2025,22,152.70
31/1/2025,23,152.38
31/1/2025,24,134.97
1/2/2025,1,139.56
1/2/2025,2,131.39
1/2/2025,3,125.78
1/2/2025,4,119.17
1/2/2025,5,119.22
1/2/2025,6,120.86
1/2/2025,7,127.18
1/2/2025,8,144.74
1/2/2025,9,153.46
1/2/2025,10,142.44
1/2/2025,11,128.40
1/2/2025,12,120.08
1/2/2025,13,110.29
1/2/2025,14,103.40
1/2/2025,15,113.70
1/2/2025,16,129.91
1/2/2025,17,155.04
1/2/2025,18,168.01
1/2/2025,19,167.41
1/2/2025,20,162.98
1/2/2025,21,156.60
1/2/2025,22,145.24
1/2/2025,23,141.73
1/2/2025,24,131.74
2/2/2025,1,133.26
2/2/2025,2,126.91
2/2/2025,3,122.99
2/2/2025,4,120.66
2/2/2025,5,122.34
2/2/2025,6,123.41
2/2/2025,7,128.09
2/2/2025,8,135.90
2/2/2025,9,137.30
2/2/2025,10,137.70
2/2/2025,11,130.04
2/2/2025,12,129.33
2/2/2025,13,122.24
2/2/2025,14,111.88
2/2/2025,15,116.65
2/2/2025,16,128.89
2/2/2025,17,153.14
2/2/2025,18,165.25
2/2/2025,19,172.32
2/2/2025,20,173.95
2/2/2025,21,165.50
2/2/2025,22,155.77
2/2/2025,23,148.44
2/2/2025,24,133.24
3/2/2025,1,129.54
3/2/2025,2,126.63
3/2/2025,3,124.72
3/2/2025,4,120.04
3/2/2025,5,123.24
3/2/2025,6,127.77
3/2/2025,7,159.18
3/2/2025,8,207.88
3/2/2025,9,243.23
3/2/2025,10,178.04
3/2/2025,11,149.95
3/2/2025,12,126.16
3/2/2025,13,117.27
3/2/2025,14,115.52
3/2/2025,15,124.31
3/2/2025,16,147.32
3/2/2025,17,169.51
3/2/2025,18,214.64
3/2/2025,19,200.73
3/2/2025,20,201.10
3/2/2025,21,167.74
3/2/2025,22,153.00
3/2/2025,23,144.21
3/2/2025,24,135.81
4/2/2025,1,132.40
4/2/2025,2,125.54
4/2/2025,3,123.18
4/2/2025,4,123.99
4/2/2025,5,123.25
4/2/2025,6,127.63
4/2/2025,7,155.37
4/2/2025,8,191.13
4/2/2025,9,211.99
4/2/2025,10,163.31
4/2/2025,11,136.53
4/2/2025,12,126.71
4/2/2025,13,117.55
4/2/2025,14,113.18
4/2/2025,15,120.09
4/2/2025,16,138.47
4/2/2025,17,170.43
4/2/2025,18,178.26
4/2/2025,19,175.00
4/2/2025,20,171.02
4/2/2025,21,152.85
4/2/2025,22,131.00
4/2/2025,23,130.77
4/2/2025,24,123.05
5/2/2025,1,115.20
5/2/2025,2,110.86
5/2/2025,3,110.27
5/2/2025,4,109.09
5/2/2025,5,115.43
5/2/2025,6,122.50
5/2/2025,7,147.67
5/2/2025,8,168.12
5/2/2025,9,180.81
5/2/2025,10,159.33
5/2/2025,11,133.50
5/2/2025,12,121.97
5/2/2025,13,117.02
5/2/2025,14,119.50
5/2/2025,15,128.85
5/2/2025,16,144.12
5/2/2025,17,160.36
5/2/2025,18,177.15
5/2/2025,19,189.90
5/2/2025,20,189.63
5/2/2025,21,170.00
5/2/2025,22,155.42
5/2/2025,23,143.70
5/2/2025,24,133.68
6/2/2025,1,133.67
6/2/2025,2,129.80
6/2/2025,3,125.95
6/2/2025,4,125.00
6/2/2025,5,125.01
6/2/2025,6,134.50
6/2/2025,7,154.93
6/2/2025,8,180.09
6/2/2025,9,219.08
6/2/2025,10,178.95
6/2/2025,11,160.22
6/2/2025,12,150.88
6/2/2025,13,145.88
6/2/2025,14,142.97
6/2/2025,15,139.07
6/2/2025,16,150.09
6/2/2025,17,171.17
6/2/2025,18,176.63
6/2/2025,19,169.12
6/2/2025,20,162.12
6/2/2025,21,135.15
6/2/2025,22,123.54
6/2/2025,23,131.27
6/2/2025,24,121.95
7/2/2025,1,126.05
7/2/2025,2,112.70
7/2/2025,3,108.82
7/2/2025,4,105.00
7/2/2025,5,114.14
7/2/2025,6,127.75
7/2/2025,7,178.61
7/2/2025,8,181.71
7/2/2025,9,164.98
7/2/2025,10,150.47
7/2/2025,11,134.44
7/2/2025,12,117.05
7/2/2025,13,113.52
7/2/2025,14,118.79
7/2/2025,15,122.32
7/2/2025,16,151.30
7/2/2025,17,133.70
7/2/2025,18,132.92
7/2/2025,19,136.89
7/2/2025,20,132.27
7/2/2025,21,111.54
7/2/2025,22,87.65
7/2/2025,23,98.80
7/2/2025,24,100.00
8/2/2025,1,83.39
8/2/2025,2,86.49
8/2/2025,3,86.39
8/2/2025,4,88.13
8/2/2025,5,89.69
8/2/2025,6,90.99
8/2/2025,7,88.95
8/2/2025,8,93.24
8/2/2025,9,112.24
8/2/2025,10,97.54
8/2/2025,11,94.55
8/2/2025,12,86.74
8/2/2025,13,85.40
8/2/2025,14,87.56
8/2/2025,15,92.77
8/2/2025,16,118.00
8/2/2025,17,136.88
8/2/2025,18,144.46
8/2/2025,19,160.47
8/2/2025,20,160.33
8/2/2025,21,155.17
8/2/2025,22,149.00
8/2/2025,23,143.56
8/2/2025,24,135.53
9/2/2025,1,135.00
9/2/2025,2,127.75
9/2/2025,3,124.07
9/2/2025,4,119.30
9/2/2025,5,116.81
9/2/2025,6,117.00
9/2/2025,7,117.00
9/2/2025,8,133.43
9/2/2025,9,136.77
9/2/2025,10,120.94
9/2/2025,11,113.70
9/2/2025,12,109.10
9/2/2025,13,87.08
9/2/2025,14,98.01
9/2/2025,15,109.90
9/2/2025,16,120.40
9/2/2025,17,138.00
9/2/2025,18,142.93
9/2/2025,19,155.76
9/2/2025,20,150.60
9/2/2025,21,144.55
9/2/2025,22,142.16
9/2/2025,23,143.00
9/2/2025,24,128.54
10/2/2025,1,119.56
10/2/2025,2,114.07
10/2/2025,3,111.40
10/2/2025,4,107.72
10/2/2025,5,107.31
10/2/2025,6,115.58
10/2/2025,7,153.71
10/2/2025,8,173.80
10/2/2025,9,181.36
10/2/2025,10,163.18
10/2/2025,11,141.45
10/2/2025,12,121.23
10/2/2025,13,125.33
10/2/2025,14,124.09
10/2/2025,15,136.91
10/2/2025,16,152.78
10/2/2025,17,140.30
10/2/2025,18,126.84
10/2/2025,19,125.09
10/2/2025,20,140.00
10/2/2025,21,120.00
10/2/2025,22,109.21
10/2/2025,23,131.31
10/2/2025,24,88.52
11/2/2025,1,78.92
11/2/2025,2,86.98
11/2/2025,3,135.00
11/2/2025,4,105.01
11/2/2025,5,88.55
11/2/2025,6,99.00
11/2/2025,7,145.00
11/2/2025,8,194.13
11/2/2025,9,169.70
11/2/2025,10,143.69
11/2/2025,11,116.05
11/2/2025,12,104.85
11/2/2025,13,107.55
11/2/2025,14,117.20
11/2/2025,15,130.96
11/2/2025,16,135.70
11/2/2025,17,145.75
11/2/2025,18,143.93
11/2/2025,19,145.00
11/2/2025,20,156.88
11/2/2025,21,156.01
11/2/2025,22,137.80
11/2/2025,23,141.47
11/2/2025,24,128.20
12/2/2025,1,129.26
12/2/2025,2,127.91
12/2/2025,3,126.82
12/2/2025,4,126.59
12/2/2025,5,128.74
12/2/2025,6,128.87
12/2/2025,7,141.30
12/2/2025,8,173.11
12/2/2025,9,180.00
12/2/2025,10,174.92
12/2/2025,11,168.75
12/2/2025,12,168.43
12/2/2025,13,157.95
12/2/2025,14,159.23
12/2/2025,15,141.48
12/2/2025,16,150.00
12/2/2025,17,160.10
12/2/2025,18,162.69
12/2/2025,19,181.66
12/2/2025,20,183.99
12/2/2025,21,152.14
12/2/2025,22,144.99
12/2/2025,23,139.78
12/2/2025,24,133.00
13/2/2025,1,132.38
13/2/2025,2,140.12
13/2/2025,3,150.74
13/2/2025,4,144.49
13/2/2025,5,146.91
13/2/2025,6,133.16
13/2/2025,7,135.30
13/2/2025,8,270.70
13/2/2025,9,251.77
13/2/2025,10,222.64
13/2/2025,11,205.60
13/2/2025,12,185.90
13/2/2025,13,176.90
13/2/2025,14,184.44
13/2/2025,15,190.00
13/2/2025,16,211.71
13/2/2025,17,200.21
13/2/2025,18,207.33
13/2/2025,19,205.50
13/2/2025,20,196.52
13/2/2025,21,176.36
13/2/2025,22,162.92
13/2/2025,23,153.12
13/2/2025,24,139.32
14/2/2025,1,139.65
14/2/2025,2,137.01
14/2/2025,3,131.66
14/2/2025,4,131.43
14/2/2025,5,130.78
14/2/2025,6,140.09
14/2/2025,7,163.63
14/2/2025,8,224.86
14/2/2025,9,261.75
14/2/2025,10,214.52
14/2/2025,11,180.61
14/2/2025,12,163.74
14/2/2025,13,150.06
14/2/2025,14,149.42
14/2/2025,15,157.07
14/2/2025,16,172.21
14/2/2025,17,196.88
14/2/2025,18,292.25
14/2/2025,19,288.53
14/2/2025,20,224.61
14/2/2025,21,183.55
14/2/2025,22,163.60
14/2/2025,23,153.00
14/2/2025,24,140.03
15/2/2025,1,135.66
15/2/2025,2,130.69
15/2/2025,3,120.25
15/2/2025,4,118.70
15/2/2025,5,118.97
15/2/2025,6,120.87
15/2/2025,7,134.52
15/2/2025,8,149.23
15/2/2025,9,150.53
15/2/2025,10,137.05
15/2/2025,11,124.59
15/2/2025,12,118.36
15/2/2025,13,112.39
15/2/2025,14,110.01
15/2/2025,15,116.42
15/2/2025,16,129.59
15/2/2025,17,145.64
15/2/2025,18,164.02
15/2/2025,19,175.23
15/2/2025,20,161.46
15/2/2025,21,141.16
15/2/2025,22,116.37
15/2/2025,23,130.30
15/2/2025,24,120.32
16/2/2025,1,134.11
16/2/2025,2,128.90
16/2/2025,3,123.57
16/2/2025,4,119.90
16/2/2025,5,119.57
16/2/2025,6,119.84
16/2/2025,7,118.05
16/2/2025,8,124.47
16/2/2025,9,123.77
16/2/2025,10,125.75
16/2/2025,11,131.48
16/2/2025,12,128.92
16/2/2025,13,127.85
16/2/2025,14,121.36
16/2/2025,15,123.67
16/2/2025,16,127.33
16/2/2025,17,139.52
16/2/2025,18,170.00
16/2/2025,19,172.12
16/2/2025,20,168.80
16/2/2025,21,155.51
16/2/2025,22,134.93
16/2/2025,23,132.06
16/2/2025,24,131.51
17/2/2025,1,125.90
17/2/2025,2,121.06
17/2/2025,3,120.34
17/2/2025,4,125.94
17/2/2025,5,129.50
17/2/2025,6,126.70
17/2/2025,7,157.39
17/2/2025,8,208.25
17/2/2025,9,209.79
17/2/2025,10,171.30
17/2/2025,11,139.67
17/2/2025,12,116.94
17/2/2025,13,113.24
17/2/2025,14,106.55
17/2/2025,15,118.11
17/2/2025,16,135.02
17/2/2025,17,173.29
17/2/2025,18,225.32
17/2/2025,19,271.52
17/2/2025,20,216.50
17/2/2025,21,179.08
17/2/2025,22,151.40
17/2/2025,23,131.21
17/2/2025,24,122.95
18/2/2025,1,134.75
18/2/2025,2,126.40
18/2/2025,3,127.50
18/2/2025,4,114.54
18/2/2025,5,110.45
18/2/2025,6,108.19
18/2/2025,7,135.32
18/2/2025,8,186.20
18/2/2025,9,193.80
18/2/2025,10,141.92
18/2/2025,11,117.27
18/2/2025,12,98.81
18/2/2025,13,79.06
18/2/2025,14,84.62
18/2/2025,15,98.35
18/2/2025,16,104.87
18/2/2025,17,190.70
18/2/2025,18,189.76
18/2/2025,19,176.77
18/2/2025,20,165.00
18/2/2025,21,142.03
18/2/2025,22,141.90
18/2/2025,23,119.58
18/2/2025,24,103.61
19/2/2025,1,94.31
19/2/2025,2,93.84
19/2/2025,3,96.91
19/2/2025,4,95.24
19/2/2025,5,102.66
19/2/2025,6,141.40
19/2/2025,7,155.00
19/2/2025,8,180.26
19/2/2025,9,166.37
19/2/2025,10,128.76
19/2/2025,11,109.88
19/2/2025,12,92.90
19/2/2025,13,90.14
19/2/2025,14,91.80
19/2/2025,15,92.23
19/2/2025,16,107.41
19/2/2025,17,147.49
19/2/2025,18,161.25
19/2/2025,19,159.24
19/2/2025,20,160.76
19/2/2025,21,141.40
19/2/2025,22,109.61
19/2/2025,23,103.40
19/2/2025,24,91.80
20/2/2025,1,114.41
20/2/2025,2,118.13
20/2/2025,3,130.00
20/2/2025,4,113.87
20/2/2025,5,113.59
20/2/2025,6,130.00
20/2/2025,7,148.54
20/2/2025,8,140.00
20/2/2025,9,129.45
20/2/2025,10,114.24
20/2/2025,11,104.15
20/2/2025,12,94.18
20/2/2025,13,97.41
20/2/2025,14,93.06
20/2/2025,15,100.40
20/2/2025,16,97.28
20/2/2025,17,114.10
20/2/2025,18,139.80
20/2/2025,19,156.19
20/2/2025,20,150.71
20/2/2025,21,147.34
20/2/2025,22,121.67
20/2/2025,23,118.79
20/2/2025,24,90.00
21/2/2025,1,73.45
21/2/2025,2,70.72
21/2/2025,3,73.03
21/2/2025,4,72.42
21/2/2025,5,81.11
21/2/2025,6,120.00
21/2/2025,7,125.17
21/2/2025,8,165.34
21/2/2025,9,150.72
21/2/2025,10,131.26
21/2/2025,11,104.33
21/2/2025,12,87.37
21/2/2025,13,79.10
21/2/2025,14,77.95
21/2/2025,15,91.97
21/2/2025,16,87.88
21/2/2025,17,165.72
21/2/2025,18,148.62
21/2/2025,19,154.50
21/2/2025,20,152.00
21/2/2025,21,163.87
21/2/2025,22,82.70
21/2/2025,23,82.90
21/2/2025,24,97.94
22/2/2025,1,71.48
22/2/2025,2,71.73
22/2/2025,3,71.92
22/2/2025,4,71.65
22/2/2025,5,72.29
22/2/2025,6,80.00
22/2/2025,7,113.21
22/2/2025,8,123.18
22/2/2025,9,115.00
22/2/2025,10,70.93
22/2/2025,11,58.53
22/2/2025,12,57.76
22/2/2025,13,54.57
22/2/2025,14,56.75
22/2/2025,15,68.09
22/2/2025,16,73.31
22/2/2025,17,82.00
22/2/2025,18,115.00
22/2/2025,19,99.24
22/2/2025,20,95.00
22/2/2025,21,105.00
22/2/2025,22,100.00
22/2/2025,23,75.30
22/2/2025,24,71.54
23/2/2025,1,77.95
23/2/2025,2,67.63
23/2/2025,3,72.42
23/2/2025,4,69.74
23/2/2025,5,72.51
23/2/2025,6,72.53
23/2/2025,7,92.28
23/2/2025,8,102.91
23/2/2025,9,112.52
23/2/2025,10,100.63
23/2/2025,11,85.49
23/2/2025,12,88.98
23/2/2025,13,72.50
23/2/2025,14,72.48
23/2/2025,15,85.60
23/2/2025,16,106.60
23/2/2025,17,127.71
23/2/2025,18,145.54
23/2/2025,19,152.08
23/2/2025,20,135.33
23/2/2025,21,136.61
23/2/2025,22,117.64
23/2/2025,23,130.00
23/2/2025,24,103.81
24/2/2025,1,78.91
24/2/2025,2,105.00
24/2/2025,3,73.83
24/2/2025,4,73.20
24/2/2025,5,73.20
24/2/2025,6,77.50
24/2/2025,7,104.00
24/2/2025,8,181.78
24/2/2025,9,196.24
24/2/2025,10,124.40
24/2/2025,11,182.35
24/2/2025,12,110.00
24/2/2025,13,105.00
24/2/2025,14,82.10
24/2/2025,15,73.13
24/2/2025,16,77.53
24/2/2025,17,83.93
24/2/2025,18,120.00
24/2/2025,19,120.00
24/2/2025,20,119.40
24/2/2025,21,100.33
24/2/2025,22,87.23
24/2/2025,23,94.06
24/2/2025,24,95.42
25/2/2025,1,74.35
25/2/2025,2,89.16
25/2/2025,3,81.26
25/2/2025,4,82.35
25/2/2025,5,86.45
25/2/2025,6,90.09
25/2/2025,7,123.16
25/2/2025,8,146.91
25/2/2025,9,170.88
25/2/2025,10,154.68
25/2/2025,11,141.50
25/2/2025,12,127.78
25/2/2025,13,125.97
25/2/2025,14,127.61
25/2/2025,15,136.49
25/2/2025,16,150.81
25/2/2025,17,158.69
25/2/2025,18,189.96
25/2/2025,19,216.32
25/2/2025,20,174.62
25/2/2025,21,149.42
25/2/2025,22,137.98
25/2/2025,23,127.44
25/2/2025,24,109.80
26/2/2025,1,123.78
26/2/2025,2,121.07
26/2/2025,3,117.85
26/2/2025,4,117.07
26/2/2025,5,117.62
26/2/2025,6,115.58
26/2/2025,7,144.30
26/2/2025,8,175.00
26/2/2025,9,177.80
26/2/2025,10,159.79
26/2/2025,11,143.14
26/2/2025,12,130.76
26/2/2025,13,120.54
26/2/2025,14,120.65
26/2/2025,15,126.59
26/2/2025,16,130.93
26/2/2025,17,141.79
26/2/2025,18,156.15
26/2/2025,19,162.62
26/2/2025,20,155.00
26/2/2025,21,136.33
26/2/2025,22,107.16
26/2/2025,23,117.43
26/2/2025,24,109.34
27/2/2025,1,97.31
27/2/2025,2,103.81
27/2/2025,3,101.94
27/2/2025,4,100.50
27/2/2025,5,100.94
27/2/2025,6,105.09
27/2/2025,7,126.64
27/2/2025,8,155.00
27/2/2025,9,156.28
27/2/2025,10,140.42
27/2/2025,11,129.19
27/2/2025,12,103.97
27/2/2025,13,103.06
27/2/2025,14,115.06
27/2/2025,15,117.36
27/2/2025,16,133.27
27/2/2025,17,155.00
27/2/2025,18,168.49
27/2/2025,19,171.94
27/2/2025,20,161.29
27/2/2025,21,148.41
27/2/2025,22,136.82
27/2/2025,23,123.12
27/2/2025,24,114.89
28/2/2025,1,114.33
28/2/2025,2,110.54
28/2/2025,3,109.38
28/2/2025,4,107.00
28/2/2025,5,112.32
28/2/2025,6,111.63
28/2/2025,7,132.78
28/2/2025,8,148.20
28/2/2025,9,161.92
28/2/2025,10,146.35
28/2/2025,11,128.50
28/2/2025,12,116.72
28/2/2025,13,109.73
28/2/2025,14,109.04
28/2/2025,15,111.82
28/2/2025,16,125.87
28/2/2025,17,131.65
28/2/2025,18,147.66
28/2/2025,19,151.31
28/2/2025,20,149.37
28/2/2025,21,135.47
28/2/2025,22,128.58
28/2/2025,23,125.88
28/2/2025,24,118.52
1/3/2025,1,128.39
1/3/2025,2,120.52
1/3/2025,3,117.16
1/3/2025,4,112.50
1/3/2025,5,110.00
1/3/2025,6,114.77
1/3/2025,7,120.42
1/3/2025,8,136.23
1/3/2025,9,139.21
1/3/2025,10,138.43
1/3/2025,11,126.03
1/3/2025,12,113.04
1/3/2025,13,102.80
1/3/2025,14,98.25
1/3/2025,15,101.07
1/3/2025,16,111.95
1/3/2025,17,122.91
1/3/2025,18,137.13
1/3/2025,19,148.67
1/3/2025,20,142.21
1/3/2025,21,133.83
1/3/2025,22,127.36
1/3/2025,23,123.65
1/3/2025,24,119.92
2/3/2025,1,123.50
2/3/2025,2,105.19
2/3/2025,3,98.19
2/3/2025,4,90.69
2/3/2025,5,90.74
2/3/2025,6,89.89
2/3/2025,7,88.78
2/3/2025,8,97.19
2/3/2025,9,101.45
2/3/2025,10,89.00
2/3/2025,11,68.30
2/3/2025,12,49.00
2/3/2025,13,27.50
2/3/2025,14,9.16
2/3/2025,15,20.70
2/3/2025,16,57.89
2/3/2025,17,74.34
2/3/2025,18,122.38
2/3/2025,19,140.00
2/3/2025,20,142.71
2/3/2025,21,128.21
2/3/2025,22,114.09
2/3/2025,23,119.82
2/3/2025,24,114.45
3/3/2025,1,119.13
3/3/2025,2,111.96
3/3/2025,3,110.07
3/3/2025,4,105.47
3/3/2025,5,108.85
3/3/2025,6,121.02
3/3/2025,7,139.61
3/3/2025,8,163.00
3/3/2025,9,147.64
3/3/2025,10,107.97
3/3/2025,11,85.50
3/3/2025,12,62.58
3/3/2025,13,21.68
3/3/2025,14,50.54
3/3/2025,15,72.41
3/3/2025,16,86.29
3/3/2025,17,104.29
3/3/2025,18,144.34
3/3/2025,19,170.00
3/3/2025,20,173.67
3/3/2025,21,147.64
3/3/2025,22,119.96
3/3/2025,23,118.77
3/3/2025,24,117.53
4/3/2025,1,130.55
4/3/2025,2,114.53
4/3/2025,3,108.49
4/3/2025,4,109.30
4/3/2025,5,95.71
4/3/2025,6,100.37
4/3/2025,7,133.31
4/3/2025,8,167.75
4/3/2025,9,141.95
4/3/2025,10,115.85
4/3/2025,11,97.28
4/3/2025,12,24.87
4/3/2025,13,36.75
4/3/2025,14,29.72
4/3/2025,15,70.91
4/3/2025,16,79.13
4/3/2025,17,101.38
4/3/2025,18,142.36
4/3/2025,19,169.41
4/3/2025,20,156.59
4/3/2025,21,125.55
4/3/2025,22,104.29
4/3/2025,23,107.28
4/3/2025,24,100.01
5/3/2025,1,78.64
5/3/2025,2,76.16
5/3/2025,3,91.23
5/3/2025,4,86.02
5/3/2025,5,71.84
5/3/2025,6,81.25
5/3/2025,7,108.18
5/3/2025,8,155.00
5/3/2025,9,107.19
5/3/2025,10,73.19
5/3/2025,11,17.91
5/3/2025,12,10.31
5/3/2025,13,5.42
5/3/2025,14,0.78
5/3/2025,15,5.04
5/3/2025,16,68.05
5/3/2025,17,87.86
5/3/2025,18,129.89
5/3/2025,19,135.00
5/3/2025,20,139.41
5/3/2025,21,114.96
5/3/2025,22,98.02
5/3/2025,23,104.22
5/3/2025,24,90.64
6/3/2025,1,78.59
6/3/2025,2,79.99
6/3/2025,3,85.01
6/3/2025,4,85.01
6/3/2025,5,91.77
6/3/2025,6,87.00
6/3/2025,7,135.00
6/3/2025,8,152.32
6/3/2025,9,108.50
6/3/2025,10,80.01
6/3/2025,11,59.91
6/3/2025,12,5.02
6/3/2025,13,0.70
6/3/2025,14,0.32
6/3/2025,15,13.16
6/3/2025,16,72.12
6/3/2025,17,118.80
6/3/2025,18,145.00
6/3/2025,19,153.93
6/3/2025,20,136.74
6/3/2025,21,117.64
6/3/2025,22,101.77
6/3/2025,23,94.57
6/3/2025,24,84.76
7/3/2025,1,87.42
7/3/2025,2,88.14
7/3/2025,3,90.97
7/3/2025,4,91.69
7/3/2025,5,100.57
7/3/2025,6,117.57
7/3/2025,7,146.26
7/3/2025,8,149.54
7/3/2025,9,123.13
7/3/2025,10,83.13
7/3/2025,11,65.48
7/3/2025,12,31.81
7/3/2025,13,12.79
7/3/2025,14,8.03
7/3/2025,15,37.60
7/3/2025,16,92.58
7/3/2025,17,130.50
7/3/2025,18,159.26
7/3/2025,19,216.63
7/3/2025,20,180.77
7/3/2025,21,150.79
7/3/2025,22,135.56
7/3/2025,23,121.41
7/3/2025,24,113.04
8/3/2025,1,125.69
8/3/2025,2,115.29
8/3/2025,3,119.78
8/3/2025,4,118.39
8/3/2025,5,120.23
8/3/2025,6,122.85
8/3/2025,7,129.31
8/3/2025,8,121.40
8/3/2025,9,98.04
8/3/2025,10,72.54
8/3/2025,11,18.05
8/3/2025,12,2.14
8/3/2025,13,0.12
8/3/2025,14,-0.05
8/3/2025,15,0.07
8/3/2025,16,57.70
8/3/2025,17,104.01
8/3/2025,18,149.25
8/3/2025,19,176.09
8/3/2025,20,136.59
8/3/2025,21,111.41
8/3/2025,22,101.02
8/3/2025,23,95.60
8/3/2025,24,97.78
9/3/2025,1,95.38
9/3/2025,2,96.06
9/3/2025,3,96.13
9/3/2025,4,99.31
9/3/2025,5,101.65
9/3/2025,6,104.63
9/3/2025,7,103.48
9/3/2025,8,94.89
9/3/2025,9,66.39
9/3/2025,10,29.27
9/3/2025,11,10.10
9/3/2025,12,0.85
9/3/2025,13,-0.91
9/3/2025,14,-1.25
9/3/2025,15,0.39
9/3/2025,16,17.39
9/3/2025,17,92.30
9/3/2025,18,128.30
9/3/2025,19,135.73
9/3/2025,20,135.49
9/3/2025,21,128.82
9/3/2025,22,121.74
9/3/2025,23,113.06
9/3/2025,24,107.14
10/3/2025,1,97.27
10/3/2025,2,95.59
10/3/2025,3,96.70
10/3/2025,4,96.87
10/3/2025,5,95.85
10/3/2025,6,107.83
10/3/2025,7,149.64
10/3/2025,8,159.75
10/3/2025,9,133.83
10/3/2025,10,98.92
10/3/2025,11,82.86
10/3/2025,12,76.90
10/3/2025,13,76.02
10/3/2025,14,77.32
10/3/2025,15,84.34
10/3/2025,16,98.64
10/3/2025,17,129.32
10/3/2025,18,147.74
10/3/2025,19,176.19
10/3/2025,20,160.00
10/3/2025,21,141.99
10/3/2025,22,127.36
10/3/2025,23,107.24
10/3/2025,24,98.25
11/3/2025,1,105.01
11/3/2025,2,102.47
11/3/2025,3,100.09
11/3/2025,4,101.02
11/3/2025,5,103.45
11/3/2025,6,111.75
11/3/2025,7,146.90
11/3/2025,8,151.76
11/3/2025,9,146.05
11/3/2025,10,127.22
11/3/2025,11,102.00
11/3/2025,12,97.75
11/3/2025,13,96.84
11/3/2025,14,99.04
11/3/2025,15,103.19
11/3/2025,16,113.96
11/3/2025,17,135.39
11/3/2025,18,169.20
11/3/2025,19,201.75
11/3/2025,20,180.05
11/3/2025,21,149.11
11/3/2025,22,133.50
11/3/2025,23,121.90
11/3/2025,24,107.34
12/3/2025,1,101.86
12/3/2025,2,100.33
12/3/2025,3,97.93
12/3/2025,4,97.38
12/3/2025,5,102.47
12/3/2025,6,111.47
12/3/2025,7,142.89
12/3/2025,8,159.18
12/3/2025,9,147.42
12/3/2025,10,125.00
12/3/2025,11,101.42
12/3/2025,12,99.60
12/3/2025,13,98.06
12/3/2025,14,99.65
12/3/2025,15,101.62
12/3/2025,16,118.14
12/3/2025,17,140.00
12/3/2025,18,154.74
12/3/2025,19,194.78
12/3/2025,20,179.35
12/3/2025,21,148.15
12/3/2025,22,132.20
12/3/2025,23,120.00
12/3/2025,24,109.91
13/3/2025,1,108.13
13/3/2025,2,99.46
13/3/2025,3,93.88
13/3/2025,4,92.48
13/3/2025,5,96.34
13/3/2025,6,105.97
13/3/2025,7,133.09
13/3/2025,8,160.65
13/3/2025,9,160.00
13/3/2025,10,150.00
13/3/2025,11,126.40
13/3/2025,12,113.26
13/3/2025,13,111.86
13/3/2025,14,108.18
13/3/2025,15,109.09
13/3/2025,16,110.18
13/3/2025,17,121.78
13/3/2025,18,142.65
13/3/2025,19,166.05
13/3/2025,20,173.47
13/3/2025,21,149.00
13/3/2025,22,135.69
13/3/2025,23,118.45
13/3/2025,24,108.91
14/3/2025,1,109.09
14/3/2025,2,106.00
14/3/2025,3,105.90
14/3/2025,4,103.83
14/3/2025,5,105.30
14/3/2025,6,114.06
14/3/2025,7,143.14
14/3/2025,8,155.32
14/3/2025,9,156.96
14/3/2025,10,133.70
14/3/2025,11,113.62
14/3/2025,12,108.36
14/3/2025,13,106.01
14/3/2025,14,106.01
14/3/2025,15,108.10
14/3/2025,16,109.92
14/3/2025,17,125.85
14/3/2025,18,145.35
14/3/2025,19,154.70
14/3/2025,20,151.13
14/3/2025,21,130.01
14/3/2025,22,111.39
14/3/2025,23,114.00
14/3/2025,24,105.17
15/3/2025,1,112.15
15/3/2025,2,103.14
15/3/2025,3,96.00
15/3/2025,4,89.90
15/3/2025,5,86.90
15/3/2025,6,90.55
15/3/2025,7,97.01
15/3/2025,8,99.42
15/3/2025,9,99.53
15/3/2025,10,87.37
15/3/2025,11,71.14
15/3/2025,12,60.17
15/3/2025,13,57.02
15/3/2025,14,48.00
15/3/2025,15,54.51
15/3/2025,16,71.59
15/3/2025,17,84.65
15/3/2025,18,128.13
15/3/2025,19,139.58
15/3/2025,20,132.96
15/3/2025,21,121.46
15/3/2025,22,108.50
15/3/2025,23,105.02
15/3/2025,24,95.25
16/3/2025,1,90.01
16/3/2025,2,85.79
16/3/2025,3,79.62
16/3/2025,4,78.18
16/3/2025,5,78.60
16/3/2025,6,80.51
16/3/2025,7,85.14
16/3/2025,8,82.07
16/3/2025,9,77.95
16/3/2025,10,77.14
16/3/2025,11,36.86
16/3/2025,12,17.75
16/3/2025,13,9.61
16/3/2025,14,7.22
16/3/2025,15,13.62
16/3/2025,16,31.00
16/3/2025,17,71.48
16/3/2025,18,118.11
16/3/2025,19,131.69
16/3/2025,20,140.00
16/3/2025,21,125.79
16/3/2025,22,108.29
16/3/2025,23,101.41
16/3/2025,24,80.97
17/3/2025,1,80.37
17/3/2025,2,80.95
17/3/2025,3,79.75
17/3/2025,4,80.91
17/3/2025,5,85.85
17/3/2025,6,103.30
17/3/2025,7,135.18
17/3/2025,8,152.87
17/3/2025,9,135.96
17/3/2025,10,107.38
17/3/2025,11,90.62
17/3/2025,12,87.90
17/3/2025,13,64.65
17/3/2025,14,36.35
17/3/2025,15,50.21
17/3/2025,16,70.56
17/3/2025,17,100.22
17/3/2025,18,146.43
17/3/2025,19,176.50
17/3/2025,20,170.00
17/3/2025,21,141.50
17/3/2025,22,119.19
17/3/2025,23,108.11
17/3/2025,24,93.50
18/3/2025,1,92.20
18/3/2025,2,89.99
18/3/2025,3,92.64
18/3/2025,4,89.77
18/3/2025,5,96.35
18/3/2025,6,112.01
18/3/2025,7,140.16
18/3/2025,8,136.68
18/3/2025,9,106.52
18/3/2025,10,74.26
18/3/2025,11,32.93
18/3/2025,12,2.24
18/3/2025,13,3.38
18/3/2025,14,4.28
18/3/2025,15,8.44
18/3/2025,16,63.68
18/3/2025,17,98.36
18/3/2025,18,143.47
18/3/2025,19,171.92
18/3/2025,20,167.11
18/3/2025,21,143.45
18/3/2025,22,123.77
18/3/2025,23,117.17
18/3/2025,24,103.62
19/3/2025,1,108.77
19/3/2025,2,105.01
19/3/2025,3,103.52
19/3/2025,4,102.61
19/3/2025,5,107.33
19/3/2025,6,124.46
19/3/2025,7,160.27
19/3/2025,8,148.08
19/3/2025,9,108.95
19/3/2025,10,45.90
19/3/2025,11,34.23
19/3/2025,12,2.48
19/3/2025,13,1.42
19/3/2025,14,2.18
19/3/2025,15,5.60
19/3/2025,16,66.88
19/3/2025,17,112.16
19/3/2025,18,156.99
19/3/2025,19,250.73
19/3/2025,20,220.41
19/3/2025,21,176.68
19/3/2025,22,141.18
19/3/2025,23,126.84
19/3/2025,24,112.23
20/3/2025,1,119.77
20/3/2025,2,104.88
20/3/2025,3,101.26
20/3/2025,4,102.34
20/3/2025,5,106.05
20/3/2025,6,122.29
20/3/2025,7,148.32
20/3/2025,8,142.04
20/3/2025,9,100.27
20/3/2025,10,79.23
20/3/2025,11,38.56
20/3/2025,12,3.42
20/3/2025,13,0.43
20/3/2025,14,0.65
20/3/2025,15,16.83
20/3/2025,16,80.13
20/3/2025,17,121.72
20/3/2025,18,157.59
20/3/2025,19,278.23
20/3/2025,20,250.30
20/3/2025,21,161.79
20/3/2025,22,138.78
20/3/2025,23,128.17
20/3/2025,24,120.61
21/3/2025,1,127.07
21/3/2025,2,117.53
21/3/2025,3,114.42
21/3/2025,4,108.26
21/3/2025,5,112.54
21/3/2025,6,131.38
21/3/2025,7,162.72
21/3/2025,8,148.80
21/3/2025,9,111.39
21/3/2025,10,74.75
21/3/2025,11,43.62
21/3/2025,12,7.37
21/3/2025,13,1.26
21/3/2025,14,0.09
21/3/2025,15,3.73
21/3/2025,16,64.19
21/3/2025,17,122.15
21/3/2025,18,137.10
21/3/2025,19,150.00
21/3/2025,20,190.00
21/3/2025,21,177.00
21/3/2025,22,100.00
21/3/2025,23,100.00
21/3/2025,24,95.00
22/3/2025,1,90.00
22/3/2025,2,94.10
22/3/2025,3,94.10
22/3/2025,4,99.93
22/3/2025,5,100.00
22/3/2025,6,103.15
22/3/2025,7,90.00
22/3/2025,8,69.75
22/3/2025,9,43.24
22/3/2025,10,33.70
22/3/2025,11,13.24
22/3/2025,12,11.81
22/3/2025,13,17.64
22/3/2025,14,27.61
22/3/2025,15,42.51
22/3/2025,16,70.00
22/3/2025,17,75.80
22/3/2025,18,118.97
22/3/2025,19,159.80
22/3/2025,20,157.46
22/3/2025,21,147.10
22/3/2025,22,84.14
22/3/2025,23,77.04
22/3/2025,24,65.04
23/3/2025,1,32.68
23/3/2025,2,35.14
23/3/2025,3,43.85
23/3/2025,4,42.35
23/3/2025,5,42.39
23/3/2025,6,42.14
23/3/2025,7,44.71
23/3/2025,8,36.24
23/3/2025,9,27.91
23/3/2025,10,23.25
23/3/2025,11,13.78
23/3/2025,12,9.60
23/3/2025,13,13.49
23/3/2025,14,5.01
23/3/2025,15,11.46
23/3/2025,16,42.78
23/3/2025,17,86.51
23/3/2025,18,126.61
23/3/2025,19,142.00
23/3/2025,20,143.02
23/3/2025,21,141.47
23/3/2025,22,130.65
23/3/2025,23,126.32
23/3/2025,24,114.24
24/3/2025,1,111.25
24/3/2025,2,107.14
24/3/2025,3,101.80
24/3/2025,4,98.77
24/3/2025,5,101.77
24/3/2025,6,119.72
24/3/2025,7,141.87
24/3/2025,8,164.45
24/3/2025,9,162.19
24/3/2025,10,135.43
24/3/2025,11,111.32
24/3/2025,12,108.50
24/3/2025,13,102.79
24/3/2025,14,104.17
24/3/2025,15,111.10
24/3/2025,16,119.70
24/3/2025,17,132.69
24/3/2025,18,155.06
24/3/2025,19,213.73
24/3/2025,20,193.29
24/3/2025,21,161.93
24/3/2025,22,138.95
24/3/2025,23,125.58
24/3/2025,24,115.16
25/3/2025,1,102.54
25/3/2025,2,102.02
25/3/2025,3,100.38
25/3/2025,4,103.72
25/3/2025,5,103.19
25/3/2025,6,108.48
25/3/2025,7,137.76
25/3/2025,8,142.87
25/3/2025,9,138.87
25/3/2025,10,114.85
25/3/2025,11,109.00
25/3/2025,12,103.71
25/3/2025,13,93.50
25/3/2025,14,94.53
25/3/2025,15,100.01
25/3/2025,16,100.01
25/3/2025,17,110.80
25/3/2025,18,143.56
25/3/2025,19,174.98
25/3/2025,20,172.26
25/3/2025,21,148.60
25/3/2025,22,122.35
25/3/2025,23,116.87
25/3/2025,24,102.05
26/3/2025,1,101.02
26/3/2025,2,98.25
26/3/2025,3,97.78
26/3/2025,4,97.52
26/3/2025,5,96.03
26/3/2025,6,101.06
26/3/2025,7,129.40
26/3/2025,8,142.88
26/3/2025,9,137.46
26/3/2025,10,111.86
26/3/2025,11,100.00
26/3/2025,12,96.64
26/3/2025,13,94.94
26/3/2025,14,84.72
26/3/2025,15,93.50
26/3/2025,16,99.43
26/3/2025,17,111.16
26/3/2025,18,136.34
26/3/2025,19,163.91
26/3/2025,20,169.94
26/3/2025,21,154.77
26/3/2025,22,130.25
26/3/2025,23,121.35
26/3/2025,24,109.11
27/3/2025,1,104.93
27/3/2025,2,99.04
27/3/2025,3,97.80
27/3/2025,4,98.85
27/3/2025,5,97.43
27/3/2025,6,105.11
27/3/2025,7,130.60
27/3/2025,8,140.15
27/3/2025,9,123.50
27/3/2025,10,89.92
27/3/2025,11,78.92
27/3/2025,12,45.58
27/3/2025,13,32.04
27/3/2025,14,14.80
27/3/2025,15,46.30
27/3/2025,16,77.86
27/3/2025,17,96.71
27/3/2025,18,130.06
27/3/2025,19,160.00
27/3/2025,20,171.79
27/3/2025,21,141.87
27/3/2025,22,124.68
27/3/2025,23,113.35
27/3/2025,24,100.96
28/3/2025,1,90.74
28/3/2025,2,79.40
28/3/2025,3,79.02
28/3/2025,4,79.38
28/3/2025,5,79.93
28/3/2025,6,106.94
28/3/2025,7,129.40
28/3/2025,8,122.20
28/3/2025,9,102.08
28/3/2025,10,77.75
28/3/2025,11,60.60
28/3/2025,12,34.00
28/3/2025,13,35.37
28/3/2025,14,40.32
28/3/2025,15,62.46
28/3/2025,16,75.98
28/3/2025,17,105.00
28/3/2025,18,132.77
28/3/2025,19,166.87
28/3/2025,20,166.38
28/3/2025,21,149.33
28/3/2025,22,126.25
28/3/2025,23,118.04
28/3/2025,24,110.00
29/3/2025,1,115.44
29/3/2025,2,105.36
29/3/2025,3,97.93
29/3/2025,4,97.71
29/3/2025,5,97.75
29/3/2025,6,93.74
29/3/2025,7,99.20
29/3/2025,8,99.81
29/3/2025,9,96.13
29/3/2025,10,80.27
29/3/2025,11,101.50
29/3/2025,12,98.68
29/3/2025,13,95.42
29/3/2025,14,51.42
29/3/2025,15,50.38
29/3/2025,16,68.42
29/3/2025,17,76.25
29/3/2025,18,102.14
29/3/2025,19,148.13
29/3/2025,20,154.14
29/3/2025,21,127.06
29/3/2025,22,101.09
29/3/2025,23,83.21
29/3/2025,24,68.77
30/3/2025,1,46.26
30/3/2025,2,15.89
30/3/2025,3,5.09
30/3/2025,4,1.20
30/3/2025,5,0.09
30/3/2025,6,0.89
30/3/2025,7,0.95
30/3/2025,8,1.39
30/3/2025,9,0.08
30/3/2025,10,-2.47
30/3/2025,11,-8.16
30/3/2025,12,-17.10
30/3/2025,13,-24.50
30/3/2025,14,-24.94
30/3/2025,15,-12.61
30/3/2025,16,-4.04
30/3/2025,17,5.14
30/3/2025,18,65.07
30/3/2025,19,93.23
30/3/2025,20,95.13
30/3/2025,21,85.69
30/3/2025,22,81.97
30/3/2025,23,57.17
31/3/2025,1,71.58
31/3/2025,2,64.89
31/3/2025,3,65.26
31/3/2025,4,68.65
31/3/2025,5,70.90
31/3/2025,6,94.42
31/3/2025,7,125.84
31/3/2025,8,169.50
31/3/2025,9,176.15
31/3/2025,10,135.51
31/3/2025,11,112.24
31/3/2025,12,102.19
31/3/2025,13,90.43
31/3/2025,14,84.31
31/3/2025,15,75.01
31/3/2025,16,72.83
31/3/2025,17,80.68
31/3/2025,18,106.15
31/3/2025,19,136.55
31/3/2025,20,193.78
31/3/2025,21,177.12
31/3/2025,22,135.68
31/3/2025,23,115.62
31/3/2025,24,102.34
1/4/2025,1,102.04
1/4/2025,2,95.83
1/4/2025,3,93.80
1/4/2025,4,94.79
1/4/2025,5,92.60
1/4/2025,6,102.04
1/4/2025,7,131.25
1/4/2025,8,178.53
1/4/2025,9,159.37
1/4/2025,10,109.28
1/4/2025,11,87.69
1/4/2025,12,73.78
1/4/2025,13,61.16
1/4/2025,14,25.46
1/4/2025,15,28.64
1/4/2025,16,41.86
1/4/2025,17,77.51
1/4/2025,18,87.79
1/4/2025,19,126.85
1/4/2025,20,161.74
1/4/2025,21,140.40
1/4/2025,22,113.10
1/4/2025,23,96.67
1/4/2025,24,80.29
2/4/2025,1,69.27
2/4/2025,2,68.67
2/4/2025,3,68.58
2/4/2025,4,70.01
2/4/2025,5,71.02
2/4/2025,6,84.43
2/4/2025,7,117.50
2/4/2025,8,152.77
2/4/2025,9,125.47
2/4/2025,10,85.45
2/4/2025,11,61.22
2/4/2025,12,39.44
2/4/2025,13,31.11
2/4/2025,14,19.09
2/4/2025,15,17.03
2/4/2025,16,28.63
2/4/2025,17,68.17
2/4/2025,18,68.49
2/4/2025,19,105.00
2/4/2025,20,141.27
2/4/2025,21,127.01
2/4/2025,22,103.68
2/4/2025,23,85.81
2/4/2025,24,73.64
3/4/2025,1,68.47
3/4/2025,2,69.66
3/4/2025,3,68.55
3/4/2025,4,70.40
3/4/2025,5,73.84
3/4/2025,6,95.81
3/4/2025,7,134.77
3/4/2025,8,165.00
3/4/2025,9,133.30
3/4/2025,10,79.11
3/4/2025,11,41.00
3/4/2025,12,0.19
3/4/2025,13,-0.95
3/4/2025,14,-7.15
3/4/2025,15,-5.04
3/4/2025,16,1.15
3/4/2025,17,25.91
3/4/2025,18,79.02
3/4/2025,19,141.28
3/4/2025,20,184.01
3/4/2025,21,174.44
3/4/2025,22,139.91
3/4/2025,23,114.52
3/4/2025,24,105.62
4/4/2025,1,110.00
4/4/2025,2,104.92
4/4/2025,3,105.10
4/4/2025,4,105.33
4/4/2025,5,108.46
4/4/2025,6,114.30
4/4/2025,7,154.79
4/4/2025,8,182.25
4/4/2025,9,140.78
4/4/2025,10,96.23
4/4/2025,11,65.17
4/4/2025,12,7.82
4/4/2025,13,0.00
4/4/2025,14,-1.13
4/4/2025,15,-1.07
4/4/2025,16,-0.05
4/4/2025,17,31.05
4/4/2025,18,79.84
4/4/2025,19,128.71
4/4/2025,20,172.61
4/4/2025,21,159.72
4/4/2025,22,120.30
4/4/2025,23,103.31
4/4/2025,24,96.97
5/4/2025,1,109.19
5/4/2025,2,102.92
5/4/2025,3,99.91
5/4/2025,4,100.48
5/4/2025,5,99.46
5/4/2025,6,98.29
5/4/2025,7,103.63
5/4/2025,8,107.23
5/4/2025,9,100.41
5/4/2025,10,57.45
5/4/2025,11,0.66
5/4/2025,12,-0.85
5/4/2025,13,-21.04
5/4/2025,14,-47.34
5/4/2025,15,-49.39
5/4/2025,16,-29.98
5/4/2025,17,-3.31
5/4/2025,18,5.16
5/4/2025,19,72.68
5/4/2025,20,95.83
5/4/2025,21,89.00
5/4/2025,22,78.93
5/4/2025,23,78.99
5/4/2025,24,68.75
6/4/2025,1,70.45
6/4/2025,2,61.66
6/4/2025,3,63.51
6/4/2025,4,69.45
6/4/2025,5,71.21
6/4/2025,6,78.88
6/4/2025,7,78.18
6/4/2025,8,79.73
6/4/2025,9,42.41
6/4/2025,10,0.10
6/4/2025,11,-2.02
6/4/2025,12,-27.76
6/4/2025,13,-60.40
6/4/2025,14,-104.76
6/4/2025,15,-109.67
6/4/2025,16,-66.68
6/4/2025,17,-17.81
6/4/2025,18,11.14
6/4/2025,19,118.37
6/4/2025,20,136.10
6/4/2025,21,135.48
6/4/2025,22,123.12
6/4/2025,23,113.13
6/4/2025,24,101.14
7/4/2025,1,88.35
7/4/2025,2,86.84
7/4/2025,3,83.37
7/4/2025,4,85.41
7/4/2025,5,87.18
7/4/2025,6,100.46
7/4/2025,7,132.06
7/4/2025,8,176.44
7/4/2025,9,144.50
7/4/2025,10,108.02
7/4/2025,11,84.23
7/4/2025,12,64.57
7/4/2025,13,27.99
7/4/2025,14,23.89
7/4/2025,15,30.00
7/4/2025,16,65.29
7/4/2025,17,83.54
7/4/2025,18,105.14
7/4/2025,19,131.70
7/4/2025,20,173.84
7/4/2025,21,164.32
7/4/2025,22,137.80
7/4/2025,23,116.32
7/4/2025,24,102.52
8/4/2025,1,94.89
8/4/2025,2,88.85
8/4/2025,3,90.16
8/4/2025,4,91.48
8/4/2025,5,93.25
8/4/2025,6,108.74
8/4/2025,7,146.31
8/4/2025,8,180.55
8/4/2025,9,136.77
8/4/2025,10,91.31
8/4/2025,11,81.16
8/4/2025,12,81.04
8/4/2025,13,50.08
8/4/2025,14,47.90
8/4/2025,15,59.10
8/4/2025,16,65.55
8/4/2025,17,78.47
8/4/2025,18,92.00
8/4/2025,19,115.00
8/4/2025,20,173.66
8/4/2025,21,174.75
8/4/2025,22,140.84
8/4/2025,23,122.64
8/4/2025,24,107.28
9/4/2025,1,108.64
9/4/2025,2,99.74
9/4/2025,3,97.29
9/4/2025,4,97.64
9/4/2025,5,98.63
9/4/2025,6,114.12
9/4/2025,7,158.07
9/4/2025,8,175.56
9/4/2025,9,131.56
9/4/2025,10,100.44
9/4/2025,11,84.16
9/4/2025,12,66.16
9/4/2025,13,15.48
9/4/2025,14,11.03
9/4/2025,15,26.56
9/4/2025,16,48.59
9/4/2025,17,72.36
9/4/2025,18,89.44
9/4/2025,19,102.39
9/4/2025,20,125.00
9/4/2025,21,130.89
9/4/2025,22,105.00
9/4/2025,23,98.55
9/4/2025,24,100.49
10/4/2025,1,94.84
10/4/2025,2,92.22
10/4/2025,3,91.47
10/4/2025,4,90.69
10/4/2025,5,93.35
10/4/2025,6,101.32
10/4/2025,7,137.63
10/4/2025,8,174.11
10/4/2025,9,136.88
10/4/2025,10,103.38
10/4/2025,11,87.12
10/4/2025,12,68.25
10/4/2025,13,39.09
10/4/2025,14,2.49
10/4/2025,15,0.08
10/4/2025,16,2.22
10/4/2025,17,64.43
10/4/2025,18,72.67
10/4/2025,19,105.23
10/4/2025,20,153.82
10/4/2025,21,157.98
10/4/2025,22,101.14
10/4/2025,23,85.74
10/4/2025,24,83.58
11/4/2025,1,74.31
11/4/2025,2,70.36
11/4/2025,3,64.32
11/4/2025,4,64.99
11/4/2025,5,67.44
11/4/2025,6,88.93
11/4/2025,7,114.00
11/4/2025,8,111.57
11/4/2025,9,90.00
11/4/2025,10,61.39
11/4/2025,11,13.78
11/4/2025,12,0.22
11/4/2025,13,-1.39
11/4/2025,14,-5.06
11/4/2025,15,-4.33
11/4/2025,16,-0.10
11/4/2025,17,15.07
11/4/2025,18,65.62
11/4/2025,19,115.85
11/4/2025,20,140.11
11/4/2025,21,161.49
11/4/2025,22,135.22
11/4/2025,23,123.11
11/4/2025,24,108.14
12/4/2025,1,109.28
12/4/2025,2,105.89
12/4/2025,3,102.31
12/4/2025,4,99.94
12/4/2025,5,100.80
12/4/2025,6,100.77
12/4/2025,7,105.85
12/4/2025,8,101.16
12/4/2025,9,96.91
12/4/2025,10,68.05
12/4/2025,11,20.19
12/4/2025,12,0.00
12/4/2025,13,-8.45
12/4/2025,14,-34.11
12/4/2025,15,-36.54
12/4/2025,16,-14.41
12/4/2025,17,-0.19
12/4/2025,18,61.75
12/4/2025,19,112.99
12/4/2025,20,151.66
12/4/2025,21,139.90
12/4/2025,22,99.59
12/4/2025,23,78.00
12/4/2025,24,45.94
13/4/2025,1,53.65
13/4/2025,2,44.72
13/4/2025,3,41.89
13/4/2025,4,41.54
13/4/2025,5,31.80
13/4/2025,6,33.00
13/4/2025,7,35.93
13/4/2025,8,27.75
13/4/2025,9,13.15
13/4/2025,10,8.43
13/4/2025,11,0.00
13/4/2025,12,-0.02
13/4/2025,13,-3.32
13/4/2025,14,-18.84
13/4/2025,15,-25.38
13/4/2025,16,-9.93
13/4/2025,17,-0.01
13/4/2025,18,20.31
13/4/2025,19,100.00
13/4/2025,20,123.71
13/4/2025,21,120.00
13/4/2025,22,109.00
13/4/2025,23,104.94
13/4/2025,24,96.64
14/4/2025,1,89.92
14/4/2025,2,84.78
14/4/2025,3,84.10
14/4/2025,4,84.37
14/4/2025,5,86.90
14/4/2025,6,99.45
14/4/2025,7,125.00
14/4/2025,8,152.11
14/4/2025,9,144.03
14/4/2025,10,107.54
14/4/2025,11,95.55
14/4/2025,12,76.31
14/4/2025,13,60.49
14/4/2025,14,61.64
14/4/2025,15,66.22
14/4/2025,16,75.80
14/4/2025,17,84.60
14/4/2025,18,99.00
14/4/2025,19,124.29
14/4/2025,20,185.27
14/4/2025,21,158.68
14/4/2025,22,106.12
14/4/2025,23,83.42
14/4/2025,24,79.36
15/4/2025,1,77.96
15/4/2025,2,76.79
15/4/2025,3,70.01
15/4/2025,4,67.27
15/4/2025,5,69.42
15/4/2025,6,75.27
15/4/2025,7,85.46
15/4/2025,8,95.00
15/4/2025,9,100.00
15/4/2025,10,95.00
15/4/2025,11,70.41
15/4/2025,12,92.74
15/4/2025,13,91.28
15/4/2025,14,90.01
15/4/2025,15,80.01
15/4/2025,16,75.01
15/4/2025,17,69.89
15/4/2025,18,86.57
15/4/2025,19,108.76
15/4/2025,20,137.32
15/4/2025,21,145.94
15/4/2025,22,113.58
15/4/2025,23,105.80
15/4/2025,24,97.20
16/4/2025,1,89.32
16/4/2025,2,83.81
16/4/2025,3,84.44
16/4/2025,4,84.93
16/4/2025,5,88.01
16/4/2025,6,103.34
16/4/2025,7,124.04
16/4/2025,8,135.68
16/4/2025,9,109.94
16/4/2025,10,82.49
16/4/2025,11,59.41
16/4/2025,12,37.67
16/4/2025,13,19.62
16/4/2025,14,12.15
16/4/2025,15,13.10
16/4/2025,16,31.90
16/4/2025,17,65.62
16/4/2025,18,94.94
16/4/2025,19,118.39
16/4/2025,20,157.87
16/4/2025,21,154.65
16/4/2025,22,121.83
16/4/2025,23,109.97
16/4/2025,24,98.59
17/4/2025,1,90.44
17/4/2025,2,85.33
17/4/2025,3,83.48
17/4/2025,4,82.34
17/4/2025,5,83.84
17/4/2025,6,90.43
17/4/2025,7,109.60
17/4/2025,8,123.17
17/4/2025,9,124.43
17/4/2025,10,90.00
17/4/2025,11,61.14
17/4/2025,12,45.95
17/4/2025,13,43.00
17/4/2025,14,40.84
17/4/2025,15,36.53
17/4/2025,16,74.14
17/4/2025,17,87.15
17/4/2025,18,100.00
17/4/2025,19,114.39
17/4/2025,20,131.02
17/4/2025,21,124.30
17/4/2025,22,114.17
17/4/2025,23,98.90
17/4/2025,24,96.72
18/4/2025,1,90.26
18/4/2025,2,81.14
18/4/2025,3,78.44
18/4/2025,4,77.73
18/4/2025,5,77.60
18/4/2025,6,77.40
18/4/2025,7,80.00
18/4/2025,8,86.52
18/4/2025,9,88.46
18/4/2025,10,89.00
18/4/2025,11,88.96
18/4/2025,12,86.31
18/4/2025,13,77.82
18/4/2025,14,67.28
18/4/2025,15,65.05
18/4/2025,16,67.51
18/4/2025,17,77.77
18/4/2025,18,91.86
18/4/2025,19,106.14
18/4/2025,20,126.23
18/4/2025,21,133.75
18/4/2025,22,118.80
18/4/2025,23,108.83
18/4/2025,24,101.95
19/4/2025,1,91.61
19/4/2025,2,81.89
19/4/2025,3,86.40
19/4/2025,4,84.44
19/4/2025,5,86.95
19/4/2025,6,92.98
19/4/2025,7,97.71
19/4/2025,8,94.12
19/4/2025,9,82.13
19/4/2025,10,59.90
19/4/2025,11,19.40
19/4/2025,12,4.54
19/4/2025,13,0.00
19/4/2025,14,-2.72
19/4/2025,15,-6.57
19/4/2025,16,-0.78
19/4/2025,17,0.20
19/4/2025,18,66.51
19/4/2025,19,105.94
19/4/2025,20,130.84
19/4/2025,21,149.10
19/4/2025,22,130.44
19/4/2025,23,111.58
19/4/2025,24,99.44
20/4/2025,1,101.48
20/4/2025,2,96.74
20/4/2025,3,97.58
20/4/2025,4,98.30
20/4/2025,5,98.66
20/4/2025,6,103.07
20/4/2025,7,103.50
20/4/2025,8,86.91
20/4/2025,9,63.70
20/4/2025,10,5.80
20/4/2025,11,-0.69
20/4/2025,12,-30.50
20/4/2025,13,-80.69
20/4/2025,14,-84.89
20/4/2025,15,-54.65
20/4/2025,16,-7.53
20/4/2025,17,0.00
20/4/2025,18,68.65
20/4/2025,19,107.04
20/4/2025,20,116.77
20/4/2025,21,142.51
20/4/2025,22,133.91
20/4/2025,23,121.69
20/4/2025,24,110.95
21/4/2025,1,107.96
21/4/2025,2,98.59
21/4/2025,3,95.84
21/4/2025,4,95.98
21/4/2025,5,98.32
21/4/2025,6,98.32
21/4/2025,7,95.72
21/4/2025,8,89.98
21/4/2025,9,79.86
21/4/2025,10,55.56
21/4/2025,11,18.77
21/4/2025,12,9.09
21/4/2025,13,-14.57
21/4/2025,14,-22.49
21/4/2025,15,-0.94
21/4/2025,16,9.53
21/4/2025,17,47.56
21/4/2025,18,84.28
21/4/2025,19,101.20
21/4/2025,20,121.53
21/4/2025,21,139.09
21/4/2025,22,132.10
21/4/2025,23,122.77
21/4/2025,24,106.49
22/4/2025,1,96.63
22/4/2025,2,89.22
22/4/2025,3,87.89
22/4/2025,4,85.33
22/4/2025,5,85.04
22/4/2025,6,98.71
22/4/2025,7,122.53
22/4/2025,8,151.54
22/4/2025,9,140.71
22/4/2025,10,104.45
22/4/2025,11,93.40
22/4/2025,12,83.43
22/4/2025,13,77.19
22/4/2025,14,66.99
22/4/2025,15,71.71
22/4/2025,16,78.64
22/4/2025,17,83.86
22/4/2025,18,101.60
22/4/2025,19,132.36
22/4/2025,20,206.14
22/4/2025,21,259.37
22/4/2025,22,155.90
22/4/2025,23,123.21
22/4/2025,24,111.54
23/4/2025,1,108.66
23/4/2025,2,101.10
23/4/2025,3,99.09
23/4/2025,4,99.12
23/4/2025,5,103.52
23/4/2025,6,111.92
23/4/2025,7,137.55
23/4/2025,8,144.70
23/4/2025,9,123.52
23/4/2025,10,99.89
23/4/2025,11,87.72
23/4/2025,12,88.53
23/4/2025,13,79.59
23/4/2025,14,79.56
23/4/2025,15,86.67
23/4/2025,16,94.26
23/4/2025,17,100.74
23/4/2025,18,109.96
23/4/2025,19,133.14
23/4/2025,20,163.36
23/4/2025,21,169.27
23/4/2025,22,126.80
23/4/2025,23,108.41
23/4/2025,24,97.88
24/4/2025,1,94.72
24/4/2025,2,89.22
24/4/2025,3,87.51
24/4/2025,4,86.32
24/4/2025,5,85.57
24/4/2025,6,92.15
24/4/2025,7,110.82
24/4/2025,8,119.21
24/4/2025,9,117.72
24/4/2025,10,105.07
24/4/2025,11,94.79
24/4/2025,12,89.40
24/4/2025,13,80.72
24/4/2025,14,77.31
24/4/2025,15,78.01
24/4/2025,16,80.04
24/4/2025,17,85.24
24/4/2025,18,97.38
24/4/2025,19,103.94
24/4/2025,20,116.68
24/4/2025,21,121.61
24/4/2025,22,114.48
24/4/2025,23,106.53
24/4/2025,24,93.10
25/4/2025,1,92.38
25/4/2025,2,83.68
25/4/2025,3,82.73
25/4/2025,4,84.31
25/4/2025,5,85.77
25/4/2025,6,95.88
25/4/2025,7,105.04
25/4/2025,8,113.39
25/4/2025,9,108.65
25/4/2025,10,94.86
25/4/2025,11,86.57
25/4/2025,12,74.23
25/4/2025,13,67.93
25/4/2025,14,49.40
25/4/2025,15,42.59
25/4/2025,16,62.77
25/4/2025,17,77.05
25/4/2025,18,85.06
25/4/2025,19,100.08
25/4/2025,20,116.33
25/4/2025,21,123.39
25/4/2025,22,109.63
25/4/2025,23,100.37
25/4/2025,24,92.09
26/4/2025,1,101.25
26/4/2025,2,92.79
26/4/2025,3,91.74
26/4/2025,4,90.30
26/4/2025,5,89.64
26/4/2025,6,91.40
26/4/2025,7,93.54
26/4/2025,8,86.45
26/4/2025,9,71.06
26/4/2025,10,34.45
26/4/2025,11,2.55
26/4/2025,12,-0.01
26/4/2025,13,-5.87
26/4/2025,14,-12.51
26/4/2025,15,-9.86
26/4/2025,16,-2.00
26/4/2025,17,-0.01
26/4/2025,18,30.99
26/4/2025,19,79.17
26/4/2025,20,100.00
26/4/2025,21,107.86
26/4/2025,22,96.21
26/4/2025,23,85.80
26/4/2025,24,73.21
27/4/2025,1,69.11
27/4/2025,2,62.60
27/4/2025,3,58.39
27/4/2025,4,59.28
27/4/2025,5,63.53
27/4/2025,6,68.24
27/4/2025,7,67.96
27/4/2025,8,63.08
27/4/2025,9,35.01
27/4/2025,10,0.04
27/4/2025,11,-3.00
27/4/2025,12,-32.41
27/4/2025,13,-94.90
27/4/2025,14,-123.00
27/4/2025,15,-113.50
27/4/2025,16,-50.50
27/4/2025,17,-5.17
27/4/2025,18,18.35
27/4/2025,19,92.74
27/4/2025,20,110.72
27/4/2025,21,124.48
27/4/2025,22,109.04
27/4/2025,23,99.00
27/4/2025,24,93.85
28/4/2025,1,92.84
28/4/2025,2,87.19
28/4/2025,3,83.31
28/4/2025,4,86.00
28/4/2025,5,91.62
28/4/2025,6,100.01
28/4/2025,7,139.94
28/4/2025,8,131.09
28/4/2025,9,95.79
28/4/2025,10,67.37
28/4/2025,11,9.79
28/4/2025,12,-0.01
28/4/2025,13,-3.67
28/4/2025,14,-5.90
28/4/2025,15,-6.18
28/4/2025,16,-1.54
28/4/2025,17,2.04
28/4/2025,18,72.36
28/4/2025,19,104.34
28/4/2025,20,152.34
28/4/2025,21,196.91
28/4/2025,22,129.07
28/4/2025,23,106.24
28/4/2025,24,96.85
29/4/2025,1,91.27
29/4/2025,2,87.45
29/4/2025,3,82.41
29/4/2025,4,79.94
29/4/2025,5,80.88
29/4/2025,6,91.19
29/4/2025,7,107.09
29/4/2025,8,113.13
29/4/2025,9,94.58
29/4/2025,10,67.90
29/4/2025,11,5.81
29/4/2025,12,0.00
29/4/2025,13,-0.76
29/4/2025,14,-1.90
29/4/2025,15,-1.69
29/4/2025,16,-0.01
29/4/2025,17,14.81
29/4/2025,18,77.49
29/4/2025,19,101.74
29/4/2025,20,139.83
29/4/2025,21,178.26
29/4/2025,22,130.00
29/4/2025,23,109.31
29/4/2025,24,98.19
30/4/2025,1,95.00
30/4/2025,2,90.03
30/4/2025,3,88.19
30/4/2025,4,88.76
30/4/2025,5,92.14
30/4/2025,6,96.36
30/4/2025,7,115.21
30/4/2025,8,120.29
30/4/2025,9,95.59
30/4/2025,10,72.05
30/4/2025,11,7.08
30/4/2025,12,0.00
30/4/2025,13,-1.00
30/4/2025,14,-6.21
30/4/2025,15,-3.00
30/4/2025,16,-0.02
30/4/2025,17,19.91
30/4/2025,18,79.17
30/4/2025,19,102.79
30/4/2025,20,132.19
30/4/2025,21,176.80
30/4/2025,22,127.99
30/4/2025,23,108.47
30/4/2025,24,99.08
1/5/2025,1,98.18
1/5/2025,2,92.44
1/5/2025,3,91.01
1/5/2025,4,91.24
1/5/2025,5,91.18
1/5/2025,6,84.68
1/5/2025,7,83.52
1/5/2025,8,76.04
1/5/2025,9,58.70
1/5/2025,10,0.00
1/5/2025,11,-3.00
1/5/2025,12,-40.10
1/5/2025,13,-81.56
1/5/2025,14,-128.47
1/5/2025,15,-118.34
1/5/2025,16,-49.99
1/5/2025,17,-5.17
1/5/2025,18,39.86
1/5/2025,19,96.49
1/5/2025,20,129.91
1/5/2025,21,164.23
1/5/2025,22,121.97
1/5/2025,23,100.28
1/5/2025,24,86.68
2/5/2025,1,89.09
2/5/2025,2,74.70
2/5/2025,3,64.50
2/5/2025,4,62.85
2/5/2025,5,65.88
2/5/2025,6,75.12
2/5/2025,7,86.99
2/5/2025,8,85.70
2/5/2025,9,75.53
2/5/2025,10,33.29
2/5/2025,11,0.85
2/5/2025,12,-0.01
2/5/2025,13,-0.80
2/5/2025,14,-3.00
2/5/2025,15,-4.00
2/5/2025,16,-0.08
2/5/2025,17,0.30
2/5/2025,18,68.54
2/5/2025,19,100.92
2/5/2025,20,119.84
2/5/2025,21,151.50
2/5/2025,22,121.99
2/5/2025,23,107.54
2/5/2025,24,97.28
3/5/2025,1,98.28
3/5/2025,2,93.84
3/5/2025,3,92.68
3/5/2025,4,92.21
3/5/2025,5,91.19
3/5/2025,6,91.72
3/5/2025,7,92.07
3/5/2025,8,87.00
3/5/2025,9,70.98
3/5/2025,10,13.53
3/5/2025,11,0.01
3/5/2025,12,-0.01
3/5/2025,13,-1.16
3/5/2025,14,-3.04
3/5/2025,15,-2.69
3/5/2025,16,-0.03
3/5/2025,17,0.00
3/5/2025,18,29.09
3/5/2025,19,67.40
3/5/2025,20,75.71
3/5/2025,21,87.88
3/5/2025,22,85.02
3/5/2025,23,78.71
3/5/2025,24,66.80
4/5/2025,1,60.83
4/5/2025,2,45.35
4/5/2025,3,31.65
4/5/2025,4,20.43
4/5/2025,5,20.14
4/5/2025,6,15.58
4/5/2025,7,13.62
4/5/2025,8,7.83
4/5/2025,9,2.93
4/5/2025,10,0.00
4/5/2025,11,-0.01
4/5/2025,12,-0.01
4/5/2025,13,-0.02
4/5/2025,14,-2.00
4/5/2025,15,-5.01
4/5/2025,16,-1.59
4/5/2025,17,-0.01
4/5/2025,18,10.28
4/5/2025,19,81.56
4/5/2025,20,97.26
4/5/2025,21,109.52
4/5/2025,22,110.32
4/5/2025,23,101.26
4/5/2025,24,88.32
5/5/2025,1,72.81
5/5/2025,2,70.95
5/5/2025,3,69.49
5/5/2025,4,72.07
5/5/2025,5,72.92
5/5/2025,6,89.42
5/5/2025,7,109.29
5/5/2025,8,124.51
5/5/2025,9,108.86
5/5/2025,10,93.59
5/5/2025,11,91.92
5/5/2025,12,74.17
5/5/2025,13,62.97
5/5/2025,14,59.93
5/5/2025,15,58.89
5/5/2025,16,70.26
5/5/2025,17,84.06
5/5/2025,18,92.46
5/5/2025,19,102.90
5/5/2025,20,134.10
5/5/2025,21,170.66
5/5/2025,22,124.40
5/5/2025,23,106.23
5/5/2025,24,96.34
6/5/2025,1,87.55
6/5/2025,2,81.22
6/5/2025,3,79.58
6/5/2025,4,78.27
6/5/2025,5,82.59
6/5/2025,6,97.42
6/5/2025,7,114.58
6/5/2025,8,120.78
6/5/2025,9,109.39
6/5/2025,10,85.85
6/5/2025,11,80.88
6/5/2025,12,70.25
6/5/2025,13,55.89
6/5/2025,14,53.26
6/5/2025,15,57.16
6/5/2025,16,68.87
6/5/2025,17,76.50
6/5/2025,18,93.49
6/5/2025,19,111.02
6/5/2025,20,137.20
6/5/2025,21,160.08
6/5/2025,22,133.88
6/5/2025,23,115.44
6/5/2025,24,100.98
7/5/2025,1,94.43
7/5/2025,2,88.78
7/5/2025,3,87.15
7/5/2025,4,89.84
7/5/2025,5,94.29
7/5/2025,6,106.11
7/5/2025,7,129.17
7/5/2025,8,142.90
7/5/2025,9,123.11
7/5/2025,10,97.02
7/5/2025,11,87.47
7/5/2025,12,77.64
7/5/2025,13,68.48
7/5/2025,14,68.20
7/5/2025,15,71.34
7/5/2025,16,78.25
7/5/2025,17,84.55
7/5/2025,18,99.24
7/5/2025,19,111.21
7/5/2025,20,131.76
7/5/2025,21,143.46
7/5/2025,22,123.94
7/5/2025,23,109.69
7/5/2025,24,98.02
8/5/2025,1,97.61
8/5/2025,2,93.33
8/5/2025,3,93.20
8/5/2025,4,95.18
8/5/2025,5,96.09
8/5/2025,6,108.79
8/5/2025,7,123.95
8/5/2025,8,137.91
8/5/2025,9,122.67
8/5/2025,10,103.21
8/5/2025,11,90.11
8/5/2025,12,77.84
8/5/2025,13,66.09
8/5/2025,14,65.49
8/5/2025,15,72.06
8/5/2025,16,81.37
8/5/2025,17,87.82
8/5/2025,18,93.90
8/5/2025,19,109.11
8/5/2025,20,132.01
8/5/2025,21,173.87
8/5/2025,22,134.44
8/5/2025,23,112.64
8/5/2025,24,105.87
9/5/2025,1,102.02
9/5/2025,2,97.86
9/5/2025,3,95.00
9/5/2025,4,96.35
9/5/2025,5,100.38
9/5/2025,6,111.94
9/5/2025,7,135.54
9/5/2025,8,133.18
9/5/2025,9,98.02
9/5/2025,10,83.34
9/5/2025,11,52.95
9/5/2025,12,3.24
9/5/2025,13,3.09
9/5/2025,14,0.13
9/5/2025,15,0.01
9/5/2025,16,7.49
9/5/2025,17,59.42
9/5/2025,18,87.60
9/5/2025,19,94.58
9/5/2025,20,117.40
9/5/2025,21,155.20
9/5/2025,22,124.27
9/5/2025,23,103.02
9/5/2025,24,96.79
10/5/2025,1,101.99
10/5/2025,2,103.56
10/5/2025,3,99.41
10/5/2025,4,96.56
10/5/2025,5,101.13
10/5/2025,6,100.72
10/5/2025,7,97.91
10/5/2025,8,93.79
10/5/2025,9,73.88
10/5/2025,10,9.10
10/5/2025,11,-0.09
10/5/2025,12,-22.58
10/5/2025,13,-56.61
10/5/2025,14,-114.38
10/5/2025,15,-109.63
10/5/2025,16,-49.89
10/5/2025,17,-6.78
10/5/2025,18,29.94
10/5/2025,19,97.26
10/5/2025,20,125.40
10/5/2025,21,167.01
10/5/2025,22,126.19
10/5/2025,23,107.85
10/5/2025,24,95.28
11/5/2025,1,98.27
11/5/2025,2,96.34
11/5/2025,3,94.30
11/5/2025,4,96.76
11/5/2025,5,96.74
11/5/2025,6,96.77
11/5/2025,7,88.98
11/5/2025,8,66.69
11/5/2025,9,4.96
11/5/2025,10,-0.10
11/5/2025,11,-12.08
11/5/2025,12,-49.39
11/5/2025,13,-170.77
11/5/2025,14,-224.49
11/5/2025,15,-219.87
11/5/2025,16,-110.58
11/5/2025,17,-18.81
11/5/2025,18,0.10
11/5/2025,19,83.97
11/5/2025,20,120.03
11/5/2025,21,134.62
11/5/2025,22,116.69
11/5/2025,23,101.79
11/5/2025,24,89.36
12/5/2025,1,87.57
12/5/2025,2,82.76
12/5/2025,3,82.38
12/5/2025,4,82.95
12/5/2025,5,86.24
12/5/2025,6,100.16
12/5/2025,7,142.17
12/5/2025,8,145.29
12/5/2025,9,109.98
12/5/2025,10,73.06
12/5/2025,11,10.85
12/5/2025,12,3.94
12/5/2025,13,0.36
12/5/2025,14,-4.66
12/5/2025,15,-9.20
12/5/2025,16,18.56
12/5/2025,17,37.67
12/5/2025,18,79.56
12/5/2025,19,109.13
12/5/2025,20,148.90
12/5/2025,21,200.08
12/5/2025,22,135.52
12/5/2025,23,101.71
12/5/2025,24,94.17
13/5/2025,1,94.54
13/5/2025,2,90.18
13/5/2025,3,90.53
13/5/2025,4,95.00
13/5/2025,5,97.86
13/5/2025,6,107.68
13/5/2025,7,137.60
13/5/2025,8,128.60
13/5/2025,9,100.29
13/5/2025,10,80.49
13/5/2025,11,18.73
13/5/2025,12,2.06
13/5/2025,13,0.97
13/5/2025,14,-4.47
13/5/2025,15,1.23
13/5/2025,16,6.06
13/5/2025,17,6.93
13/5/2025,18,74.73
13/5/2025,19,108.71
13/5/2025,20,154.44
13/5/2025,21,257.56
13/5/2025,22,152.65
13/5/2025,23,113.79
13/5/2025,24,103.59
14/5/2025,1,103.88
14/5/2025,2,98.89
14/5/2025,3,97.07
14/5/2025,4,98.94
14/5/2025,5,99.70
14/5/2025,6,104.54
14/5/2025,7,126.88
14/5/2025,8,122.38
14/5/2025,9,99.46
14/5/2025,10,71.70
14/5/2025,11,2.52
14/5/2025,12,1.38
14/5/2025,13,-11.12
14/5/2025,14,-21.34
14/5/2025,15,-22.95
14/5/2025,16,-4.10
14/5/2025,17,8.40
14/5/2025,18,39.13
14/5/2025,19,89.66
14/5/2025,20,111.33
14/5/2025,21,158.42
14/5/2025,22,131.40
14/5/2025,23,111.07
14/5/2025,24,101.31
15/5/2025,1,98.92
15/5/2025,2,90.67
15/5/2025,3,89.30
15/5/2025,4,89.25
15/5/2025,5,91.80
15/5/2025,6,100.22
15/5/2025,7,122.62
15/5/2025,8,126.49
15/5/2025,9,100.41
15/5/2025,10,72.40
15/5/2025,11,22.19
15/5/2025,12,15.10
15/5/2025,13,8.01
15/5/2025,14,0.44
15/5/2025,15,-2.43
15/5/2025,16,38.21
15/5/2025,17,69.14
15/5/2025,18,70.01
15/5/2025,19,80.96
15/5/2025,20,117.23
15/5/2025,21,145.53
15/5/2025,22,125.44
15/5/2025,23,110.13
15/5/2025,24,101.61
16/5/2025,1,94.98
16/5/2025,2,88.90
16/5/2025,3,85.85
16/5/2025,4,85.42
16/5/2025,5,89.20
16/5/2025,6,97.19
16/5/2025,7,112.28
16/5/2025,8,117.13
16/5/2025,9,106.05
16/5/2025,10,81.09
16/5/2025,11,21.80
16/5/2025,12,6.29
16/5/2025,13,8.75
16/5/2025,14,25.90
16/5/2025,15,38.95
16/5/2025,16,41.43
16/5/2025,17,56.32
16/5/2025,18,75.01
16/5/2025,19,95.50
16/5/2025,20,122.43
16/5/2025,21,146.35
16/5/2025,22,138.86
16/5/2025,23,116.10
16/5/2025,24,99.30
17/5/2025,1,93.16
17/5/2025,2,93.46
17/5/2025,3,88.78
17/5/2025,4,88.91
17/5/2025,5,90.00
17/5/2025,6,94.11
17/5/2025,7,91.72
17/5/2025,8,89.79
17/5/2025,9,59.52
17/5/2025,10,0.88
17/5/2025,11,0.00
17/5/2025,12,0.20
17/5/2025,13,-4.41
17/5/2025,14,-10.07
17/5/2025,15,-11.32
17/5/2025,16,-6.44
17/5/2025,17,1.28
17/5/2025,18,28.90
17/5/2025,19,75.05
17/5/2025,20,91.54
17/5/2025,21,109.06
17/5/2025,22,125.01
17/5/2025,23,130.03
17/5/2025,24,109.08
18/5/2025,1,106.70
18/5/2025,2,101.54
18/5/2025,3,98.62
18/5/2025,4,97.45
18/5/2025,5,98.41
18/5/2025,6,98.05
18/5/2025,7,91.30
18/5/2025,8,87.20
18/5/2025,9,65.28
18/5/2025,10,9.23
18/5/2025,11,0.00
18/5/2025,12,-0.20
18/5/2025,13,-2.00
18/5/2025,14,-7.37
18/5/2025,15,-15.00
18/5/2025,16,-8.97
18/5/2025,17,-0.20
18/5/2025,18,16.56
18/5/2025,19,92.44
18/5/2025,20,108.04
18/5/2025,21,124.52
18/5/2025,22,130.98
18/5/2025,23,118.86
18/5/2025,24,104.17
19/5/2025,1,111.21
19/5/2025,2,104.19
19/5/2025,3,97.44
19/5/2025,4,94.30
19/5/2025,5,100.58
19/5/2025,6,111.92
19/5/2025,7,132.74
19/5/2025,8,136.40
19/5/2025,9,113.64
19/5/2025,10,94.79
19/5/2025,11,70.90
19/5/2025,12,28.81
19/5/2025,13,12.77
19/5/2025,14,5.00
19/5/2025,15,8.00
19/5/2025,16,28.58
19/5/2025,17,74.99
19/5/2025,18,99.30
19/5/2025,19,116.82
19/5/2025,20,149.23
19/5/2025,21,231.01
19/5/2025,22,154.91
19/5/2025,23,129.65
19/5/2025,24,114.48
20/5/2025,1,116.99
20/5/2025,2,107.35
20/5/2025,3,104.17
20/5/2025,4,106.33
20/5/2025,5,112.60
20/5/2025,6,121.82
20/5/2025,7,144.38
20/5/2025,8,132.49
20/5/2025,9,97.54
20/5/2025,10,77.61
20/5/2025,11,62.82
20/5/2025,12,16.00
20/5/2025,13,7.74
20/5/2025,14,9.07
20/5/2025,15,10.87
20/5/2025,16,28.29
20/5/2025,17,72.91
20/5/2025,18,99.90
20/5/2025,19,109.98
20/5/2025,20,132.32
20/5/2025,21,193.13
20/5/2025,22,152.12
20/5/2025,23,121.93
20/5/2025,24,110.20
21/5/2025,1,107.93
21/5/2025,2,102.33
21/5/2025,3,97.90
21/5/2025,4,94.90
21/5/2025,5,93.70
21/5/2025,6,102.49
21/5/2025,7,112.48
21/5/2025,8,116.54
21/5/2025,9,107.82
21/5/2025,10,84.82
21/5/2025,11,42.22
21/5/2025,12,57.30
21/5/2025,13,50.00
21/5/2025,14,45.17
21/5/2025,15,55.07
21/5/2025,16,70.54
21/5/2025,17,71.62
21/5/2025,18,110.30
21/5/2025,19,122.40
21/5/2025,20,179.00
21/5/2025,21,114.35
21/5/2025,22,110.27
21/5/2025,23,100.72
21/5/2025,24,90.00
22/5/2025,1,101.90
22/5/2025,2,91.14
22/5/2025,3,86.89
22/5/2025,4,86.53
22/5/2025,5,87.33
22/5/2025,6,94.10
22/5/2025,7,112.33
22/5/2025,8,112.03
22/5/2025,9,103.39
22/5/2025,10,98.92
22/5/2025,11,92.89
22/5/2025,12,88.25
22/5/2025,13,90.00
22/5/2025,14,81.26
22/5/2025,15,84.62
22/5/2025,16,95.73
22/5/2025,17,98.90
22/5/2025,18,112.07
22/5/2025,19,134.29
22/5/2025,20,123.69
22/5/2025,21,154.93
22/5/2025,22,131.50
22/5/2025,23,119.60
22/5/2025,24,105.00
23/5/2025,1,104.40
23/5/2025,2,96.58
23/5/2025,3,90.17
23/5/2025,4,89.74
23/5/2025,5,96.20
23/5/2025,6,110.05
23/5/2025,7,132.28
23/5/2025,8,136.37
23/5/2025,9,118.04
23/5/2025,10,88.47
23/5/2025,11,74.43
23/5/2025,12,61.31
23/5/2025,13,23.00
23/5/2025,14,19.58
23/5/2025,15,20.00
23/5/2025,16,64.98
23/5/2025,17,63.58
23/5/2025,18,68.39
23/5/2025,19,114.95
23/5/2025,20,137.77
23/5/2025,21,181.42
23/5/2025,22,146.75
23/5/2025,23,128.14
23/5/2025,24,110.68
24/5/2025,1,106.05
24/5/2025,2,95.88
24/5/2025,3,89.49
24/5/2025,4,84.88
24/5/2025,5,83.36
24/5/2025,6,81.29
24/5/2025,7,83.46
24/5/2025,8,76.84
24/5/2025,9,62.05
24/5/2025,10,12.26
24/5/2025,11,-0.02
24/5/2025,12,-0.33
24/5/2025,13,-0.45
24/5/2025,14,-0.55
24/5/2025,15,-0.90
24/5/2025,16,-1.85
24/5/2025,17,-0.39
24/5/2025,18,50.10
24/5/2025,19,85.92
24/5/2025,20,115.14
24/5/2025,21,134.06
24/5/2025,22,122.87
24/5/2025,23,101.30
24/5/2025,24,91.52
25/5/2025,1,66.23
25/5/2025,2,32.00
25/5/2025,3,16.83
25/5/2025,4,8.36
25/5/2025,5,3.85
25/5/2025,6,2.72
25/5/2025,7,1.20
25/5/2025,8,1.24
25/5/2025,9,-0.02
25/5/2025,10,-0.03
25/5/2025,11,-0.60
25/5/2025,12,-1.31
25/5/2025,13,-1.73
25/5/2025,14,-5.68
25/5/2025,15,-7.20
25/5/2025,16,-6.98
25/5/2025,17,-2.00
25/5/2025,18,0.34
25/5/2025,19,17.45
25/5/2025,20,95.62
25/5/2025,21,109.81
25/5/2025,22,111.77
25/5/2025,23,103.62
25/5/2025,24,94.45
26/5/2025,1,89.84
26/5/2025,2,79.97
26/5/2025,3,75.12
26/5/2025,4,74.41
26/5/2025,5,79.81
26/5/2025,6,88.13
26/5/2025,7,119.49
26/5/2025,8,146.41
26/5/2025,9,130.98
26/5/2025,10,93.48
26/5/2025,11,61.34
26/5/2025,12,24.23
26/5/2025,13,16.40
26/5/2025,14,11.28
26/5/2025,15,6.14
26/5/2025,16,9.70
26/5/2025,17,26.35
26/5/2025,18,57.95
26/5/2025,19,111.65
26/5/2025,20,146.07
26/5/2025,21,212.90
26/5/2025,22,170.69
26/5/2025,23,129.25
26/5/2025,24,106.40
27/5/2025,1,99.03
27/5/2025,2,86.40
27/5/2025,3,77.90
27/5/2025,4,76.44
27/5/2025,5,80.21
27/5/2025,6,83.42
27/5/2025,7,95.01
27/5/2025,8,86.36
27/5/2025,9,69.35
27/5/2025,10,51.10
27/5/2025,11,4.39
27/5/2025,12,3.49
27/5/2025,13,0.16
27/5/2025,14,0.68
27/5/2025,15,1.84
27/5/2025,16,12.73
27/5/2025,17,59.63
27/5/2025,18,88.33
27/5/2025,19,111.39
27/5/2025,20,135.18
27/5/2025,21,182.47
27/5/2025,22,134.28
27/5/2025,23,111.86
27/5/2025,24,92.79
28/5/2025,1,86.59
28/5/2025,2,73.07
28/5/2025,3,70.42
28/5/2025,4,65.61
28/5/2025,5,68.26
28/5/2025,6,79.11
28/5/2025,7,94.64
28/5/2025,8,101.37
28/5/2025,9,96.19
28/5/2025,10,91.70
28/5/2025,11,78.29
28/5/2025,12,73.30
28/5/2025,13,66.97
28/5/2025,14,59.90
28/5/2025,15,57.86
28/5/2025,16,73.48
28/5/2025,17,73.52
28/5/2025,18,98.82
28/5/2025,19,116.22
28/5/2025,20,131.57
28/5/2025,21,159.10
28/5/2025,22,136.24
28/5/2025,23,121.70
28/5/2025,24,104.56
29/5/2025,1,97.60
29/5/2025,2,93.19
29/5/2025,3,90.94
29/5/2025,4,90.45
29/5/2025,5,90.33
29/5/2025,6,90.51
29/5/2025,7,84.78
29/5/2025,8,84.39
29/5/2025,9,82.11
29/5/2025,10,61.49
29/5/2025,11,18.77
29/5/2025,12,1.65
29/5/2025,13,0.24
29/5/2025,14,2.22
29/5/2025,15,0.23
29/5/2025,16,5.48
29/5/2025,17,1.60
29/5/2025,18,15.17
29/5/2025,19,65.09
29/5/2025,20,97.03
29/5/2025,21,121.25
29/5/2025,22,105.81
29/5/2025,23,92.95
29/5/2025,24,75.96
30/5/2025,1,63.73
30/5/2025,2,72.62
30/5/2025,3,48.60
30/5/2025,4,33.95
30/5/2025,5,37.39
30/5/2025,6,56.54
30/5/2025,7,82.17
30/5/2025,8,68.38
30/5/2025,9,53.01
30/5/2025,10,29.13
30/5/2025,11,1.85
30/5/2025,12,0.21
30/5/2025,13,7.44
30/5/2025,14,4.84
30/5/2025,15,-1.56
30/5/2025,16,1.44
30/5/2025,17,0.22
30/5/2025,18,30.36
30/5/2025,19,73.81
30/5/2025,20,123.62
30/5/2025,21,148.34
30/5/2025,22,144.49
30/5/2025,23,130.19
30/5/2025,24,108.20
31/5/2025,1,107.00
31/5/2025,2,100.32
31/5/2025,3,99.42
31/5/2025,4,100.00
31/5/2025,5,100.91
31/5/2025,6,99.10
31/5/2025,7,91.62
31/5/2025,8,79.94
31/5/2025,9,54.19
31/5/2025,10,1.00
31/5/2025,11,-0.02
31/5/2025,12,-1.00
31/5/2025,13,-3.07
31/5/2025,14,-13.17
31/5/2025,15,-7.75
31/5/2025,16,-3.00
31/5/2025,17,-0.05
31/5/2025,18,42.26
31/5/2025,19,88.98
31/5/2025,20,131.60
31/5/2025,21,192.35
31/5/2025,22,192.37
31/5/2025,23,133.16
31/5/2025,24,102.50
1/6/2025,1,91.87
1/6/2025,2,85.29
1/6/2025,3,79.10
1/6/2025,4,73.77
1/6/2025,5,71.34
1/6/2025,6,65.15
1/6/2025,7,35.45
1/6/2025,8,13.00
1/6/2025,9,2.40
1/6/2025,10,-0.01
1/6/2025,11,-0.60
1/6/2025,12,-2.11
1/6/2025,13,-5.48
1/6/2025,14,-12.93
1/6/2025,15,-20.41
1/6/2025,16,-15.61
1/6/2025,17,-6.00
1/6/2025,18,-4.64
1/6/2025,19,10.62
1/6/2025,20,81.25
1/6/2025,21,94.91
1/6/2025,22,100.00
1/6/2025,23,106.67
1/6/2025,24,91.43
2/6/2025,1,83.43
2/6/2025,2,76.96
2/6/2025,3,76.14
2/6/2025,4,79.02
2/6/2025,5,85.08
2/6/2025,6,95.08
2/6/2025,7,109.20
2/6/2025,8,113.48
2/6/2025,9,102.13
2/6/2025,10,86.88
2/6/2025,11,58.73
2/6/2025,12,33.21
2/6/2025,13,20.00
2/6/2025,14,12.78
2/6/2025,15,11.00
2/6/2025,16,19.75
2/6/2025,17,58.25
2/6/2025,18,89.94
2/6/2025,19,124.80
2/6/2025,20,194.41
2/6/2025,21,273.75
2/6/2025,22,244.46
2/6/2025,23,139.44
2/6/2025,24,112.37
3/6/2025,1,114.60
3/6/2025,2,112.55
3/6/2025,3,104.28
3/6/2025,4,101.89
3/6/2025,5,99.45
3/6/2025,6,116.14
3/6/2025,7,134.71
3/6/2025,8,121.52
3/6/2025,9,87.38
3/6/2025,10,59.16
3/6/2025,11,9.74
3/6/2025,12,11.34
3/6/2025,13,14.44
3/6/2025,14,12.36
3/6/2025,15,10.66
3/6/2025,16,21.84
3/6/2025,17,76.45
3/6/2025,18,94.30
3/6/2025,19,95.67
3/6/2025,20,140.89
3/6/2025,21,198.86
3/6/2025,22,136.66
3/6/2025,23,105.25
3/6/2025,24,91.69
4/6/2025,1,70.69
4/6/2025,2,66.16
4/6/2025,3,64.09
4/6/2025,4,64.37
4/6/2025,5,67.64
4/6/2025,6,81.86
4/6/2025,7,100.48
4/6/2025,8,113.08
4/6/2025,9,105.38
4/6/2025,10,65.98
4/6/2025,11,49.02
4/6/2025,12,38.59
4/6/2025,13,18.13
4/6/2025,14,9.69
4/6/2025,15,18.42
4/6/2025,16,46.85
4/6/2025,17,76.59
4/6/2025,18,101.37
4/6/2025,19,120.38
4/6/2025,20,155.33
4/6/2025,21,205.64
4/6/2025,22,138.82
4/6/2025,23,112.43
4/6/2025,24,92.91
5/6/2025,1,105.34
5/6/2025,2,98.78
5/6/2025,3,91.88
5/6/2025,4,90.87
5/6/2025,5,92.47
5/6/2025,6,91.83
5/6/2025,7,111.72
5/6/2025,8,126.85
5/6/2025,9,114.22
5/6/2025,10,80.06
5/6/2025,11,65.62
5/6/2025,12,47.60
5/6/2025,13,20.11
5/6/2025,14,11.60
5/6/2025,15,7.68
5/6/2025,16,21.41
5/6/2025,17,65.66
5/6/2025,18,84.98
5/6/2025,19,106.77
5/6/2025,20,126.48
5/6/2025,21,165.36
5/6/2025,22,119.07
5/6/2025,23,99.80
5/6/2025,24,86.87
6/6/2025,1,77.55
6/6/2025,2,64.81
6/6/2025,3,60.30
6/6/2025,4,54.73
6/6/2025,5,49.30
6/6/2025,6,65.69
6/6/2025,7,97.45
6/6/2025,8,100.00
6/6/2025,9,61.47
6/6/2025,10,11.35
6/6/2025,11,0.08
6/6/2025,12,1.09
6/6/2025,13,6.58
6/6/2025,14,19.12
6/6/2025,15,15.18
6/6/2025,16,20.35
6/6/2025,17,29.65
6/6/2025,18,10.59
6/6/2025,19,52.57
6/6/2025,20,135.00
6/6/2025,21,139.70
6/6/2025,22,134.00
6/6/2025,23,125.31
6/6/2025,24,103.86
7/6/2025,1,111.48
7/6/2025,2,90.40
7/6/2025,3,86.28
7/6/2025,4,90.00
7/6/2025,5,94.54
7/6/2025,6,90.58
7/6/2025,7,85.47
7/6/2025,8,86.74
7/6/2025,9,77.57
7/6/2025,10,63.13
7/6/2025,11,29.64
7/6/2025,12,9.44
7/6/2025,13,1.19
7/6/2025,14,-0.01
7/6/2025,15,-0.02
7/6/2025,16,-0.02
7/6/2025,17,11.17
7/6/2025,18,18.76
7/6/2025,19,72.60
7/6/2025,20,127.60
7/6/2025,21,110.00
7/6/2025,22,103.11
7/6/2025,23,109.70
7/6/2025,24,91.44
8/6/2025,1,94.42
8/6/2025,2,84.85
8/6/2025,3,77.88
8/6/2025,4,76.49
8/6/2025,5,68.55
8/6/2025,6,56.89
8/6/2025,7,40.12
8/6/2025,8,3.87
8/6/2025,9,0.00
8/6/2025,10,-0.50
8/6/2025,11,-2.00
8/6/2025,12,1.80
8/6/2025,13,-14.23
8/6/2025,14,-15.85
8/6/2025,15,-22.95
8/6/2025,16,5.00
8/6/2025,17,4.32
8/6/2025,18,125.60
8/6/2025,19,141.25
8/6/2025,20,200.00
8/6/2025,21,228.34
8/6/2025,22,164.81
8/6/2025,23,96.97
8/6/2025,24,85.68
9/6/2025,1,79.91
9/6/2025,2,68.58
9/6/2025,3,49.25
9/6/2025,4,48.46
9/6/2025,5,44.74
9/6/2025,6,52.32
9/6/2025,7,119.91
9/6/2025,8,103.50
9/6/2025,9,79.65
9/6/2025,10,9.96
9/6/2025,11,0.40
9/6/2025,12,7.37
9/6/2025,13,11.79
9/6/2025,14,-13.76
9/6/2025,15,-13.66
9/6/2025,16,-1.40
9/6/2025,17,7.57
9/6/2025,18,114.40
9/6/2025,19,120.00
9/6/2025,20,119.28
9/6/2025,21,155.95
9/6/2025,22,150.28
9/6/2025,23,125.45
9/6/2025,24,103.15
10/6/2025,1,88.35
10/6/2025,2,79.95
10/6/2025,3,70.42
10/6/2025,4,60.94
10/6/2025,5,55.17
10/6/2025,6,64.85
10/6/2025,7,79.95
10/6/2025,8,83.92
10/6/2025,9,84.60
10/6/2025,10,65.74
10/6/2025,11,22.64
10/6/2025,12,0.70
10/6/2025,13,-0.01
10/6/2025,14,-1.40
10/6/2025,15,3.43
10/6/2025,16,18.39
10/6/2025,17,31.83
10/6/2025,18,105.00
10/6/2025,19,128.40
10/6/2025,20,123.38
10/6/2025,21,134.24
10/6/2025,22,109.02
10/6/2025,23,97.46
10/6/2025,24,102.20
11/6/2025,1,96.08
11/6/2025,2,88.58
11/6/2025,3,74.42
11/6/2025,4,71.15
11/6/2025,5,73.04
11/6/2025,6,90.00
11/6/2025,7,124.71
11/6/2025,8,124.80
11/6/2025,9,92.84
11/6/2025,10,65.19
11/6/2025,11,21.10
11/6/2025,12,1.32
11/6/2025,13,1.19
11/6/2025,14,1.87
11/6/2025,15,1.00
11/6/2025,16,6.12
11/6/2025,17,22.91
11/6/2025,18,79.08
11/6/2025,19,94.63
11/6/2025,20,136.68
11/6/2025,21,217.00
11/6/2025,22,176.83
11/6/2025,23,119.40
11/6/2025,24,95.93
12/6/2025,1,96.43
12/6/2025,2,88.02
12/6/2025,3,85.62
12/6/2025,4,85.40
12/6/2025,5,89.76
12/6/2025,6,93.37
12/6/2025,7,114.18
12/6/2025,8,104.30
12/6/2025,9,78.24
12/6/2025,10,36.33
12/6/2025,11,0.00
12/6/2025,12,-0.20
12/6/2025,13,-7.67
12/6/2025,14,-15.42
12/6/2025,15,-8.67
12/6/2025,16,5.97
12/6/2025,17,8.40
12/6/2025,18,41.70
12/6/2025,19,91.90
12/6/2025,20,123.45
12/6/2025,21,166.41
12/6/2025,22,131.79
12/6/2025,23,131.49
12/6/2025,24,115.08
13/6/2025,1,90.00
13/6/2025,2,90.00
13/6/2025,3,83.11
13/6/2025,4,77.77
13/6/2025,5,75.37
13/6/2025,6,80.10
13/6/2025,7,103.60
13/6/2025,8,87.26
13/6/2025,9,76.49
13/6/2025,10,40.02
13/6/2025,11,4.52
13/6/2025,12,0.12
13/6/2025,13,-1.03
13/6/2025,14,-4.56
13/6/2025,15,-2.38
13/6/2025,16,8.72
13/6/2025,17,13.48
13/6/2025,18,126.56
13/6/2025,19,96.62
13/6/2025,20,122.55
13/6/2025,21,147.83
13/6/2025,22,125.00
13/6/2025,23,109.48
13/6/2025,24,84.80
14/6/2025,1,115.50
14/6/2025,2,90.51
14/6/2025,3,92.35
14/6/2025,4,97.62
14/6/2025,5,69.49
14/6/2025,6,64.57
14/6/2025,7,53.24
14/6/2025,8,21.97
14/6/2025,9,8.28
14/6/2025,10,0.00
14/6/2025,11,-2.45
14/6/2025,12,-10.45
14/6/2025,13,-35.00
14/6/2025,14,-36.75
14/6/2025,15,-25.97
14/6/2025,16,-6.77
14/6/2025,17,-0.39
14/6/2025,18,8.42
14/6/2025,19,85.96
14/6/2025,20,123.83
14/6/2025,21,139.15
14/6/2025,22,130.00
14/6/2025,23,117.59
14/6/2025,24,109.61
15/6/2025,1,91.93
15/6/2025,2,87.92
15/6/2025,3,86.24
15/6/2025,4,89.75
15/6/2025,5,91.34
15/6/2025,6,91.58
15/6/2025,7,83.13
15/6/2025,8,63.59
15/6/2025,9,20.71
15/6/2025,10,1.61
15/6/2025,11,0.00
15/6/2025,12,-0.02
15/6/2025,13,-1.41
15/6/2025,14,-5.75
15/6/2025,15,-5.00
15/6/2025,16,-2.00
15/6/2025,17,-0.01
15/6/2025,18,57.66
15/6/2025,19,99.89
15/6/2025,20,116.85
15/6/2025,21,135.82
15/6/2025,22,138.40
15/6/2025,23,149.75
15/6/2025,24,110.23
16/6/2025,1,104.25
16/6/2025,2,91.34
16/6/2025,3,85.14
16/6/2025,4,84.83
16/6/2025,5,83.22
16/6/2025,6,90.46
16/6/2025,7,110.96
16/6/2025,8,123.49
16/6/2025,9,107.05
16/6/2025,10,82.66
16/6/2025,11,61.96
16/6/2025,12,80.01
16/6/2025,13,80.01
16/6/2025,14,79.64
16/6/2025,15,76.29
16/6/2025,16,79.00
16/6/2025,17,132.03
16/6/2025,18,97.04
16/6/2025,19,93.33
16/6/2025,20,118.49
16/6/2025,21,186.12
16/6/2025,22,189.94
16/6/2025,23,125.79
16/6/2025,24,102.56
17/6/2025,1,103.51
17/6/2025,2,96.61
17/6/2025,3,94.30
17/6/2025,4,93.81
17/6/2025,5,94.71
17/6/2025,6,102.51
17/6/2025,7,118.00
17/6/2025,8,106.38
17/6/2025,9,97.67
17/6/2025,10,70.74
17/6/2025,11,4.58
17/6/2025,12,2.29
17/6/2025,13,1.56
17/6/2025,14,-1.01
17/6/2025,15,-0.09
17/6/2025,16,4.57
17/6/2025,17,27.76
17/6/2025,18,91.21
17/6/2025,19,105.02
17/6/2025,20,139.17
17/6/2025,21,245.00
17/6/2025,22,241.38
17/6/2025,23,136.65
17/6/2025,24,115.77
18/6/2025,1,112.91
18/6/2025,2,106.55
18/6/2025,3,101.40
18/6/2025,4,95.46
18/6/2025,5,96.68
18/6/2025,6,102.89
18/6/2025,7,111.77
18/6/2025,8,114.56
18/6/2025,9,110.18
18/6/2025,10,77.31
18/6/2025,11,22.24
18/6/2025,12,1.17
18/6/2025,13,1.31
18/6/2025,14,1.53
18/6/2025,15,2.87
18/6/2025,16,28.39
18/6/2025,17,28.64
18/6/2025,18,92.72
18/6/2025,19,115.17
18/6/2025,20,138.07
18/6/2025,21,182.43
18/6/2025,22,175.18
18/6/2025,23,132.98
18/6/2025,24,114.59
19/6/2025,1,112.67
19/6/2025,2,106.42
19/6/2025,3,104.65
19/6/2025,4,99.43
19/6/2025,5,99.97
19/6/2025,6,96.21
19/6/2025,7,100.22
19/6/2025,8,89.25
19/6/2025,9,87.48
19/6/2025,10,19.39
19/6/2025,11,0.44
19/6/2025,12,5.61
19/6/2025,13,-12.00
19/6/2025,14,0.44
19/6/2025,15,-29.99
19/6/2025,16,5.36
19/6/2025,17,12.66
19/6/2025,18,160.08
19/6/2025,19,83.36
19/6/2025,20,118.96
19/6/2025,21,132.00
19/6/2025,22,137.25
19/6/2025,23,126.69
19/6/2025,24,105.61
20/6/2025,1,109.34
20/6/2025,2,104.57
20/6/2025,3,104.26
20/6/2025,4,105.37
20/6/2025,5,104.69
20/6/2025,6,109.29
20/6/2025,7,120.56
20/6/2025,8,117.15
20/6/2025,9,104.91
20/6/2025,10,73.23
20/6/2025,11,17.61
20/6/2025,12,4.35
20/6/2025,13,-0.46
20/6/2025,14,-1.15
20/6/2025,15,-0.21
20/6/2025,16,2.49
20/6/2025,17,32.24
20/6/2025,18,93.45
20/6/2025,19,110.58
20/6/2025,20,136.54
20/6/2025,21,202.88
20/6/2025,22,179.61
20/6/2025,23,137.05
20/6/2025,24,121.38
21/6/2025,1,118.78
21/6/2025,2,110.48
21/6/2025,3,108.15
21/6/2025,4,106.86
21/6/2025,5,108.99
21/6/2025,6,104.38
21/6/2025,7,100.71
21/6/2025,8,90.74
21/6/2025,9,75.93
21/6/2025,10,23.40
21/6/2025,11,-0.07
21/6/2025,12,-2.37
21/6/2025,13,-15.91
21/6/2025,14,-29.21
21/6/2025,15,-23.56
21/6/2025,16,-3.17
21/6/2025,17,0.11
21/6/2025,18,64.11
21/6/2025,19,106.30
21/6/2025,20,129.53
21/6/2025,21,157.30
21/6/2025,22,165.82
21/6/2025,23,140.65
21/6/2025,24,118.68
22/6/2025,1,108.61
22/6/2025,2,101.05
22/6/2025,3,96.91
22/6/2025,4,92.65
22/6/2025,5,90.34
22/6/2025,6,88.49
22/6/2025,7,72.75
22/6/2025,8,26.44
22/6/2025,9,0.00
22/6/2025,10,-0.09
22/6/2025,11,-11.11
22/6/2025,12,-37.50
22/6/2025,13,-64.11
22/6/2025,14,-91.87
22/6/2025,15,-75.14
22/6/2025,16,-36.95
22/6/2025,17,-6.08
22/6/2025,18,7.89
22/6/2025,19,107.72
22/6/2025,20,119.23
22/6/2025,21,137.20
22/6/2025,22,137.11
22/6/2025,23,126.42
22/6/2025,24,101.63
23/6/2025,1,88.81
23/6/2025,2,92.21
23/6/2025,3,69.54
23/6/2025,4,66.90
23/6/2025,5,79.78
23/6/2025,6,94.61
23/6/2025,7,130.46
23/6/2025,8,109.44
23/6/2025,9,91.87
23/6/2025,10,51.48
23/6/2025,11,38.02
23/6/2025,12,50.01
23/6/2025,13,84.30
23/6/2025,14,110.22
23/6/2025,15,100.41
23/6/2025,16,142.84
23/6/2025,17,166.99
23/6/2025,18,139.00
23/6/2025,19,250.00
23/6/2025,20,196.34
23/6/2025,21,152.60
23/6/2025,22,125.00
23/6/2025,23,103.11
23/6/2025,24,84.39
24/6/2025,1,103.63
24/6/2025,2,102.38
24/6/2025,3,99.68
24/6/2025,4,95.61
24/6/2025,5,79.55
24/6/2025,6,108.35
24/6/2025,7,125.43
24/6/2025,8,118.18
24/6/2025,9,111.65
24/6/2025,10,120.75
24/6/2025,11,46.91
24/6/2025,12,55.34
24/6/2025,13,74.14
24/6/2025,14,76.35
24/6/2025,15,68.17
24/6/2025,16,54.37
24/6/2025,17,100.00
24/6/2025,18,120.99
24/6/2025,19,135.00
24/6/2025,20,101.96
24/6/2025,21,138.44
24/6/2025,22,120.24
24/6/2025,23,165.03
24/6/2025,24,130.94
25/6/2025,1,82.97
25/6/2025,2,74.81
25/6/2025,3,73.34
25/6/2025,4,72.05
25/6/2025,5,73.82
25/6/2025,6,80.55
25/6/2025,7,105.72
25/6/2025,8,112.01
25/6/2025,9,98.44
25/6/2025,10,72.08
25/6/2025,11,25.74
25/6/2025,12,15.77
25/6/2025,13,27.37
25/6/2025,14,26.51
25/6/2025,15,57.69
25/6/2025,16,66.84
25/6/2025,17,74.29
25/6/2025,18,89.11
25/6/2025,19,113.92
25/6/2025,20,149.24
25/6/2025,21,198.96
25/6/2025,22,240.25
25/6/2025,23,170.94
25/6/2025,24,124.57
26/6/2025,1,119.95
26/6/2025,2,108.09
26/6/2025,3,103.39
26/6/2025,4,99.91
26/6/2025,5,100.02
26/6/2025,6,104.51
26/6/2025,7,120.14
26/6/2025,8,121.01
26/6/2025,9,106.79
26/6/2025,10,96.87
26/6/2025,11,88.26
26/6/2025,12,81.57
26/6/2025,13,70.50
26/6/2025,14,69.41
26/6/2025,15,68.33
26/6/2025,16,80.00
26/6/2025,17,97.39
26/6/2025,18,104.45
26/6/2025,19,125.00
26/6/2025,20,158.95
26/6/2025,21,169.86
26/6/2025,22,147.17
26/6/2025,23,108.36
26/6/2025,24,89.68
27/6/2025,1,74.97
27/6/2025,2,69.34
27/6/2025,3,67.91
27/6/2025,4,73.25
27/6/2025,5,75.68
27/6/2025,6,84.35
27/6/2025,7,105.58
27/6/2025,8,113.20
27/6/2025,9,107.70
27/6/2025,10,91.16
27/6/2025,11,79.18
27/6/2025,12,67.45
27/6/2025,13,55.25
27/6/2025,14,74.77
27/6/2025,15,91.97
27/6/2025,16,97.56
27/6/2025,17,92.63
27/6/2025,18,82.01
27/6/2025,19,87.88
27/6/2025,20,100.72
27/6/2025,21,119.73
27/6/2025,22,134.89
27/6/2025,23,125.79
27/6/2025,24,106.69
28/6/2025,1,92.87
28/6/2025,2,89.72
28/6/2025,3,82.18
28/6/2025,4,76.90
28/6/2025,5,70.45
28/6/2025,6,75.65
28/6/2025,7,74.53
28/6/2025,8,58.98
28/6/2025,9,27.80
28/6/2025,10,2.34
28/6/2025,11,0.01
28/6/2025,12,0.30
28/6/2025,13,1.26
28/6/2025,14,2.25
28/6/2025,15,-0.56
28/6/2025,16,1.22
28/6/2025,17,28.15
28/6/2025,18,49.77
28/6/2025,19,72.37
28/6/2025,20,105.52
28/6/2025,21,116.65
28/6/2025,22,125.28
28/6/2025,23,119.83
28/6/2025,24,103.50
29/6/2025,1,95.07
29/6/2025,2,89.42
29/6/2025,3,89.66
29/6/2025,4,86.82
29/6/2025,5,85.28
29/6/2025,6,85.30
29/6/2025,7,86.37
29/6/2025,8,75.58
29/6/2025,9,47.91
29/6/2025,10,2.03
29/6/2025,11,0.00
29/6/2025,12,-0.27
29/6/2025,13,-4.95
29/6/2025,14,-16.56
29/6/2025,15,-2.44
29/6/2025,16,0.00
29/6/2025,17,-0.49
29/6/2025,18,27.22
29/6/2025,19,95.00
29/6/2025,20,102.14
29/6/2025,21,111.98
29/6/2025,22,118.07
29/6/2025,23,113.73
29/6/2025,24,101.00
30/6/2025,1,98.73
30/6/2025,2,89.03
30/6/2025,3,85.03
30/6/2025,4,84.13
30/6/2025,5,86.44
30/6/2025,6,97.23
30/6/2025,7,114.67
30/6/2025,8,111.75
30/6/2025,9,104.99
30/6/2025,10,98.14
30/6/2025,11,87.73
30/6/2025,12,61.18
30/6/2025,13,22.74
30/6/2025,14,19.98
30/6/2025,15,26.65
30/6/2025,16,62.54
30/6/2025,17,82.65
30/6/2025,18,98.25
30/6/2025,19,110.14
30/6/2025,20,178.94
30/6/2025,21,283.10
30/6/2025,22,233.00
30/6/2025,23,157.00
30/6/2025,24,122.65
1/7/2025,1,111.28
1/7/2025,2,97.24
1/7/2025,3,89.10
1/7/2025,4,88.32
1/7/2025,5,90.01
1/7/2025,6,98.78
1/7/2025,7,114.97
1/7/2025,8,120.28
1/7/2025,9,110.76
1/7/2025,10,82.71
1/7/2025,11,77.22
1/7/2025,12,68.74
1/7/2025,13,50.50
1/7/2025,14,50.48
1/7/2025,15,70.87
1/7/2025,16,78.41
1/7/2025,17,90.80
1/7/2025,18,102.81
1/7/2025,19,152.08
1/7/2025,20,302.22
1/7/2025,21,465.66
1/7/2025,22,394.02
1/7/2025,23,240.15
1/7/2025,24,145.09
2/7/2025,1,119.29
2/7/2025,2,102.77
2/7/2025,3,92.54
2/7/2025,4,92.08
2/7/2025,5,90.99
2/7/2025,6,99.87
2/7/2025,7,115.32
2/7/2025,8,110.16
2/7/2025,9,104.52
2/7/2025,10,90.96
2/7/2025,11,80.28
2/7/2025,12,80.01
2/7/2025,13,48.71
2/7/2025,14,34.31
2/7/2025,15,56.97
2/7/2025,16,72.39
2/7/2025,17,82.10
2/7/2025,18,98.79
2/7/2025,19,135.44
2/7/2025,20,260.22
2/7/2025,21,305.31
2/7/2025,22,186.00
2/7/2025,23,134.93
2/7/2025,24,110.34
3/7/2025,1,99.18
3/7/2025,2,86.46
3/7/2025,3,79.00
3/7/2025,4,78.93
3/7/2025,5,80.88
3/7/2025,6,88.52
3/7/2025,7,104.49
3/7/2025,8,107.47
3/7/2025,9,104.90
3/7/2025,10,90.45
3/7/2025,11,75.06
3/7/2025,12,57.35
3/7/2025,13,42.16
3/7/2025,14,45.40
3/7/2025,15,67.55
3/7/2025,16,79.90
3/7/2025,17,90.61
3/7/2025,18,110.00
3/7/2025,19,117.42
3/7/2025,20,145.01
3/7/2025,21,190.85
3/7/2025,22,166.78
3/7/2025,23,132.80
3/7/2025,24,113.97
4/7/2025,1,109.25
4/7/2025,2,104.54
4/7/2025,3,101.31
4/7/2025,4,98.39
4/7/2025,5,103.62
4/7/2025,6,106.63
4/7/2025,7,122.60
4/7/2025,8,116.65
4/7/2025,9,100.00
4/7/2025,10,91.15
4/7/2025,11,70.01
4/7/2025,12,65.86
4/7/2025,13,
4/7/2025,14,
4/7/2025,15,
4/7/2025,16,
4/7/2025,17,
4/7/2025,18,
4/7/2025,19,
4/7/2025,20,
4/7/2025,21,
4/7/2025,22,
4/7/2025,23,
4/7/2025,24,
5/7/2025,1,109.95
5/7/2025,2,102.16
5/7/2025,3,100.46
5/7/2025,4,97.16
5/7/2025,5,95.93
5/7/2025,6,88.11
5/7/2025,7,85.74
5/7/2025,8,44.95
5/7/2025,9,17.86
5/7/2025,10,3.34
5/7/2025,11,0.00
5/7/2025,12,-0.09
5/7/2025,13,-1.32
5/7/2025,14,-1.77
5/7/2025,15,-2.48
5/7/2025,16,2.02
5/7/2025,17,28.53
5/7/2025,18,75.01
5/7/2025,19,89.08
5/7/2025,20,128.53
5/7/2025,21,135.31
5/7/2025,22,127.43
5/7/2025,23,114.40
5/7/2025,24,106.86
6/7/2025,1,96.90
6/7/2025,2,91.80
6/7/2025,3,90.47
6/7/2025,4,106.23
6/7/2025,5,110.68
6/7/2025,6,86.01
6/7/2025,7,77.67
6/7/2025,8,76.72
6/7/2025,9,69.32
6/7/2025,10,36.45
6/7/2025,11,19.30
6/7/2025,12,15.70
6/7/2025,13,13.66
6/7/2025,14,7.48
6/7/2025,15,12.07
6/7/2025,16,51.12
6/7/2025,17,75.13
6/7/2025,18,102.96
6/7/2025,19,114.00
6/7/2025,20,134.18
6/7/2025,21,148.04
6/7/2025,22,138.91
6/7/2025,23,124.28
6/7/2025,24,109.99
7/7/2025,1,118.61
7/7/2025,2,106.45
7/7/2025,3,101.44
7/7/2025,4,98.81
7/7/2025,5,100.99
7/7/2025,6,110.05
7/7/2025,7,134.20
7/7/2025,8,143.67
7/7/2025,9,149.08
7/7/2025,10,132.38
7/7/2025,11,110.37
7/7/2025,12,109.41
7/7/2025,13,90.85
7/7/2025,14,97.69
7/7/2025,15,99.79
7/7/2025,16,85.42
7/7/2025,17,114.43
7/7/2025,18,105.42
7/7/2025,19,109.84
7/7/2025,20,142.85
7/7/2025,21,151.22
7/7/2025,22,131.88
7/7/2025,23,110.40
7/7/2025,24,91.46
8/7/2025,1,104.19
8/7/2025,2,94.75
8/7/2025,3,89.95
8/7/2025,4,88.99
8/7/2025,5,89.44
8/7/2025,6,93.67
8/7/2025,7,111.41
8/7/2025,8,118.73
8/7/2025,9,116.13
8/7/2025,10,91.29
8/7/2025,11,83.34
8/7/2025,12,81.26
8/7/2025,13,86.08
8/7/2025,14,79.91
8/7/2025,15,76.02
8/7/2025,16,74.34
8/7/2025,17,84.79
8/7/2025,18,92.57
8/7/2025,19,89.00
8/7/2025,20,112.47
8/7/2025,21,128.72
8/7/2025,22,119.55
8/7/2025,23,115.90
8/7/2025,24,100.00
9/7/2025,1,95.10
9/7/2025,2,83.93
9/7/2025,3,80.72
9/7/2025,4,81.43
9/7/2025,5,81.54
9/7/2025,6,94.05
9/7/2025,7,113.66
9/7/2025,8,116.46
9/7/2025,9,114.08
9/7/2025,10,96.59
9/7/2025,11,84.68
9/7/2025,12,77.34
9/7/2025,13,63.67
9/7/2025,14,46.02
9/7/2025,15,36.98
9/7/2025,16,49.80
9/7/2025,17,76.89
9/7/2025,18,81.48
9/7/2025,19,101.47
9/7/2025,20,118.11
9/7/2025,21,138.09
9/7/2025,22,137.60
9/7/2025,23,117.58
9/7/2025,24,104.57
10/7/2025,1,100.91
10/7/2025,2,95.73
10/7/2025,3,89.10
10/7/2025,4,86.40
10/7/2025,5,87.77
10/7/2025,6,98.50
10/7/2025,7,107.29
10/7/2025,8,107.57
10/7/2025,9,104.93
10/7/2025,10,88.28
10/7/2025,11,79.62
10/7/2025,12,65.33
10/7/2025,13,45.17
10/7/2025,14,39.34
10/7/2025,15,39.25
10/7/2025,16,56.39
10/7/2025,17,76.55
10/7/2025,18,86.99
10/7/2025,19,100.03
10/7/2025,20,112.59
10/7/2025,21,132.34
10/7/2025,22,132.27
10/7/2025,23,120.31
10/7/2025,24,107.33
11/7/2025,1,103.55
11/7/2025,2,98.01
11/7/2025,3,93.32
11/7/2025,4,89.80
11/7/2025,5,90.67
11/7/2025,6,95.58
11/7/2025,7,104.78
11/7/2025,8,102.99
11/7/2025,9,101.96
11/7/2025,10,92.19
11/7/2025,11,81.38
11/7/2025,12,71.53
11/7/2025,13,61.66
11/7/2025,14,41.05
11/7/2025,15,32.04
11/7/2025,16,50.00
11/7/2025,17,70.94
11/7/2025,18,95.00
11/7/2025,19,105.88
11/7/2025,20,112.89
11/7/2025,21,120.83
11/7/2025,22,117.01
11/7/2025,23,109.68
11/7/2025,24,103.13
12/7/2025,1,112.00
12/7/2025,2,104.43
12/7/2025,3,103.56
12/7/2025,4,97.52
12/7/2025,5,93.47
12/7/2025,6,89.89
12/7/2025,7,85.09
12/7/2025,8,87.79
12/7/2025,9,82.96
12/7/2025,10,60.06
12/7/2025,11,18.19
12/7/2025,12,3.00
12/7/2025,13,0.22
12/7/2025,14,0.00
12/7/2025,15,0.00
12/7/2025,16,0.22
12/7/2025,17,23.08
12/7/2025,18,71.54
12/7/2025,19,106.94
12/7/2025,20,110.28
12/7/2025,21,119.41
12/7/2025,22,123.65
12/7/2025,23,125.00
12/7/2025,24,115.42
13/7/2025,1,115.05
13/7/2025,2,108.56
13/7/2025,3,107.78
13/7/2025,4,106.85
13/7/2025,5,104.04
13/7/2025,6,100.25
13/7/2025,7,95.11
13/7/2025,8,91.59
13/7/2025,9,79.26
13/7/2025,10,36.95
13/7/2025,11,4.28
13/7/2025,12,0.05
13/7/2025,13,0.00
13/7/2025,14,0.00
13/7/2025,15,0.00
13/7/2025,16,0.00
13/7/2025,17,2.32
13/7/2025,18,71.81
13/7/2025,19,102.22
13/7/2025,20,115.58
13/7/2025,21,122.12
13/7/2025,22,128.07
13/7/2025,23,126.94
13/7/2025,24,115.63
14/7/2025,1,113.78
14/7/2025,2,103.11
14/7/2025,3,97.31
14/7/2025,4,93.57
14/7/2025,5,97.30
14/7/2025,6,108.18
14/7/2025,7,117.87
14/7/2025,8,119.70
14/7/2025,9,103.12
14/7/2025,10,87.75
14/7/2025,11,81.22
14/7/2025,12,77.69
14/7/2025,13,71.95
14/7/2025,14,65.01
14/7/2025,15,58.01
14/7/2025,16,67.28
14/7/2025,17,85.23
14/7/2025,18,99.88
14/7/2025,19,117.00
14/7/2025,20,150.05
14/7/2025,21,186.21
14/7/2025,22,164.52
14/7/2025,23,128.73
14/7/2025,24,114.94
15/7/2025,1,107.59
15/7/2025,2,102.64
15/7/2025,3,92.71
15/7/2025,4,88.22
15/7/2025,5,87.18
15/7/2025,6,93.00
15/7/2025,7,110.69
15/7/2025,8,113.26
15/7/2025,9,106.74
15/7/2025,10,90.29
15/7/2025,11,76.31
15/7/2025,12,64.27
15/7/2025,13,61.73
15/7/2025,14,49.76
15/7/2025,15,50.47
15/7/2025,16,64.91
15/7/2025,17,83.37
15/7/2025,18,100.22
15/7/2025,19,117.11
15/7/2025,20,136.16
15/7/2025,21,147.62
15/7/2025,22,144.83
15/7/2025,23,120.52
15/7/2025,24,110.60
16/7/2025,1,97.93
16/7/2025,2,92.89
16/7/2025,3,85.63
16/7/2025,4,82.27
16/7/2025,5,82.94
16/7/2025,6,88.98
16/7/2025,7,106.05
16/7/2025,8,112.86
16/7/2025,9,111.66
16/7/2025,10,103.18
16/7/2025,11,88.93
16/7/2025,12,85.50
16/7/2025,13,82.80
16/7/2025,14,81.76
16/7/2025,15,78.61
16/7/2025,16,83.81
16/7/2025,17,91.10
16/7/2025,18,95.54
16/7/2025,19,105.52
16/7/2025,20,125.00
16/7/2025,21,143.17
16/7/2025,22,134.85
16/7/2025,23,116.44
16/7/2025,24,108.94
17/7/2025,1,105.09
17/7/2025,2,100.09
17/7/2025,3,91.70
17/7/2025,4,89.30
17/7/2025,5,90.21
17/7/2025,6,93.89
17/7/2025,7,108.91
17/7/2025,8,114.11
17/7/2025,9,105.92
17/7/2025,10,93.10
17/7/2025,11,85.00
17/7/2025,12,77.07
17/7/2025,13,70.17
17/7/2025,14,67.76
17/7/2025,15,57.10
17/7/2025,16,71.34
17/7/2025,17,88.48
17/7/2025,18,94.73
17/7/2025,19,112.75
17/7/2025,20,128.76
17/7/2025,21,139.96
17/7/2025,22,134.50
17/7/2025,23,125.07
17/7/2025,24,114.18
18/7/2025,1,107.84
18/7/2025,2,99.69
18/7/2025,3,96.24
18/7/2025,4,96.29
18/7/2025,5,97.95
18/7/2025,6,107.46
18/7/2025,7,116.86
18/7/2025,8,115.82
18/7/2025,9,109.40
18/7/2025,10,97.77
18/7/2025,11,84.84
18/7/2025,12,82.01
18/7/2025,13,80.00
18/7/2025,14,73.02
18/7/2025,15,71.20
18/7/2025,16,72.68
18/7/2025,17,87.65
18/7/2025,18,91.87
18/7/2025,19,101.90
18/7/2025,20,120.00
18/7/2025,21,142.41
18/7/2025,22,139.50
18/7/2025,23,124.58
18/7/2025,24,111.94
19/7/2025,1,103.49
19/7/2025,2,104.13
19/7/2025,3,102.01
19/7/2025,4,99.65
19/7/2025,5,96.93
19/7/2025,6,95.73
19/7/2025,7,97.07
19/7/2025,8,86.10
19/7/2025,9,78.11
19/7/2025,10,52.32
19/7/2025,11,10.00
19/7/2025,12,0.65
19/7/2025,13,0.00
19/7/2025,14,-0.01
19/7/2025,15,0.00
19/7/2025,16,4.09
19/7/2025,17,40.39
19/7/2025,18,84.60
19/7/2025,19,106.66
19/7/2025,20,115.13
19/7/2025,21,120.72
19/7/2025,22,111.15
19/7/2025,23,105.48
19/7/2025,24,98.02
20/7/2025,1,98.10
20/7/2025,2,88.55
20/7/2025,3,91.30
20/7/2025,4,99.42
20/7/2025,5,99.81
20/7/2025,6,96.71
20/7/2025,7,95.24
20/7/2025,8,78.03
20/7/2025,9,74.60
20/7/2025,10,40.61
20/7/2025,11,8.52
20/7/2025,12,1.96
20/7/2025,13,0.00
20/7/2025,14,-0.01
20/7/2025,15,0.00
20/7/2025,16,8.53
20/7/2025,17,69.88
20/7/2025,18,94.70
20/7/2025,19,104.51
20/7/2025,20,115.63
20/7/2025,21,122.54
20/7/2025,22,126.75
20/7/2025,23,117.31
20/7/2025,24,108.24
21/7/2025,1,91.62
21/7/2025,2,84.97
21/7/2025,3,84.12
21/7/2025,4,83.96
21/7/2025,5,84.96
21/7/2025,6,94.24
21/7/2025,7,116.33
21/7/2025,8,123.34
21/7/2025,9,118.99
21/7/2025,10,105.00
21/7/2025,11,97.67
21/7/2025,12,93.45
21/7/2025,13,84.94
21/7/2025,14,83.84
21/7/2025,15,82.95
21/7/2025,16,84.94
21/7/2025,17,92.60
21/7/2025,18,103.86
21/7/2025,19,119.85
21/7/2025,20,145.57
21/7/2025,21,111.39
21/7/2025,22,113.65
21/7/2025,23,101.91
21/7/2025,24,99.90
22/7/2025,1,90.37
22/7/2025,2,87.53
22/7/2025,3,84.89
22/7/2025,4,82.27
22/7/2025,5,83.70
22/7/2025,6,91.40
22/7/2025,7,109.11
22/7/2025,8,108.66
22/7/2025,9,100.22
22/7/2025,10,91.99
22/7/2025,11,83.17
22/7/2025,12,70.01
22/7/2025,13,64.53
22/7/2025,14,23.99
22/7/2025,15,12.57
22/7/2025,16,42.89
22/7/2025,17,69.94
22/7/2025,18,87.04
22/7/2025,19,112.05
22/7/2025,20,135.55
22/7/2025,21,99.43
22/7/2025,22,106.55
22/7/2025,23,101.30
22/7/2025,24,101.58
23/7/2025,1,93.63
23/7/2025,2,88.67
23/7/2025,3,88.96
23/7/2025,4,84.58
23/7/2025,5,88.72
23/7/2025,6,93.04
23/7/2025,7,95.34
23/7/2025,8,102.74
23/7/2025,9,96.50
23/7/2025,10,82.81
23/7/2025,11,70.63
23/7/2025,12,76.77
23/7/2025,13,69.62
23/7/2025,14,69.50
23/7/2025,15,69.06
23/7/2025,16,70.66
23/7/2025,17,82.27
23/7/2025,18,95.45
23/7/2025,19,122.48
23/7/2025,20,181.21
23/7/2025,21,176.27
23/7/2025,22,93.76
23/7/2025,23,98.89
23/7/2025,24,100.00
24/7/2025,1,97.21
24/7/2025,2,99.22
24/7/2025,3,94.60
24/7/2025,4,93.45
24/7/2025,5,95.37
24/7/2025,6,102.99
24/7/2025,7,110.98
24/7/2025,8,115.44
24/7/2025,9,109.36
24/7/2025,10,96.42
24/7/2025,11,89.86
24/7/2025,12,85.09
24/7/2025,13,82.69
24/7/2025,14,83.21
24/7/2025,15,84.56
24/7/2025,16,89.86
24/7/2025,17,98.56
24/7/2025,18,105.66
24/7/2025,19,106.58
24/7/2025,20,110.00
24/7/2025,21,102.96
24/7/2025,22,123.04
24/7/2025,23,107.47
24/7/2025,24,106.47
25/7/2025,1,109.66
25/7/2025,2,104.06
25/7/2025,3,98.39
25/7/2025,4,94.29
25/7/2025,5,98.85
25/7/2025,6,99.20
25/7/2025,7,110.00
25/7/2025,8,112.29
25/7/2025,9,110.94
25/7/2025,10,98.44
25/7/2025,11,94.93
25/7/2025,12,85.24
25/7/2025,13,83.33
25/7/2025,14,80.31
25/7/2025,15,78.77
25/7/2025,16,86.34
25/7/2025,17,91.55
25/7/2025,18,92.77
25/7/2025,19,116.96
25/7/2025,20,137.60
25/7/2025,21,183.66
25/7/2025,22,135.21
25/7/2025,23,105.39
25/7/2025,24,107.18
26/7/2025,1,108.78
26/7/2025,2,103.92
26/7/2025,3,94.80
26/7/2025,4,96.00
26/7/2025,5,96.45
26/7/2025,6,97.00
26/7/2025,7,98.78
26/7/2025,8,97.23
26/7/2025,9,88.72
26/7/2025,10,87.08
26/7/2025,11,81.02
26/7/2025,12,76.61
26/7/2025,13,67.54
26/7/2025,14,63.14
26/7/2025,15,62.17
26/7/2025,16,71.96
26/7/2025,17,85.20
26/7/2025,18,100.69
26/7/2025,19,92.47
26/7/2025,20,93.86
26/7/2025,21,100.81
26/7/2025,22,115.00
26/7/2025,23,113.62
26/7/2025,24,107.99
27/7/2025,1,102.03
27/7/2025,2,97.00
27/7/2025,3,92.48
27/7/2025,4,89.38
27/7/2025,5,90.06
27/7/2025,6,87.17
27/7/2025,7,87.86
27/7/2025,8,85.60
27/7/2025,9,80.85
27/7/2025,10,80.10
27/7/2025,11,77.09
27/7/2025,12,71.24
27/7/2025,13,46.20
27/7/2025,14,15.04
27/7/2025,15,8.85
27/7/2025,16,17.66
27/7/2025,17,47.08
27/7/2025,18,81.86
27/7/2025,19,82.62
27/7/2025,20,90.79
27/7/2025,21,94.59
27/7/2025,22,115.47
27/7/2025,23,110.00
27/7/2025,24,102.57
28/7/2025,1,97.87
28/7/2025,2,87.02
28/7/2025,3,82.24
28/7/2025,4,80.38
28/7/2025,5,80.80
28/7/2025,6,86.20
28/7/2025,7,105.62
28/7/2025,8,116.88
28/7/2025,9,118.42
28/7/2025,10,108.00
28/7/2025,11,100.75
28/7/2025,12,93.19
28/7/2025,13,84.10
28/7/2025,14,80.21
28/7/2025,15,72.36
28/7/2025,16,77.93
28/7/2025,17,80.45
28/7/2025,18,90.43
28/7/2025,19,88.61
28/7/2025,20,90.90
28/7/2025,21,94.03
28/7/2025,22,99.18
28/7/2025,23,99.56
28/7/2025,24,93.52
29/7/2025,1,88.51
29/7/2025,2,85.86
29/7/2025,3,84.70
29/7/2025,4,84.05
29/7/2025,5,86.25
29/7/2025,6,95.18
29/7/2025,7,101.38
29/7/2025,8,108.90
29/7/2025,9,96.98
29/7/2025,10,82.12
29/7/2025,11,68.77
29/7/2025,12,56.28
29/7/2025,13,25.06
29/7/2025,14,8.95
29/7/2025,15,11.67
29/7/2025,16,21.47
29/7/2025,17,55.14
29/7/2025,18,74.27
29/7/2025,19,85.81
29/7/2025,20,107.85
29/7/2025,21,141.01
29/7/2025,22,116.33
29/7/2025,23,108.83
29/7/2025,24,100.96
30/7/2025,1,96.09
30/7/2025,2,92.03
30/7/2025,3,87.07
30/7/2025,4,85.17
30/7/2025,5,87.15
30/7/2025,6,97.15
30/7/2025,7,100.98
30/7/2025,8,98.65
30/7/2025,9,90.99
30/7/2025,10,72.70
30/7/2025,11,58.59
30/7/2025,12,40.45
30/7/2025,13,24.79
30/7/2025,14,17.69
30/7/2025,15,10.70
30/7/2025,16,28.25
30/7/2025,17,54.23
30/7/2025,18,81.08
30/7/2025,19,84.43
30/7/2025,20,121.34
30/7/2025,21,113.20
30/7/2025,22,108.13
30/7/2025,23,99.62
30/7/2025,24,96.29
31/7/2025,1,94.81
31/7/2025,2,88.24
31/7/2025,3,78.39
31/7/2025,4,75.82
31/7/2025,5,78.37
31/7/2025,6,87.12
31/7/2025,7,100.52
31/7/2025,8,100.69
31/7/2025,9,93.96
31/7/2025,10,85.62
31/7/2025,11,72.89
31/7/2025,12,71.88
31/7/2025,13,62.44
31/7/2025,14,49.48
31/7/2025,15,35.27
31/7/2025,16,56.25
31/7/2025,17,73.74
31/7/2025,18,88.12
31/7/2025,19,90.87
31/7/2025,20,114.17
31/7/2025,21,131.28
31/7/2025,22,118.62
31/7/2025,23,107.87
31/7/2025,24,102.21
1/8/2025,1,104.96
1/8/2025,2,98.01
1/8/2025,3,91.74
1/8/2025,4,88.30
1/8/2025,5,93.62
1/8/2025,6,100.52
1/8/2025,7,106.43
1/8/2025,8,110.00
1/8/2025,9,106.13
1/8/2025,10,98.62
1/8/2025,11,77.66
1/8/2025,12,71.83
1/8/2025,13,72.48
1/8/2025,14,63.67
1/8/2025,15,50.41
1/8/2025,16,50.76
1/8/2025,17,72.40
1/8/2025,18,77.48
1/8/2025,19,91.84
1/8/2025,20,107.62
1/8/2025,21,105.00
1/8/2025,22,99.37
1/8/2025,23,106.42
1/8/2025,24,101.11
2/8/2025,1,104.13
2/8/2025,2,100.00
2/8/2025,3,97.59
2/8/2025,4,92.19
2/8/2025,5,91.37
2/8/2025,6,90.87
2/8/2025,7,89.53
2/8/2025,8,84.61
2/8/2025,9,77.91
2/8/2025,10,61.53
2/8/2025,11,31.71
2/8/2025,12,5.68
2/8/2025,13,2.95
2/8/2025,14,0.00
2/8/2025,15,0.00
2/8/2025,16,0.00
2/8/2025,17,5.43
2/8/2025,18,61.96
2/8/2025,19,92.52
2/8/2025,20,100.14
2/8/2025,21,101.15
2/8/2025,22,100.34
2/8/2025,23,101.05
2/8/2025,24,94.13
3/8/2025,1,82.96
3/8/2025,2,77.40
3/8/2025,3,71.52
3/8/2025,4,68.87
3/8/2025,5,66.59
3/8/2025,6,60.80
3/8/2025,7,47.24
3/8/2025,8,26.18
3/8/2025,9,6.16
3/8/2025,10,0.00
3/8/2025,11,-1.01
3/8/2025,12,-2.10
3/8/2025,13,-3.00
3/8/2025,14,-9.90
3/8/2025,15,-10.08
3/8/2025,16,-4.98
3/8/2025,17,-1.78
3/8/2025,18,-11.06
3/8/2025,19,58.84
3/8/2025,20,79.91
3/8/2025,21,85.38
3/8/2025,22,89.62
3/8/2025,23,94.00
3/8/2025,24,85.09
4/8/2025,1,81.29
4/8/2025,2,70.07
4/8/2025,3,69.97
4/8/2025,4,69.91
4/8/2025,5,73.31
4/8/2025,6,81.90
4/8/2025,7,94.44
4/8/2025,8,102.03
4/8/2025,9,98.60
4/8/2025,10,91.40
4/8/2025,11,72.89
4/8/2025,12,53.83
4/8/2025,13,14.90
4/8/2025,14,4.05
4/8/2025,15,0.66
4/8/2025,16,11.02
4/8/2025,17,34.96
4/8/2025,18,65.28
4/8/2025,19,81.00
4/8/2025,20,90.65
4/8/2025,21,93.08
4/8/2025,22,89.09
4/8/2025,23,68.34
4/8/2025,24,62.14
5/8/2025,1,9.50
5/8/2025,2,15.71
5/8/2025,3,11.54
5/8/2025,4,24.55
5/8/2025,5,54.79
5/8/2025,6,74.46
5/8/2025,7,92.24
5/8/2025,8,94.42
5/8/2025,9,75.45
5/8/2025,10,3.91
5/8/2025,11,0.03
5/8/2025,12,-1.80
5/8/2025,13,-4.81
5/8/2025,14,-6.18
5/8/2025,15,-11.72
5/8/2025,16,-5.54
5/8/2025,17,21.60
5/8/2025,18,55.01
5/8/2025,19,60.80
5/8/2025,20,103.44
5/8/2025,21,114.28
5/8/2025,22,103.44
5/8/2025,23,85.00
5/8/2025,24,79.94
6/8/2025,1,75.00
6/8/2025,2,60.44
6/8/2025,3,59.64
6/8/2025,4,59.37
6/8/2025,5,58.98
6/8/2025,6,83.01
6/8/2025,7,99.68
6/8/2025,8,99.85
6/8/2025,9,83.98
6/8/2025,10,27.84
6/8/2025,11,0.00
6/8/2025,12,-1.01
6/8/2025,13,-4.11
6/8/2025,14,-6.47
6/8/2025,15,-2.87
6/8/2025,16,5.52
6/8/2025,17,19.18
6/8/2025,18,45.97
6/8/2025,19,95.92
6/8/2025,20,109.11
6/8/2025,21,169.88
6/8/2025,22,156.88
6/8/2025,23,110.00
6/8/2025,24,101.58
7/8/2025,1,97.65
7/8/2025,2,97.70
7/8/2025,3,92.13
7/8/2025,4,89.87
7/8/2025,5,90.16
7/8/2025,6,94.42
7/8/2025,7,109.67
7/8/2025,8,105.00
7/8/2025,9,72.67
7/8/2025,10,41.83
7/8/2025,11,6.77
7/8/2025,12,0.00
7/8/2025,13,-0.12
7/8/2025,14,-2.71
7/8/2025,15,-0.25
7/8/2025,16,-0.01
7/8/2025,17,17.09
7/8/2025,18,63.53
7/8/2025,19,98.24
7/8/2025,20,111.57
7/8/2025,21,146.42
7/8/2025,22,127.54
7/8/2025,23,110.00
7/8/2025,24,101.28
8/8/2025,1,94.64
8/8/2025,2,90.38
8/8/2025,3,86.47
8/8/2025,4,83.66
8/8/2025,5,82.00
8/8/2025,6,91.14
8/8/2025,7,101.07
8/8/2025,8,102.69
8/8/2025,9,92.89
8/8/2025,10,65.12
8/8/2025,11,30.52
8/8/2025,12,7.48
8/8/2025,13,0.00
8/8/2025,14,-0.01
8/8/2025,15,-0.01
8/8/2025,16,0.00
8/8/2025,17,10.49
8/8/2025,18,75.60
8/8/2025,19,100.00
8/8/2025,20,133.22
8/8/2025,21,164.05
8/8/2025,22,154.54
8/8/2025,23,122.22
8/8/2025,24,108.68
9/8/2025,1,102.93
9/8/2025,2,102.39
9/8/2025,3,102.00
9/8/2025,4,99.09
9/8/2025,5,100.00
9/8/2025,6,100.00
9/8/2025,7,99.23
9/8/2025,8,93.45
9/8/2025,9,69.73
9/8/2025,10,15.34
9/8/2025,11,-0.02
9/8/2025,12,-1.00
9/8/2025,13,-8.67
9/8/2025,14,-15.96
9/8/2025,15,-15.20
9/8/2025,16,-3.47
9/8/2025,17,-0.01
9/8/2025,18,33.15
9/8/2025,19,82.07
9/8/2025,20,106.38
9/8/2025,21,120.00
9/8/2025,22,119.26
9/8/2025,23,107.77
9/8/2025,24,95.60
10/8/2025,1,84.88
10/8/2025,2,83.43
10/8/2025,3,83.41
10/8/2025,4,78.31
10/8/2025,5,81.12
10/8/2025,6,84.16
10/8/2025,7,82.51
10/8/2025,8,71.97
10/8/2025,9,26.43
10/8/2025,10,-0.01
10/8/2025,11,-3.32
10/8/2025,12,-15.60
10/8/2025,13,-38.92
10/8/2025,14,-61.21
10/8/2025,15,-50.62
10/8/2025,16,-21.00
10/8/2025,17,-0.95
10/8/2025,18,10.90
10/8/2025,19,81.36
10/8/2025,20,109.09
10/8/2025,21,123.64
10/8/2025,22,120.23
10/8/2025,23,107.16
10/8/2025,24,98.87
11/8/2025,1,101.36
11/8/2025,2,93.13
11/8/2025,3,88.36
11/8/2025,4,85.99
11/8/2025,5,94.18
11/8/2025,6,105.51
11/8/2025,7,132.20
11/8/2025,8,131.05
11/8/2025,9,103.44
11/8/2025,10,57.85
11/8/2025,11,22.77
11/8/2025,12,2.54
11/8/2025,13,0.00
11/8/2025,14,0.00
11/8/2025,15,0.00
11/8/2025,16,9.00
11/8/2025,17,58.06
11/8/2025,18,94.83
11/8/2025,19,113.01
11/8/2025,20,169.56
11/8/2025,21,217.30
11/8/2025,22,140.00
11/8/2025,23,108.87
11/8/2025,24,96.00
12/8/2025,1,93.00
12/8/2025,2,89.67
12/8/2025,3,85.41
12/8/2025,4,85.32
12/8/2025,5,87.01
12/8/2025,6,94.82
12/8/2025,7,108.05
12/8/2025,8,105.07
12/8/2025,9,97.94
12/8/2025,10,84.58
12/8/2025,11,38.06
12/8/2025,12,22.56
12/8/2025,13,8.38
12/8/2025,14,3.00
12/8/2025,15,5.15
12/8/2025,16,35.05
12/8/2025,17,73.34
12/8/2025,18,99.96
12/8/2025,19,118.39
12/8/2025,20,183.56
12/8/2025,21,212.05
12/8/2025,22,146.12
12/8/2025,23,114.35
12/8/2025,24,98.07
13/8/2025,1,96.42
13/8/2025,2,90.00
13/8/2025,3,86.89
13/8/2025,4,84.71
13/8/2025,5,87.07
13/8/2025,6,93.52
13/8/2025,7,108.93
13/8/2025,8,107.62
13/8/2025,9,104.34
13/8/2025,10,76.99
13/8/2025,11,45.83
13/8/2025,12,41.84
13/8/2025,13,20.83
13/8/2025,14,16.96
13/8/2025,15,41.39
13/8/2025,16,70.90
13/8/2025,17,84.30
13/8/2025,18,96.64
13/8/2025,19,121.94
13/8/2025,20,204.58
13/8/2025,21,235.80
13/8/2025,22,154.57
13/8/2025,23,123.21
13/8/2025,24,106.27
14/8/2025,1,98.10
14/8/2025,2,92.00
14/8/2025,3,88.45
14/8/2025,4,88.02
14/8/2025,5,88.36
14/8/2025,6,97.49
14/8/2025,7,108.92
14/8/2025,8,110.23
14/8/2025,9,99.92
14/8/2025,10,91.43
14/8/2025,11,77.41
14/8/2025,12,66.74
14/8/2025,13,52.26
14/8/2025,14,41.36
14/8/2025,15,54.90
14/8/2025,16,69.43
14/8/2025,17,78.99
14/8/2025,18,101.51
14/8/2025,19,129.83
14/8/2025,20,233.80
14/8/2025,21,274.02
14/8/2025,22,154.56
14/8/2025,23,120.34
14/8/2025,24,105.95
15/8/2025,1,99.77
15/8/2025,2,99.09
15/8/2025,3,93.63
15/8/2025,4,89.92
15/8/2025,5,91.63
15/8/2025,6,96.47
15/8/2025,7,101.15
15/8/2025,8,100.86
15/8/2025,9,95.62
15/8/2025,10,75.64
15/8/2025,11,32.41
15/8/2025,12,3.00
15/8/2025,13,0.08
15/8/2025,14,0.00
15/8/2025,15,0.00
15/8/2025,16,1.73
15/8/2025,17,31.89
15/8/2025,18,81.50
15/8/2025,19,106.71
15/8/2025,20,117.47
15/8/2025,21,128.68
15/8/2025,22,111.97
15/8/2025,23,105.93
15/8/2025,24,95.92
16/8/2025,1,95.82
16/8/2025,2,90.68
16/8/2025,3,89.62
16/8/2025,4,85.21
16/8/2025,5,83.94
16/8/2025,6,86.88
16/8/2025,7,90.43
16/8/2025,8,89.64
16/8/2025,9,79.86
16/8/2025,10,66.52
16/8/2025,11,25.45
16/8/2025,12,3.80
16/8/2025,13,0.17
16/8/2025,14,-0.01
16/8/2025,15,-0.01
16/8/2025,16,-0.01
16/8/2025,17,29.76
16/8/2025,18,70.01
16/8/2025,19,73.45
16/8/2025,20,81.78
16/8/2025,21,88.00
16/8/2025,22,93.02
16/8/2025,23,93.56
16/8/2025,24,89.98
17/8/2025,1,91.22
17/8/2025,2,85.05
17/8/2025,3,86.15
17/8/2025,4,85.77
17/8/2025,5,86.57
17/8/2025,6,88.56
17/8/2025,7,88.43
17/8/2025,8,79.15
17/8/2025,9,74.40
17/8/2025,10,27.39
17/8/2025,11,8.15
17/8/2025,12,0.32
17/8/2025,13,-0.05
17/8/2025,14,-0.78
17/8/2025,15,-1.03
17/8/2025,16,0.65
17/8/2025,17,14.00
17/8/2025,18,70.55
17/8/2025,19,94.80
17/8/2025,20,109.12
17/8/2025,21,109.84
17/8/2025,22,110.04
17/8/2025,23,105.02
17/8/2025,24,102.41
18/8/2025,1,91.43
18/8/2025,2,86.73
18/8/2025,3,83.81
18/8/2025,4,82.78
18/8/2025,5,87.90
18/8/2025,6,98.84
18/8/2025,7,117.11
18/8/2025,8,125.34
18/8/2025,9,108.78
18/8/2025,10,88.51
18/8/2025,11,71.02
18/8/2025,12,45.93
18/8/2025,13,20.04
18/8/2025,14,14.23
18/8/2025,15,18.34
18/8/2025,16,54.56
18/8/2025,17,71.68
18/8/2025,18,93.82
18/8/2025,19,110.93
18/8/2025,20,185.70
18/8/2025,21,211.45
18/8/2025,22,125.19
18/8/2025,23,107.20
18/8/2025,24,101.25
19/8/2025,1,100.92
19/8/2025,2,94.61
19/8/2025,3,88.00
19/8/2025,4,86.13
19/8/2025,5,89.80
19/8/2025,6,102.21
19/8/2025,7,110.84
19/8/2025,8,109.58
19/8/2025,9,98.05
19/8/2025,10,88.57
19/8/2025,11,69.64
19/8/2025,12,43.23
19/8/2025,13,25.21
19/8/2025,14,20.77
19/8/2025,15,28.79
19/8/2025,16,42.92
19/8/2025,17,65.47
19/8/2025,18,95.33
19/8/2025,19,120.11
19/8/2025,20,155.37
19/8/2025,21,165.78
19/8/2025,22,115.95
19/8/2025,23,104.24
19/8/2025,24,98.22
20/8/2025,1,97.51
20/8/2025,2,92.93
20/8/2025,3,87.44
20/8/2025,4,85.52
20/8/2025,5,89.59
20/8/2025,6,98.68
20/8/2025,7,109.06
20/8/2025,8,109.55
20/8/2025,9,102.58
20/8/2025,10,87.69
20/8/2025,11,76.37
20/8/2025,12,66.19
20/8/2025,13,48.56
20/8/2025,14,35.00
20/8/2025,15,41.89
20/8/2025,16,72.39
20/8/2025,17,80.69
20/8/2025,18,103.73
20/8/2025,19,114.26
20/8/2025,20,136.15
20/8/2025,21,133.62
20/8/2025,22,116.14
20/8/2025,23,105.02
20/8/2025,24,98.95
21/8/2025,1,97.02
21/8/2025,2,88.80
21/8/2025,3,86.23
21/8/2025,4,89.28
21/8/2025,5,90.52
21/8/2025,6,107.21
21/8/2025,7,114.02
21/8/2025,8,115.32
21/8/2025,9,106.73
21/8/2025,10,99.11
21/8/2025,11,88.10
21/8/2025,12,80.09
21/8/2025,13,71.80
21/8/2025,14,70.01
21/8/2025,15,69.62
21/8/2025,16,78.23
21/8/2025,17,84.22
21/8/2025,18,102.03
21/8/2025,19,113.40
21/8/2025,20,129.68
21/8/2025,21,132.91
21/8/2025,22,112.93
21/8/2025,23,103.96
21/8/2025,24,94.17
22/8/2025,1,88.33
22/8/2025,2,80.75
22/8/2025,3,77.23
22/8/2025,4,75.91
22/8/2025,5,75.56
22/8/2025,6,86.30
22/8/2025,7,104.74
22/8/2025,8,106.30
22/8/2025,9,102.09
22/8/2025,10,91.08
22/8/2025,11,72.35
22/8/2025,12,41.50
22/8/2025,13,14.85
22/8/2025,14,4.40
22/8/2025,15,0.70
22/8/2025,16,4.73
22/8/2025,17,45.30
22/8/2025,18,72.22
22/8/2025,19,94.17
22/8/2025,20,105.08
22/8/2025,21,112.82
22/8/2025,22,107.45
22/8/2025,23,103.02
22/8/2025,24,94.37
23/8/2025,1,95.33
23/8/2025,2,89.32
23/8/2025,3,87.61
23/8/2025,4,85.05
23/8/2025,5,85.35
23/8/2025,6,85.46
23/8/2025,7,86.59
23/8/2025,8,86.77
23/8/2025,9,83.29
23/8/2025,10,60.40
23/8/2025,11,13.71
23/8/2025,12,3.32
23/8/2025,13,1.34
23/8/2025,14,0.07
23/8/2025,15,0.17
23/8/2025,16,3.52
23/8/2025,17,12.59
23/8/2025,18,75.36
23/8/2025,19,97.69
23/8/2025,20,109.00
23/8/2025,21,120.28
23/8/2025,22,120.32
23/8/2025,23,111.16
23/8/2025,24,105.24
24/8/2025,1,100.50
24/8/2025,2,95.12
24/8/2025,3,94.20
24/8/2025,4,91.87
24/8/2025,5,90.91
24/8/2025,6,90.80
24/8/2025,7,90.00
24/8/2025,8,84.90
24/8/2025,9,48.37
24/8/2025,10,2.64
24/8/2025,11,-0.01
24/8/2025,12,-0.07
24/8/2025,13,-1.98
24/8/2025,14,-7.45
24/8/2025,15,-7.40
24/8/2025,16,-0.10
24/8/2025,17,0.00
24/8/2025,18,65.46
24/8/2025,19,100.87
24/8/2025,20,110.40
24/8/2025,21,117.21
24/8/2025,22,114.32
24/8/2025,23,107.50
24/8/2025,24,100.52
25/8/2025,1,95.28
25/8/2025,2,87.03
25/8/2025,3,83.48
25/8/2025,4,81.78
25/8/2025,5,82.60
25/8/2025,6,101.79
25/8/2025,7,114.33
25/8/2025,8,123.39
25/8/2025,9,108.88
25/8/2025,10,91.97
25/8/2025,11,70.01
25/8/2025,12,35.02
25/8/2025,13,10.00
25/8/2025,14,5.93
25/8/2025,15,6.78
25/8/2025,16,25.20
25/8/2025,17,59.45
25/8/2025,18,88.12
25/8/2025,19,111.51
25/8/2025,20,157.12
25/8/2025,21,227.31
25/8/2025,22,137.47
25/8/2025,23,115.04
25/8/2025,24,105.15
26/8/2025,1,105.52
26/8/2025,2,101.05
26/8/2025,3,97.80
26/8/2025,4,96.22
26/8/2025,5,98.05
26/8/2025,6,105.41
26/8/2025,7,123.03
26/8/2025,8,122.70
26/8/2025,9,106.64
26/8/2025,10,90.00
26/8/2025,11,73.77
26/8/2025,12,62.72
26/8/2025,13,42.78
26/8/2025,14,26.28
26/8/2025,15,38.05
26/8/2025,16,73.05
26/8/2025,17,89.43
26/8/2025,18,106.86
26/8/2025,19,130.67
26/8/2025,20,193.46
26/8/2025,21,185.66
26/8/2025,22,124.99
26/8/2025,23,109.69
26/8/2025,24,99.37
27/8/2025,1,98.91
27/8/2025,2,90.23
27/8/2025,3,86.76
27/8/2025,4,87.90
27/8/2025,5,90.91
27/8/2025,6,98.72
27/8/2025,7,110.37
27/8/2025,8,115.52
27/8/2025,9,113.64
27/8/2025,10,101.63
27/8/2025,11,83.54
27/8/2025,12,81.08
27/8/2025,13,65.36
27/8/2025,14,51.78
27/8/2025,15,51.32
27/8/2025,16,76.84
27/8/2025,17,85.94
27/8/2025,18,106.04
27/8/2025,19,133.45
27/8/2025,20,218.26
27/8/2025,21,217.95
27/8/2025,22,127.79
27/8/2025,23,113.63
27/8/2025,24,103.57
28/8/2025,1,97.15
28/8/2025,2,92.01
28/8/2025,3,87.98
28/8/2025,4,87.74
28/8/2025,5,91.23
28/8/2025,6,98.38
28/8/2025,7,120.86
28/8/2025,8,136.33
28/8/2025,9,123.46
28/8/2025,10,83.31
28/8/2025,11,71.70
28/8/2025,12,61.79
28/8/2025,13,57.78
28/8/2025,14,53.81
28/8/2025,15,63.61
28/8/2025,16,70.11
28/8/2025,17,92.15
28/8/2025,18,126.10
28/8/2025,19,155.84
28/8/2025,20,188.26
28/8/2025,21,150.60
28/8/2025,22,122.93
28/8/2025,23,106.89
28/8/2025,24,91.59
29/8/2025,1,85.16
29/8/2025,2,84.97
29/8/2025,3,84.76
29/8/2025,4,83.90
29/8/2025,5,86.29
29/8/2025,6,94.50
29/8/2025,7,113.29
29/8/2025,8,119.52
29/8/2025,9,117.86
29/8/2025,10,109.01
29/8/2025,11,87.94
29/8/2025,12,84.87
29/8/2025,13,73.31
29/8/2025,14,57.53
29/8/2025,15,62.83
29/8/2025,16,77.05
29/8/2025,17,88.78
29/8/2025,18,109.37
29/8/2025,19,131.23
29/8/2025,20,156.02
29/8/2025,21,141.73
29/8/2025,22,120.69
29/8/2025,23,100.29
29/8/2025,24,89.96
30/8/2025,1,93.16
30/8/2025,2,87.41
30/8/2025,3,83.92
30/8/2025,4,81.51
30/8/2025,5,84.54
30/8/2025,6,89.28
30/8/2025,7,94.58
30/8/2025,8,97.44
30/8/2025,9,89.43
30/8/2025,10,80.04
30/8/2025,11,37.19
30/8/2025,12,5.23
30/8/2025,13,0.00
30/8/2025,14,0.00
30/8/2025,15,0.00
30/8/2025,16,3.11
30/8/2025,17,30.83
30/8/2025,18,92.49
30/8/2025,19,111.22
30/8/2025,20,126.86
30/8/2025,21,131.73
30/8/2025,22,119.52
30/8/2025,23,104.87
30/8/2025,24,89.63
31/8/2025,1,87.32
31/8/2025,2,77.52
31/8/2025,3,69.30
31/8/2025,4,65.77
31/8/2025,5,62.57
31/8/2025,6,66.75
31/8/2025,7,67.33
31/8/2025,8,64.06
31/8/2025,9,22.30
31/8/2025,10,5.28
31/8/2025,11,0.00
31/8/2025,12,-0.01
31/8/2025,13,-0.10
31/8/2025,14,-0.98
31/8/2025,15,-0.61
31/8/2025,16,0.00
31/8/2025,17,26.37
31/8/2025,18,82.74
31/8/2025,19,118.77
31/8/2025,20,137.67
31/8/2025,21,134.23
31/8/2025,22,115.33
31/8/2025,23,103.42
31/8/2025,24,91.67
1/9/2025,1,86.59
1/9/2025,2,85.10
1/9/2025,3,84.31
1/9/2025,4,83.32
1/9/2025,5,84.89
1/9/2025,6,95.66
1/9/2025,7,120.63
1/9/2025,8,127.19
1/9/2025,9,114.20
1/9/2025,10,99.42
1/9/2025,11,78.94
1/9/2025,12,68.68
1/9/2025,13,39.12
1/9/2025,14,24.72
1/9/2025,15,42.64
1/9/2025,16,69.50
1/9/2025,17,85.01
1/9/2025,18,110.97
1/9/2025,19,160.72
1/9/2025,20,241.50
1/9/2025,21,210.56
1/9/2025,22,121.44
1/9/2025,23,111.29
1/9/2025,24,99.57
2/9/2025,1,93.16
2/9/2025,2,88.84
2/9/2025,3,90.09
2/9/2025,4,91.53
2/9/2025,5,93.87
2/9/2025,6,105.14
2/9/2025,7,129.45
2/9/2025,8,151.47
2/9/2025,9,147.32
2/9/2025,10,118.93
2/9/2025,11,97.23
2/9/2025,12,86.24
2/9/2025,13,80.59
2/9/2025,14,78.03
2/9/2025,15,76.67
2/9/2025,16,82.45
2/9/2025,17,97.44
2/9/2025,18,118.07
2/9/2025,19,172.44
2/9/2025,20,302.75
2/9/2025,21,258.20
2/9/2025,22,138.17
2/9/2025,23,109.35
2/9/2025,24,93.64
3/9/2025,1,100.15
3/9/2025,2,88.94
3/9/2025,3,84.81
3/9/2025,4,80.02
3/9/2025,5,81.52
3/9/2025,6,95.05
3/9/2025,7,120.61
3/9/2025,8,122.47
3/9/2025,9,109.40
3/9/2025,10,85.12
3/9/2025,11,33.80
3/9/2025,12,5.22
3/9/2025,13,4.02
3/9/2025,14,3.58
3/9/2025,15,3.48
3/9/2025,16,21.43
3/9/2025,17,59.90
3/9/2025,18,87.10
3/9/2025,19,120.44
3/9/2025,20,189.72
3/9/2025,21,164.80
3/9/2025,22,107.02
3/9/2025,23,93.89
3/9/2025,24,81.12
4/9/2025,1,57.92
4/9/2025,2,42.83
4/9/2025,3,40.58
4/9/2025,4,43.77
4/9/2025,5,66.38
4/9/2025,6,90.63
4/9/2025,7,118.13
4/9/2025,8,121.23
4/9/2025,9,108.61
4/9/2025,10,76.95
4/9/2025,11,40.98
4/9/2025,12,5.79
4/9/2025,13,3.20
4/9/2025,14,3.33
4/9/2025,15,34.22
4/9/2025,16,69.58
4/9/2025,17,93.12
4/9/2025,18,129.10
4/9/2025,19,189.29
4/9/2025,20,338.31
4/9/2025,21,246.26
4/9/2025,22,134.16
4/9/2025,23,110.17
4/9/2025,24,103.32
5/9/2025,1,97.24
5/9/2025,2,86.42
5/9/2025,3,84.79
5/9/2025,4,84.50
5/9/2025,5,84.65
5/9/2025,6,96.80
5/9/2025,7,118.31
5/9/2025,8,131.29
5/9/2025,9,125.00
5/9/2025,10,101.07
5/9/2025,11,89.51
5/9/2025,12,86.57
5/9/2025,13,80.30
5/9/2025,14,73.94
5/9/2025,15,72.25
5/9/2025,16,79.49
5/9/2025,17,93.61
5/9/2025,18,120.00
5/9/2025,19,125.00
5/9/2025,20,151.47
5/9/2025,21,149.89
5/9/2025,22,113.25
5/9/2025,23,101.43
5/9/2025,24,98.45
6/9/2025,1,101.70
6/9/2025,2,101.39
6/9/2025,3,100.66
6/9/2025,4,99.28
6/9/2025,5,98.39
6/9/2025,6,99.37
6/9/2025,7,101.76
6/9/2025,8,99.56
6/9/2025,9,97.17
6/9/2025,10,80.63
6/9/2025,11,11.57
6/9/2025,12,0.00
6/9/2025,13,-0.02
6/9/2025,14,-0.86
6/9/2025,15,-0.99
6/9/2025,16,-0.01
6/9/2025,17,42.63
6/9/2025,18,86.36
6/9/2025,19,107.20
6/9/2025,20,161.52
6/9/2025,21,136.23
6/9/2025,22,100.90
6/9/2025,23,95.99
6/9/2025,24,84.68
7/9/2025,1,88.70
7/9/2025,2,84.31
7/9/2025,3,80.10
7/9/2025,4,82.69
7/9/2025,5,82.22
7/9/2025,6,81.97
7/9/2025,7,80.43
7/9/2025,8,54.92
7/9/2025,9,0.00
7/9/2025,10,-0.09
7/9/2025,11,-4.00
7/9/2025,12,-20.09
7/9/2025,13,-40.02
7/9/2025,14,-53.40
7/9/2025,15,-46.97
7/9/2025,16,-20.71
7/9/2025,17,-2.71
7/9/2025,18,19.23
7/9/2025,19,108.69
7/9/2025,20,131.47
7/9/2025,21,126.15
7/9/2025,22,107.05
7/9/2025,23,98.60
7/9/2025,24,92.11
8/9/2025,1,84.42
8/9/2025,2,86.67
8/9/2025,3,85.85
8/9/2025,4,84.80
8/9/2025,5,86.32
8/9/2025,6,98.33
8/9/2025,7,123.46
8/9/2025,8,149.80
8/9/2025,9,125.00
8/9/2025,10,101.94
8/9/2025,11,85.83
8/9/2025,12,76.73
8/9/2025,13,65.92
8/9/2025,14,61.47
8/9/2025,15,70.56
8/9/2025,16,79.89
8/9/2025,17,101.44
8/9/2025,18,132.42
8/9/2025,19,210.51
8/9/2025,20,413.66
8/9/2025,21,308.52
8/9/2025,22,150.28
8/9/2025,23,119.37
8/9/2025,24,108.69
9/9/2025,1,108.12
9/9/2025,2,109.21
9/9/2025,3,106.31
9/9/2025,4,104.25
9/9/2025,5,104.21
9/9/2025,6,107.35
9/9/2025,7,182.39
9/9/2025,8,294.59
9/9/2025,9,193.65
9/9/2025,10,125.70
9/9/2025,11,102.57
9/9/2025,12,96.01
9/9/2025,13,84.74
9/9/2025,14,84.27
9/9/2025,15,87.45
9/9/2025,16,94.85
9/9/2025,17,105.81
9/9/2025,18,131.17
9/9/2025,19,192.68
9/9/2025,20,386.40
9/9/2025,21,210.00
9/9/2025,22,130.02
9/9/2025,23,112.62
9/9/2025,24,105.90
10/9/2025,1,104.86
10/9/2025,2,103.61
10/9/2025,3,100.57
10/9/2025,4,101.42
10/9/2025,5,100.87
10/9/2025,6,110.31
10/9/2025,7,133.35
10/9/2025,8,216.33
10/9/2025,9,165.29
10/9/2025,10,122.31
10/9/2025,11,113.97
10/9/2025,12,114.82
10/9/2025,13,103.58
10/9/2025,14,96.03
10/9/2025,15,86.56
10/9/2025,16,95.58
10/9/2025,17,110.26
10/9/2025,18,126.54
10/9/2025,19,170.59
10/9/2025,20,276.46
10/9/2025,21,172.73
10/9/2025,22,117.57
10/9/2025,23,98.94
10/9/2025,24,84.59
11/9/2025,1,85.95
11/9/2025,2,83.19
11/9/2025,3,75.65
11/9/2025,4,67.14
11/9/2025,5,66.20
11/9/2025,6,71.23
11/9/2025,7,105.95
11/9/2025,8,123.07
11/9/2025,9,121.14
11/9/2025,10,104.81
11/9/2025,11,76.01
11/9/2025,12,38.73
11/9/2025,13,51.48
11/9/2025,14,49.23
11/9/2025,15,57.64
11/9/2025,16,54.03
11/9/2025,17,46.92
11/9/2025,18,89.09
11/9/2025,19,126.33
11/9/2025,20,188.92
11/9/2025,21,151.12
11/9/2025,22,116.25
11/9/2025,23,92.43
11/9/2025,24,81.94
12/9/2025,1,48.33
12/9/2025,2,42.49
12/9/2025,3,35.11
12/9/2025,4,33.23
12/9/2025,5,41.42
12/9/2025,6,73.44
12/9/2025,7,114.49
12/9/2025,8,123.43
12/9/2025,9,109.04
12/9/2025,10,92.68
12/9/2025,11,58.95
12/9/2025,12,49.64
12/9/2025,13,47.43
12/9/2025,14,46.93
12/9/2025,15,59.75
12/9/2025,16,76.99
12/9/2025,17,92.55
12/9/2025,18,97.99
12/9/2025,19,130.14
12/9/2025,20,200.52
12/9/2025,21,165.00
12/9/2025,22,119.39
12/9/2025,23,104.84
12/9/2025,24,98.65
13/9/2025,1,94.30
13/9/2025,2,79.39
13/9/2025,3,72.93
13/9/2025,4,73.75
13/9/2025,5,79.32
13/9/2025,6,82.83
13/9/2025,7,86.36
13/9/2025,8,78.23
13/9/2025,9,72.18
13/9/2025,10,54.48
13/9/2025,11,14.27
13/9/2025,12,2.37
13/9/2025,13,0.00
13/9/2025,14,0.01
13/9/2025,15,0.01
13/9/2025,16,0.02
13/9/2025,17,41.22
13/9/2025,18,101.57
13/9/2025,19,123.70
13/9/2025,20,142.34
13/9/2025,21,127.60
13/9/2025,22,113.87
13/9/2025,23,100.62
13/9/2025,24,88.10
14/9/2025,1,85.50
14/9/2025,2,77.16
14/9/2025,3,79.68
14/9/2025,4,84.97
14/9/2025,5,92.72
14/9/2025,6,99.30
14/9/2025,7,99.25
14/9/2025,8,103.59
14/9/2025,9,107.52
14/9/2025,10,87.70
14/9/2025,11,61.58
14/9/2025,12,17.66
14/9/2025,13,6.57
14/9/2025,14,0.00
14/9/2025,15,-0.01
14/9/2025,16,0.00
14/9/2025,17,19.63
14/9/2025,18,95.86
14/9/2025,19,126.39
14/9/2025,20,153.29
14/9/2025,21,126.73
14/9/2025,22,96.36
14/9/2025,23,88.69
14/9/2025,24,59.17
15/9/2025,1,45.18
15/9/2025,2,38.07
15/9/2025,3,18.19
15/9/2025,4,16.89
15/9/2025,5,17.23
15/9/2025,6,77.52
15/9/2025,7,251.79
15/9/2025,8,162.58
15/9/2025,9,143.47
15/9/2025,10,88.21
15/9/2025,11,22.55
15/9/2025,12,18.60
15/9/2025,13,25.00
15/9/2025,14,33.72
15/9/2025,15,29.71
15/9/2025,16,62.02
15/9/2025,17,84.92
15/9/2025,18,100.00
15/9/2025,19,140.00
15/9/2025,20,105.00
15/9/2025,21,120.61
15/9/2025,22,98.72
15/9/2025,23,69.71
15/9/2025,24,9.48
16/9/2025,1,33.47
16/9/2025,2,58.49
16/9/2025,3,63.40
16/9/2025,4,77.12
16/9/2025,5,73.94
16/9/2025,6,62.83
16/9/2025,7,131.60
16/9/2025,8,195.00
16/9/2025,9,145.30
16/9/2025,10,119.72
16/9/2025,11,80.87
16/9/2025,12,52.97
16/9/2025,13,66.91
16/9/2025,14,59.72
16/9/2025,15,71.30
16/9/2025,16,87.25
16/9/2025,17,138.17
16/9/2025,18,238.48
16/9/2025,19,146.08
16/9/2025,20,149.05
16/9/2025,21,111.00
16/9/2025,22,98.67
16/9/2025,23,103.88
16/9/2025,24,66.86
17/9/2025,1,70.80
17/9/2025,2,63.52
17/9/2025,3,50.97
17/9/2025,4,47.81
17/9/2025,5,57.66
17/9/2025,6,70.46
17/9/2025,7,112.71
17/9/2025,8,124.24
17/9/2025,9,112.69
17/9/2025,10,94.26
17/9/2025,11,69.34
17/9/2025,12,43.50
17/9/2025,13,12.04
17/9/2025,14,8.56
17/9/2025,15,11.66
17/9/2025,16,45.80
17/9/2025,17,83.64
17/9/2025,18,109.11
17/9/2025,19,114.00
17/9/2025,20,170.32
17/9/2025,21,136.63
17/9/2025,22,110.00
17/9/2025,23,100.00
17/9/2025,24,78.66
18/9/2025,1,57.64
18/9/2025,2,49.63
18/9/2025,3,38.85
18/9/2025,4,38.75
18/9/2025,5,49.22
18/9/2025,6,75.94
18/9/2025,7,115.00
18/9/2025,8,117.81
18/9/2025,9,112.90
18/9/2025,10,91.36
18/9/2025,11,66.01
18/9/2025,12,5.94
18/9/2025,13,0.20
18/9/2025,14,0.00
18/9/2025,15,0.00
18/9/2025,16,0.53
18/9/2025,17,51.54
18/9/2025,18,120.86
18/9/2025,19,144.94
18/9/2025,20,212.26
18/9/2025,21,147.12
18/9/2025,22,110.00
18/9/2025,23,102.07
18/9/2025,24,88.20
19/9/2025,1,74.09
19/9/2025,2,72.22
19/9/2025,3,70.58
19/9/2025,4,70.29
19/9/2025,5,70.38
19/9/2025,6,86.10
19/9/2025,7,118.42
19/9/2025,8,141.48
19/9/2025,9,117.45
19/9/2025,10,92.51
19/9/2025,11,53.21
19/9/2025,12,13.12
19/9/2025,13,0.99
19/9/2025,14,0.00
19/9/2025,15,0.00
19/9/2025,16,11.97
19/9/2025,17,76.93
19/9/2025,18,118.68
19/9/2025,19,255.21
19/9/2025,20,409.24
19/9/2025,21,167.05
19/9/2025,22,110.91
19/9/2025,23,95.47
19/9/2025,24,80.03
20/9/2025,1,90.15
20/9/2025,2,80.58
20/9/2025,3,77.19
20/9/2025,4,77.04
20/9/2025,5,77.00
20/9/2025,6,82.66
20/9/2025,7,91.11
20/9/2025,8,89.67
20/9/2025,9,77.66
20/9/2025,10,24.91
20/9/2025,11,0.98
20/9/2025,12,-0.89
20/9/2025,13,-7.45
20/9/2025,14,-10.25
20/9/2025,15,-4.70
20/9/2025,16,0.10
20/9/2025,17,28.84
20/9/2025,18,96.69
20/9/2025,19,118.22
20/9/2025,20,126.99
20/9/2025,21,95.47
20/9/2025,22,79.14
20/9/2025,23,75.12
20/9/2025,24,49.18
21/9/2025,1,3.45
21/9/2025,2,1.14
21/9/2025,3,2.64
21/9/2025,4,0.62
21/9/2025,5,1.29
21/9/2025,6,0.58
21/9/2025,7,4.41
21/9/2025,8,5.23
21/9/2025,9,3.15
21/9/2025,10,0.40
21/9/2025,11,-0.25
21/9/2025,12,-6.87
21/9/2025,13,-10.36
21/9/2025,14,-10.73
21/9/2025,15,-2.58
21/9/2025,16,-0.07
21/9/2025,17,9.47
21/9/2025,18,88.87
21/9/2025,19,110.72
21/9/2025,20,118.60
21/9/2025,21,117.58
21/9/2025,22,103.57
21/9/2025,23,97.59
21/9/2025,24,90.59
22/9/2025,1,84.95
22/9/2025,2,81.26
22/9/2025,3,77.32
22/9/2025,4,76.98
22/9/2025,5,77.79
22/9/2025,6,91.71
22/9/2025,7,119.98
22/9/2025,8,129.86
22/9/2025,9,128.51
22/9/2025,10,106.34
22/9/2025,11,88.11
22/9/2025,12,69.61
22/9/2025,13,70.41
22/9/2025,14,65.06
22/9/2025,15,70.42
22/9/2025,16,76.05
22/9/2025,17,88.42
22/9/2025,18,122.95
22/9/2025,19,143.06
22/9/2025,20,216.38
22/9/2025,21,144.51
22/9/2025,22,114.24
22/9/2025,23,100.24
22/9/2025,24,92.77
23/9/2025,1,86.64
23/9/2025,2,86.71
23/9/2025,3,86.15
23/9/2025,4,86.08
23/9/2025,5,88.70
23/9/2025,6,101.47
23/9/2025,7,126.62
23/9/2025,8,172.36
23/9/2025,9,159.13
23/9/2025,10,119.37
23/9/2025,11,89.84
23/9/2025,12,88.92
23/9/2025,13,80.86
23/9/2025,14,77.82
23/9/2025,15,77.56
23/9/2025,16,88.60
23/9/2025,17,102.65
23/9/2025,18,127.01
23/9/2025,19,157.33
23/9/2025,20,216.73
23/9/2025,21,125.53
23/9/2025,22,101.58
23/9/2025,23,96.92
23/9/2025,24,91.98
24/9/2025,1,75.64
24/9/2025,2,70.05
24/9/2025,3,69.46
24/9/2025,4,70.17
24/9/2025,5,58.67
24/9/2025,6,71.28
24/9/2025,7,110.41
24/9/2025,8,130.20
24/9/2025,9,119.50
24/9/2025,10,92.86
24/9/2025,11,62.28
24/9/2025,12,41.17
24/9/2025,13,27.10
24/9/2025,14,28.68
24/9/2025,15,28.21
24/9/2025,16,65.69
24/9/2025,17,76.26
24/9/2025,18,91.19
24/9/2025,19,113.08
24/9/2025,20,119.62
24/9/2025,21,108.42
24/9/2025,22,88.11
24/9/2025,23,81.54
24/9/2025,24,63.78
25/9/2025,1,73.22
25/9/2025,2,70.16
25/9/2025,3,67.15
25/9/2025,4,66.86
25/9/2025,5,70.34
25/9/2025,6,79.60
25/9/2025,7,110.10
25/9/2025,8,120.11
25/9/2025,9,124.72
25/9/2025,10,99.11
25/9/2025,11,85.73
25/9/2025,12,136.26
25/9/2025,13,114.15
25/9/2025,14,65.81
25/9/2025,15,50.98
25/9/2025,16,78.75
25/9/2025,17,84.24
25/9/2025,18,106.50
25/9/2025,19,116.52
25/9/2025,20,136.61
25/9/2025,21,123.61
25/9/2025,22,101.82
25/9/2025,23,89.58
25/9/2025,24,81.09
26/9/2025,1,78.48
26/9/2025,2,75.08
26/9/2025,3,73.18
26/9/2025,4,73.20
26/9/2025,5,75.12
26/9/2025,6,82.30
26/9/2025,7,105.52
26/9/2025,8,119.97
26/9/2025,9,124.63
26/9/2025,10,114.16
26/9/2025,11,105.00
26/9/2025,12,99.90
26/9/2025,13,98.86
26/9/2025,14,83.35
26/9/2025,15,83.78
26/9/2025,16,82.88
26/9/2025,17,99.34
26/9/2025,18,110.88
26/9/2025,19,124.17
26/9/2025,20,132.96
26/9/2025,21,119.61
26/9/2025,22,106.21
26/9/2025,23,96.90
26/9/2025,24,89.90
27/9/2025,1,85.01
27/9/2025,2,83.76
27/9/2025,3,83.30
27/9/2025,4,83.19
27/9/2025,5,86.07
27/9/2025,6,90.00
27/9/2025,7,90.50
27/9/2025,8,104.69
27/9/2025,9,109.63
27/9/2025,10,97.26
27/9/2025,11,89.58
27/9/2025,12,79.73
27/9/2025,13,64.26
27/9/2025,14,36.66
27/9/2025,15,49.45
27/9/2025,16,79.79
27/9/2025,17,95.03
27/9/2025,18,112.74
27/9/2025,19,133.07
27/9/2025,20,147.26
27/9/2025,21,120.00
27/9/2025,22,109.15
27/9/2025,23,104.98
27/9/2025,24,94.47
28/9/2025,1,98.57
28/9/2025,2,96.34
28/9/2025,3,94.41
28/9/2025,4,91.61
28/9/2025,5,95.03
28/9/2025,6,97.06
28/9/2025,7,99.70
28/9/2025,8,105.16
28/9/2025,9,98.24
28/9/2025,10,92.93
28/9/2025,11,83.52
28/9/2025,12,37.73
28/9/2025,13,17.11
28/9/2025,14,8.53
28/9/2025,15,13.00
28/9/2025,16,63.03
28/9/2025,17,83.45
28/9/2025,18,99.01
28/9/2025,19,125.43
28/9/2025,20,127.81
28/9/2025,21,118.45
28/9/2025,22,107.40
28/9/2025,23,97.34
28/9/2025,24,96.71
29/9/2025,1,92.44
29/9/2025,2,90.35
29/9/2025,3,89.52
29/9/2025,4,89.69
29/9/2025,5,89.81
29/9/2025,6,100.00
29/9/2025,7,130.03
29/9/2025,8,212.21
29/9/2025,9,164.86
29/9/2025,10,120.68
29/9/2025,11,91.09
29/9/2025,12,86.24
29/9/2025,13,80.00
29/9/2025,14,78.50
29/9/2025,15,85.11
29/9/2025,16,89.16
29/9/2025,17,102.30
29/9/2025,18,134.81
29/9/2025,19,274.59
29/9/2025,20,402.21
29/9/2025,21,165.12
29/9/2025,22,121.13
29/9/2025,23,101.83
29/9/2025,24,89.41
30/9/2025,1,101.42
30/9/2025,2,98.15
30/9/2025,3,97.22
30/9/2025,4,96.68
30/9/2025,5,99.78
30/9/2025,6,101.37
30/9/2025,7,137.47
30/9/2025,8,244.00
30/9/2025,9,209.23
30/9/2025,10,136.34
30/9/2025,11,116.64
30/9/2025,12,98.43
30/9/2025,13,89.56
30/9/2025,14,88.06
30/9/2025,15,89.94
30/9/2025,16,98.77
30/9/2025,17,114.54
30/9/2025,18,156.02
30/9/2025,19,250.86
30/9/2025,20,356.15
30/9/2025,21,138.73
30/9/2025,22,104.71
30/9/2025,23,95.00
30/9/2025,24,91.39
1/10/2025,1,85.56
1/10/2025,2,82.32
1/10/2025,3,78.54
1/10/2025,4,90.17
1/10/2025,5,89.01
1/10/2025,6,97.37
1/10/2025,7,127.30
1/10/2025,8,175.46
1/10/2025,9,138.74
1/10/2025,10,105.23
1/10/2025,11,86.50
1/10/2025,12,75.97
1/10/2025,13,71.47
1/10/2025,14,74.29
1/10/2025,15,78.48
1/10/2025,16,87.45
1/10/2025,17,98.01
1/10/2025,18,135.00
1/10/2025,19,249.52
1/10/2025,20,339.75
1/10/2025,21,150.72
1/10/2025,22,113.11
1/10/2025,23,98.93
1/10/2025,24,90.99
2/10/2025,1,91.44
2/10/2025,2,88.59
2/10/2025,3,87.50
2/10/2025,4,90.30
2/10/2025,5,92.28
2/10/2025,6,96.83
2/10/2025,7,130.80
2/10/2025,8,179.79
2/10/2025,9,137.16
2/10/2025,10,100.04
2/10/2025,11,91.26
2/10/2025,12,79.97
2/10/2025,13,68.09
2/10/2025,14,63.52
2/10/2025,15,74.36
2/10/2025,16,83.69
2/10/2025,17,90.02
2/10/2025,18,124.84
2/10/2025,19,173.05
2/10/2025,20,188.22
2/10/2025,21,126.30
2/10/2025,22,101.78
2/10/2025,23,99.90
2/10/2025,24,88.26
3/10/2025,1,86.63
3/10/2025,2,77.25
3/10/2025,3,74.57
3/10/2025,4,74.96
3/10/2025,5,77.73
3/10/2025,6,89.46
3/10/2025,7,118.58
3/10/2025,8,130.22
3/10/2025,9,111.44
3/10/2025,10,90.17
3/10/2025,11,64.99
3/10/2025,12,43.12
3/10/2025,13,28.56
3/10/2025,14,20.18
3/10/2025,15,31.70
3/10/2025,16,59.82
3/10/2025,17,82.79
3/10/2025,18,110.97
3/10/2025,19,146.10
3/10/2025,20,140.78
3/10/2025,21,107.36
3/10/2025,22,78.64
3/10/2025,23,62.33
3/10/2025,24,36.30
4/10/2025,1,52.99
4/10/2025,2,40.71
4/10/2025,3,44.13
4/10/2025,4,21.12
4/10/2025,5,24.50
4/10/2025,6,4.81
4/10/2025,7,28.02
4/10/2025,8,46.89
4/10/2025,9,51.67
4/10/2025,10,36.88
4/10/2025,11,19.00
4/10/2025,12,2.03
4/10/2025,13,0.72
4/10/2025,14,3.81
4/10/2025,15,18.98
4/10/2025,16,40.01
4/10/2025,17,46.27
4/10/2025,18,40.39
4/10/2025,19,37.87
4/10/2025,20,72.34
4/10/2025,21,49.47
4/10/2025,22,17.08
4/10/2025,23,35.70
4/10/2025,24,3.26
5/10/2025,1,-0.79
5/10/2025,2,1.27
5/10/2025,3,-1.09
5/10/2025,4,-1.17
5/10/2025,5,-1.06
5/10/2025,6,-0.99
5/10/2025,7,-1.72
5/10/2025,8,-0.31
5/10/2025,9,15.04
5/10/2025,10,16.23
5/10/2025,11,16.02
5/10/2025,12,10.44
5/10/2025,13,15.94
5/10/2025,14,6.66
5/10/2025,15,1.62
5/10/2025,16,6.57
5/10/2025,17,8.03
5/10/2025,18,64.94
5/10/2025,19,100.81
5/10/2025,20,185.00
5/10/2025,21,136.63
5/10/2025,22,65.00
5/10/2025,23,65.00
5/10/2025,24,65.00
6/10/2025,1,53.01
6/10/2025,2,86.57
6/10/2025,3,63.27
6/10/2025,4,42.37
6/10/2025,5,20.73
6/10/2025,6,25.66
6/10/2025,7,105.00
6/10/2025,8,120.00
6/10/2025,9,110.01
6/10/2025,10,120.00
6/10/2025,11,101.53
6/10/2025,12,90.62
6/10/2025,13,89.43
6/10/2025,14,83.92
6/10/2025,15,93.30
6/10/2025,16,92.20
6/10/2025,17,94.16
6/10/2025,18,110.00
6/10/2025,19,127.96
6/10/2025,20,158.37
6/10/2025,21,126.94
6/10/2025,22,120.19
6/10/2025,23,119.33
6/10/2025,24,105.89
7/10/2025,1,100.68
7/10/2025,2,94.18
7/10/2025,3,90.38
7/10/2025,4,90.07
7/10/2025,5,93.83
7/10/2025,6,97.29
7/10/2025,7,134.49
7/10/2025,8,228.56
7/10/2025,9,284.54
7/10/2025,10,208.59
7/10/2025,11,152.29
7/10/2025,12,131.35
7/10/2025,13,112.92
7/10/2025,14,108.50
7/10/2025,15,107.75
7/10/2025,16,115.64
7/10/2025,17,124.61
7/10/2025,18,152.46
7/10/2025,19,204.46
7/10/2025,20,217.86
7/10/2025,21,146.41
7/10/2025,22,123.24
7/10/2025,23,107.42
7/10/2025,24,97.48
8/10/2025,1,93.45
8/10/2025,2,88.44
8/10/2025,3,87.56
8/10/2025,4,87.20
8/10/2025,5,90.27
8/10/2025,6,98.29
8/10/2025,7,116.80
8/10/2025,8,154.23
8/10/2025,9,165.96
8/10/2025,10,134.62
8/10/2025,11,117.18
8/10/2025,12,104.18
8/10/2025,13,91.34
8/10/2025,14,90.11
8/10/2025,15,91.41
8/10/2025,16,100.62
8/10/2025,17,118.70
8/10/2025,18,148.89
8/10/2025,19,179.14
8/10/2025,20,198.98
8/10/2025,21,140.00
8/10/2025,22,112.81
8/10/2025,23,108.86
8/10/2025,24,98.07
9/10/2025,1,97.38
9/10/2025,2,92.95
9/10/2025,3,93.66
9/10/2025,4,91.76
9/10/2025,5,94.02
9/10/2025,6,102.79
9/10/2025,7,126.61
9/10/2025,8,144.82
9/10/2025,9,149.94
9/10/2025,10,133.23
9/10/2025,11,110.81
9/10/2025,12,98.32
9/10/2025,13,94.14
9/10/2025,14,89.59
9/10/2025,15,88.91
9/10/2025,16,97.61
9/10/2025,17,99.46
9/10/2025,18,109.39
9/10/2025,19,116.52
9/10/2025,20,114.63
9/10/2025,21,106.55
9/10/2025,22,96.17
9/10/2025,23,88.08
9/10/2025,24,77.77
10/10/2025,1,86.49
10/10/2025,2,84.36
10/10/2025,3,79.52
10/10/2025,4,78.04
10/10/2025,5,78.04
10/10/2025,6,78.01
10/10/2025,7,93.58
10/10/2025,8,111.82
10/10/2025,9,121.99
10/10/2025,10,107.93
10/10/2025,11,93.33
10/10/2025,12,82.88
10/10/2025,13,77.77
10/10/2025,14,77.75
10/10/2025,15,80.96
10/10/2025,16,91.50
10/10/2025,17,96.87
10/10/2025,18,111.41
10/10/2025,19,107.47
10/10/2025,20,109.56
10/10/2025,21,105.76
10/10/2025,22,97.80
10/10/2025,23,93.51
10/10/2025,24,91.53
11/10/2025,1,92.96
11/10/2025,2,88.84
11/10/2025,3,87.79
11/10/2025,4,84.61
11/10/2025,5,82.75
11/10/2025,6,85.05
11/10/2025,7,90.27
11/10/2025,8,96.75
11/10/2025,9,100.46
11/10/2025,10,94.54
11/10/2025,11,84.96
11/10/2025,12,74.92
11/10/2025,13,59.14
11/10/2025,14,45.84
11/10/2025,15,49.82
11/10/2025,16,77.57
11/10/2025,17,87.30
11/10/2025,18,116.24
11/10/2025,19,125.90
11/10/2025,20,130.50
11/10/2025,21,120.98
11/10/2025,22,113.33
11/10/2025,23,107.49
11/10/2025,24,95.15
12/10/2025,1,96.33
12/10/2025,2,93.02
12/10/2025,3,89.62
12/10/2025,4,86.28
12/10/2025,5,87.45
12/10/2025,6,88.01
12/10/2025,7,88.89
12/10/2025,8,89.54
12/10/2025,9,88.81
12/10/2025,10,84.69
12/10/2025,11,80.78
12/10/2025,12,76.54
12/10/2025,13,52.46
12/10/2025,14,52.59
12/10/2025,15,65.38
12/10/2025,16,84.17
12/10/2025,17,92.42
12/10/2025,18,105.35
12/10/2025,19,102.41
12/10/2025,20,108.53
12/10/2025,21,108.56
12/10/2025,22,108.80
12/10/2025,23,108.75
12/10/2025,24,93.97
13/10/2025,1,94.62
13/10/2025,2,91.27
13/10/2025,3,92.03
13/10/2025,4,91.57
13/10/2025,5,96.57
13/10/2025,6,100.54
13/10/2025,7,122.73
13/10/2025,8,204.07
13/10/2025,9,195.24
13/10/2025,10,148.74
13/10/2025,11,127.45
13/10/2025,12,113.19
13/10/2025,13,95.92
13/10/2025,14,91.31
13/10/2025,15,94.34
13/10/2025,16,104.46
13/10/2025,17,111.58
13/10/2025,18,165.00
13/10/2025,19,287.83
13/10/2025,20,287.51
13/10/2025,21,167.91
13/10/2025,22,124.82
13/10/2025,23,122.00
13/10/2025,24,111.66
14/10/2025,1,109.86
14/10/2025,2,103.77
14/10/2025,3,100.41
14/10/2025,4,100.32
14/10/2025,5,101.80
14/10/2025,6,107.57
14/10/2025,7,128.30
14/10/2025,8,169.18
14/10/2025,9,197.16
14/10/2025,10,159.02
14/10/2025,11,134.08
14/10/2025,12,121.54
14/10/2025,13,109.67
14/10/2025,14,106.57
14/10/2025,15,113.28
14/10/2025,16,130.91
14/10/2025,17,157.90
14/10/2025,18,221.54
14/10/2025,19,391.95
14/10/2025,20,400.62
14/10/2025,21,217.31
14/10/2025,22,150.00
14/10/2025,23,126.38
14/10/2025,24,114.46
15/10/2025,1,117.00
15/10/2025,2,113.79
15/10/2025,3,109.43
15/10/2025,4,105.67
15/10/2025,5,108.85
15/10/2025,6,115.33
15/10/2025,7,155.00
15/10/2025,8,282.83
15/10/2025,9,275.88
15/10/2025,10,180.05
15/10/2025,11,141.56
15/10/2025,12,128.26
15/10/2025,13,121.83
15/10/2025,14,115.58
15/10/2025,15,119.14
15/10/2025,16,126.81
15/10/2025,17,141.78
15/10/2025,18,155.09
15/10/2025,19,201.75
15/10/2025,20,205.73
15/10/2025,21,136.19
15/10/2025,22,110.61
15/10/2025,23,90.04
15/10/2025,24,70.91
16/10/2025,1,87.81
16/10/2025,2,86.49
16/10/2025,3,90.82
16/10/2025,4,88.61
16/10/2025,5,91.01
16/10/2025,6,89.36
16/10/2025,7,107.52
16/10/2025,8,115.79
16/10/2025,9,132.85
16/10/2025,10,120.20
16/10/2025,11,93.13
16/10/2025,12,88.46
16/10/2025,13,84.00
16/10/2025,14,82.62
16/10/2025,15,85.14
16/10/2025,16,86.88
16/10/2025,17,105.01
16/10/2025,18,121.62
16/10/2025,19,134.02
16/10/2025,20,139.96
16/10/2025,21,123.61
16/10/2025,22,107.79
16/10/2025,23,103.02
16/10/2025,24,93.95
17/10/2025,1,89.51
17/10/2025,2,82.60
17/10/2025,3,84.41
17/10/2025,4,82.75
17/10/2025,5,88.54
17/10/2025,6,97.49
17/10/2025,7,116.38
17/10/2025,8,137.75
17/10/2025,9,146.31
17/10/2025,10,129.02
17/10/2025,11,118.20
17/10/2025,12,99.84
17/10/2025,13,89.74
17/10/2025,14,89.40
17/10/2025,15,92.13
17/10/2025,16,99.68
17/10/2025,17,113.94
17/10/2025,18,129.65
17/10/2025,19,139.10
17/10/2025,20,140.00
17/10/2025,21,120.66
17/10/2025,22,106.09
17/10/2025,23,99.82
17/10/2025,24,92.82
18/10/2025,1,77.35
18/10/2025,2,75.11
18/10/2025,3,78.62
18/10/2025,4,79.90
18/10/2025,5,82.95
18/10/2025,6,80.55
18/10/2025,7,87.76
18/10/2025,8,104.61
18/10/2025,9,112.37
18/10/2025,10,106.97
18/10/2025,11,96.10
18/10/2025,12,84.02
18/10/2025,13,76.34
18/10/2025,14,71.35
18/10/2025,15,76.08
18/10/2025,16,86.26
18/10/2025,17,93.82
18/10/2025,18,117.80
18/10/2025,19,126.58
18/10/2025,20,117.80
18/10/2025,21,107.59
18/10/2025,22,95.43
18/10/2025,23,97.57
18/10/2025,24,94.57
19/10/2025,1,92.63
19/10/2025,2,84.81
19/10/2025,3,78.82
19/10/2025,4,79.33
19/10/2025,5,81.10
19/10/2025,6,85.62
19/10/2025,7,90.42
19/10/2025,8,93.03
19/10/2025,9,91.20
19/10/2025,10,80.70
19/10/2025,11,72.10
19/10/2025,12,62.21
19/10/2025,13,34.88
19/10/2025,14,20.62
19/10/2025,15,37.12
19/10/2025,16,69.70
19/10/2025,17,92.01
19/10/2025,18,120.93
19/10/2025,19,124.31
19/10/2025,20,109.10
19/10/2025,21,94.36
19/10/2025,22,89.44
19/10/2025,23,80.70
19/10/2025,24,65.11
20/10/2025,1,73.92
20/10/2025,2,69.83
20/10/2025,3,67.28
20/10/2025,4,66.54
20/10/2025,5,67.52
20/10/2025,6,81.68
20/10/2025,7,120.00
20/10/2025,8,132.61
20/10/2025,9,124.43
20/10/2025,10,107.51
20/10/2025,11,94.45
20/10/2025,12,84.44
20/10/2025,13,91.11
20/10/2025,14,94.06
20/10/2025,15,88.14
20/10/2025,16,104.04
20/10/2025,17,113.17
20/10/2025,18,113.73
20/10/2025,19,99.95
20/10/2025,20,86.25
20/10/2025,21,75.70
20/10/2025,22,72.22
20/10/2025,23,73.70
20/10/2025,24,63.18
21/10/2025,1,70.02
21/10/2025,2,56.22
21/10/2025,3,53.26
21/10/2025,4,46.12
21/10/2025,5,51.19
21/10/2025,6,65.08
21/10/2025,7,78.53
21/10/2025,8,120.00
21/10/2025,9,116.48
21/10/2025,10,91.74
21/10/2025,11,96.15
21/10/2025,12,100.05
21/10/2025,13,99.28
21/10/2025,14,93.19
21/10/2025,15,78.84
21/10/2025,16,72.71
21/10/2025,17,82.18
21/10/2025,18,112.85
21/10/2025,19,117.66
21/10/2025,20,115.47
21/10/2025,21,105.11
21/10/2025,22,93.96
21/10/2025,23,88.83
21/10/2025,24,80.70
22/10/2025,1,92.42
22/10/2025,2,92.04
22/10/2025,3,91.57
22/10/2025,4,92.72
22/10/2025,5,92.57
22/10/2025,6,93.64
22/10/2025,7,112.83
22/10/2025,8,129.89
22/10/2025,9,130.37
22/10/2025,10,125.90
22/10/2025,11,105.42
22/10/2025,12,90.41
22/10/2025,13,86.16
22/10/2025,14,85.05
22/10/2025,15,92.98
22/10/2025,16,113.66
22/10/2025,17,147.49
22/10/2025,18,203.85
22/10/2025,19,293.73
22/10/2025,20,274.02
22/10/2025,21,185.28
22/10/2025,22,137.43
22/10/2025,23,125.98
22/10/2025,24,111.72
23/10/2025,1,105.01
23/10/2025,2,103.21
23/10/2025,3,98.46
23/10/2025,4,87.42
23/10/2025,5,82.86
23/10/2025,6,93.34
23/10/2025,7,116.33
23/10/2025,8,126.62
23/10/2025,9,120.97
23/10/2025,10,105.38
23/10/2025,11,85.20
23/10/2025,12,71.54
23/10/2025,13,68.80
23/10/2025,14,67.05
23/10/2025,15,75.55
23/10/2025,16,92.32
23/10/2025,17,106.66
23/10/2025,18,114.91
23/10/2025,19,118.80
23/10/2025,20,116.56
23/10/2025,21,105.00
23/10/2025,22,89.52
23/10/2025,23,82.75
23/10/2025,24,70.74
24/10/2025,1,38.87
24/10/2025,2,30.20
24/10/2025,3,24.41
24/10/2025,4,23.04
24/10/2025,5,30.06
24/10/2025,6,44.40
24/10/2025,7,82.00
24/10/2025,8,168.70
24/10/2025,9,193.66
24/10/2025,10,180.30
24/10/2025,11,134.40
24/10/2025,12,134.01
24/10/2025,13,144.23
24/10/2025,14,98.57
24/10/2025,15,85.64
24/10/2025,16,82.00
24/10/2025,17,107.17
24/10/2025,18,105.04
24/10/2025,19,154.02
24/10/2025,20,178.46
24/10/2025,21,129.20
24/10/2025,22,78.00
24/10/2025,23,54.09
24/10/2025,24,36.63
25/10/2025,1,20.38
25/10/2025,2,18.78
25/10/2025,3,18.15
25/10/2025,4,16.55
25/10/2025,5,16.01
25/10/2025,6,16.01
25/10/2025,7,13.28
25/10/2025,8,78.33
25/10/2025,9,80.00
25/10/2025,10,70.00
25/10/2025,11,58.14
25/10/2025,12,40.01
25/10/2025,13,18.43
25/10/2025,14,22.87
25/10/2025,15,31.07
25/10/2025,16,52.06
25/10/2025,17,69.38
25/10/2025,18,72.37
25/10/2025,19,115.10
25/10/2025,20,139.30
25/10/2025,21,83.83
25/10/2025,22,24.68
25/10/2025,23,25.89
25/10/2025,24,19.66
26/10/2025,1,29.42
26/10/2025,2,35.77
26/10/2025,3,35.63
26/10/2025,4,34.43
26/10/2025,5,31.71
26/10/2025,6,29.44
26/10/2025,7,37.62
26/10/2025,8,48.02
26/10/2025,9,53.47
26/10/2025,10,44.16
26/10/2025,11,40.70
26/10/2025,12,15.65
26/10/2025,13,26.82
26/10/2025,14,20.00
26/10/2025,15,33.93
26/10/2025,16,50.20
26/10/2025,17,78.19
26/10/2025,18,78.14
26/10/2025,19,133.50
26/10/2025,20,181.34
26/10/2025,21,194.77
26/10/2025,22,170.68
26/10/2025,23,66.73
26/10/2025,24,48.97
26/10/2025,25,61.96
27/10/2025,1,19.80
27/10/2025,2,21.70
27/10/2025,3,20.31
27/10/2025,4,12.79
27/10/2025,5,25.86
27/10/2025,6,39.93
27/10/2025,7,81.79
27/10/2025,8,109.65
27/10/2025,9,108.18
27/10/2025,10,105.80
27/10/2025,11,99.30
27/10/2025,12,98.11
27/10/2025,13,91.01
27/10/2025,14,98.55
27/10/2025,15,106.03
27/10/2025,16,119.66
27/10/2025,17,133.38
27/10/2025,18,141.46
27/10/2025,19,128.40
27/10/2025,20,119.95
27/10/2025,21,104.49
27/10/2025,22,88.83
27/10/2025,23,80.81
27/10/2025,24,65.06
28/10/2025,1,51.74
28/10/2025,2,39.15
28/10/2025,3,31.06
28/10/2025,4,24.15
28/10/2025,5,25.30
28/10/2025,6,39.19
28/10/2025,7,65.01
28/10/2025,8,89.38
28/10/2025,9,90.75
28/10/2025,10,87.18
28/10/2025,11,82.38
28/10/2025,12,77.11
28/10/2025,13,77.52
28/10/2025,14,91.48
28/10/2025,15,102.48
28/10/2025,16,95.75
28/10/2025,17,102.83
28/10/2025,18,109.54
28/10/2025,19,108.62
28/10/2025,20,104.55
28/10/2025,21,98.70
28/10/2025,22,87.65
28/10/2025,23,81.44
28/10/2025,24,77.03
29/10/2025,1,70.89
29/10/2025,2,68.74
29/10/2025,3,68.31
29/10/2025,4,69.39
29/10/2025,5,68.56
29/10/2025,6,79.33
29/10/2025,7,102.70
29/10/2025,8,111.89
29/10/2025,9,100.25
29/10/2025,10,86.20
29/10/2025,11,73.24
29/10/2025,12,71.61
29/10/2025,13,71.89
29/10/2025,14,77.30
29/10/2025,15,88.97
29/10/2025,16,119.89
29/10/2025,17,143.23
29/10/2025,18,150.08
29/10/2025,19,136.12
29/10/2025,20,128.07
29/10/2025,21,115.49
29/10/2025,22,98.02
29/10/2025,23,93.86
29/10/2025,24,87.29
30/10/2025,1,77.86
30/10/2025,2,72.35
30/10/2025,3,70.55
30/10/2025,4,66.55
30/10/2025,5,59.97
30/10/2025,6,67.03
30/10/2025,7,97.61
30/10/2025,8,100.62
30/10/2025,9,97.29
30/10/2025,10,76.54
30/10/2025,11,60.97
30/10/2025,12,66.66
30/10/2025,13,62.22
30/10/2025,14,64.18
30/10/2025,15,68.38
30/10/2025,16,76.87
30/10/2025,17,86.45
30/10/2025,18,111.45
30/10/2025,19,109.28
30/10/2025,20,109.41
30/10/2025,21,97.79
30/10/2025,22,95.46
30/10/2025,23,104.37
30/10/2025,24,88.87
31/10/2025,1,105.00
31/10/2025,2,97.72
31/10/2025,3,93.64
31/10/2025,4,84.80
31/10/2025,5,78.26
31/10/2025,6,90.80
31/10/2025,7,120.00
31/10/2025,8,120.53
31/10/2025,9,111.27
31/10/2025,10,85.10
31/10/2025,11,77.89
31/10/2025,12,76.30
31/10/2025,13,78.11
31/10/2025,14,86.41
31/10/2025,15,109.48
31/10/2025,16,130.62
31/10/2025,17,162.55
31/10/2025,18,175.95
31/10/2025,19,122.19
31/10/2025,20,110.14
31/10/2025,21,101.11
31/10/2025,22,96.86
31/10/2025,23,88.97
31/10/2025,24,68.20
1/11/2025,1,72.31
1/11/2025,2,67.75
1/11/2025,3,59.24
1/11/2025,4,76.25
1/11/2025,5,81.51
1/11/2025,6,63.73
1/11/2025,7,83.50
1/11/2025,8,95.00
1/11/2025,9,37.93
1/11/2025,10,35.30
1/11/2025,11,18.30
1/11/2025,12,15.76
1/11/2025,13,21.02
1/11/2025,14,31.51
1/11/2025,15,69.00
1/11/2025,16,115.00
1/11/2025,17,77.75
1/11/2025,18,95.00
1/11/2025,19,84.88
1/11/2025,20,86.05
1/11/2025,21,81.53
1/11/2025,22,78.57
1/11/2025,23,81.41
1/11/2025,24,78.46
2/11/2025,1,84.18
2/11/2025,2,75.80
2/11/2025,3,73.46
2/11/2025,4,72.21
2/11/2025,5,77.77
2/11/2025,6,78.87
2/11/2025,7,84.28
2/11/2025,8,77.79
2/11/2025,9,79.18
2/11/2025,10,82.38
2/11/2025,11,79.08
2/11/2025,12,79.15
2/11/2025,13,78.91
2/11/2025,14,86.76
2/11/2025,15,95.98
2/11/2025,16,114.55
2/11/2025,17,120.67
2/11/2025,18,131.83
2/11/2025,19,129.81
2/11/2025,20,116.92
2/11/2025,21,111.78
2/11/2025,22,101.25
2/11/2025,23,98.12
2/11/2025,24,86.94
3/11/2025,1,86.34
3/11/2025,2,80.16
3/11/2025,3,74.08
3/11/2025,4,73.81
3/11/2025,5,83.09
3/11/2025,6,90.84
3/11/2025,7,116.06
3/11/2025,8,128.76
3/11/2025,9,123.45
3/11/2025,10,101.53
3/11/2025,11,90.34
3/11/2025,12,86.37
3/11/2025,13,85.01
3/11/2025,14,88.04
3/11/2025,15,92.41
3/11/2025,16,94.10
3/11/2025,17,104.92
3/11/2025,18,113.59
3/11/2025,19,90.44
3/11/2025,20,87.21
3/11/2025,21,86.79
3/11/2025,22,72.56
3/11/2025,23,64.49
3/11/2025,24,57.21
4/11/2025,1,23.51
4/11/2025,2,68.08
4/11/2025,3,71.00
4/11/2025,4,68.45
4/11/2025,5,31.47
4/11/2025,6,59.42
4/11/2025,7,94.45
4/11/2025,8,110.34
4/11/2025,9,109.02
4/11/2025,10,84.11
4/11/2025,11,72.10
4/11/2025,12,64.30
4/11/2025,13,61.98
4/11/2025,14,76.85
4/11/2025,15,90.08
4/11/2025,16,120.43
4/11/2025,17,148.24
4/11/2025,18,149.62
4/11/2025,19,102.69
4/11/2025,20,112.21
4/11/2025,21,112.51
4/11/2025,22,93.16
4/11/2025,23,90.57
4/11/2025,24,80.16
5/11/2025,1,73.33
5/11/2025,2,72.09
5/11/2025,3,74.63
5/11/2025,4,73.77
5/11/2025,5,77.27
5/11/2025,6,87.20
5/11/2025,7,109.30
5/11/2025,8,112.02
5/11/2025,9,109.42
5/11/2025,10,93.57
5/11/2025,11,82.45
5/11/2025,12,77.56
5/11/2025,13,76.60
5/11/2025,14,85.30
5/11/2025,15,100.25
5/11/2025,16,119.47
5/11/2025,17,129.47
5/11/2025,18,138.88
5/11/2025,19,116.78
5/11/2025,20,102.38
5/11/2025,21,96.06
5/11/2025,22,90.98
5/11/2025,23,80.63
5/11/2025,24,81.97
6/11/2025,1,96.26
6/11/2025,2,93.73
6/11/2025,3,94.32
6/11/2025,4,93.75
6/11/2025,5,95.30
6/11/2025,6,93.73
6/11/2025,7,113.63
6/11/2025,8,125.00
6/11/2025,9,118.45
6/11/2025,10,94.61
6/11/2025,11,86.35
6/11/2025,12,84.67
6/11/2025,13,84.73
6/11/2025,14,88.01
6/11/2025,15,100.36
6/11/2025,16,124.88
6/11/2025,17,132.04
6/11/2025,18,139.58
6/11/2025,19,127.88
6/11/2025,20,117.47
6/11/2025,21,109.96
6/11/2025,22,97.55
6/11/2025,23,95.31
6/11/2025,24,89.12
7/11/2025,1,91.23
7/11/2025,2,90.20
7/11/2025,3,91.15
7/11/2025,4,91.62
7/11/2025,5,92.61
7/11/2025,6,95.29
7/11/2025,7,106.92
7/11/2025,8,127.40
7/11/2025,9,126.75
7/11/2025,10,109.28
7/11/2025,11,94.80
7/11/2025,12,91.11
7/11/2025,13,90.06
7/11/2025,14,93.66
7/11/2025,15,103.20
7/11/2025,16,129.48
7/11/2025,17,162.81
7/11/2025,18,180.69
7/11/2025,19,143.50
7/11/2025,20,127.94
7/11/2025,21,115.99
7/11/2025,22,104.50
7/11/2025,23,97.80
7/11/2025,24,91.60
8/11/2025,1,96.40
8/11/2025,2,97.37
8/11/2025,3,95.01
8/11/2025,4,95.52
8/11/2025,5,96.93
8/11/2025,6,95.46
8/11/2025,7,95.84
8/11/2025,8,104.56
8/11/2025,9,106.98
8/11/2025,10,104.52
8/11/2025,11,102.34
8/11/2025,12,96.81
8/11/2025,13,95.03
8/11/2025,14,95.80
8/11/2025,15,102.86
8/11/2025,16,120.18
8/11/2025,17,126.42
8/11/2025,18,137.03
8/11/2025,19,136.12
8/11/2025,20,131.43
8/11/2025,21,124.16
8/11/2025,22,114.51
8/11/2025,23,107.18
8/11/2025,24,97.57
9/11/2025,1,97.20
9/11/2025,2,95.56
9/11/2025,3,93.98
9/11/2025,4,92.33
9/11/2025,5,92.88
9/11/2025,6,92.81
9/11/2025,7,90.83
9/11/2025,8,90.53
9/11/2025,9,99.20
9/11/2025,10,99.02
9/11/2025,11,98.67
9/11/2025,12,99.09
9/11/2025,13,99.57
9/11/2025,14,100.38
9/11/2025,15,102.04
9/11/2025,16,106.86
9/11/2025,17,120.23
9/11/2025,18,129.59
9/11/2025,19,128.25
9/11/2025,20,125.21
9/11/2025,21,117.22
9/11/2025,22,105.66
9/11/2025,23,100.48
9/11/2025,24,92.81
10/11/2025,1,89.95
10/11/2025,2,88.43
10/11/2025,3,89.70
10/11/2025,4,89.26
10/11/2025,5,88.94
10/11/2025,6,94.95
10/11/2025,7,119.33
10/11/2025,8,146.14
10/11/2025,9,159.38
10/11/2025,10,145.30
10/11/2025,11,132.48
10/11/2025,12,120.88
10/11/2025,13,110.86
10/11/2025,14,120.58
10/11/2025,15,137.43
10/11/2025,16,153.89
10/11/2025,17,165.89
10/11/2025,18,157.81
10/11/2025,19,144.49
10/11/2025,20,129.01
10/11/2025,21,123.13
10/11/2025,22,105.74
10/11/2025,23,102.95
10/11/2025,24,93.79
11/11/2025,1,87.51
11/11/2025,2,85.51
11/11/2025,3,82.05
11/11/2025,4,82.54
11/11/2025,5,83.13
11/11/2025,6,88.06
11/11/2025,7,92.52
11/11/2025,8,118.12
11/11/2025,9,119.09
11/11/2025,10,110.91
11/11/2025,11,95.63
11/11/2025,12,90.82
11/11/2025,13,89.43
11/11/2025,14,92.95
11/11/2025,15,105.63
11/11/2025,16,125.09
11/11/2025,17,142.73
11/11/2025,18,140.36
11/11/2025,19,127.67
11/11/2025,20,122.91
11/11/2025,21,113.64
11/11/2025,22,107.62
11/11/2025,23,103.19
11/11/2025,24,89.79
12/11/2025,1,81.44
12/11/2025,2,80.80
12/11/2025,3,78.50
12/11/2025,4,78.66
12/11/2025,5,83.81
12/11/2025,6,96.05
12/11/2025,7,120.15
12/11/2025,8,138.24
12/11/2025,9,119.79
12/11/2025,10,93.36
12/11/2025,11,80.26
12/11/2025,12,71.56
12/11/2025,13,72.73
12/11/2025,14,83.45
12/11/2025,15,99.32
12/11/2025,16,129.27
12/11/2025,17,137.00
12/11/2025,18,119.75
12/11/2025,19,110.32
12/11/2025,20,96.72
12/11/2025,21,92.76
12/11/2025,22,79.49
12/11/2025,23,79.26
12/11/2025,24,72.40
13/11/2025,1,35.11
13/11/2025,2,27.61
13/11/2025,3,25.35
13/11/2025,4,23.94
13/11/2025,5,41.20
13/11/2025,6,74.33
13/11/2025,7,115.00
13/11/2025,8,123.57
13/11/2025,9,103.63
13/11/2025,10,81.97
13/11/2025,11,79.99
13/11/2025,12,74.33
13/11/2025,13,79.88
13/11/2025,14,81.97
13/11/2025,15,81.97
13/11/2025,16,110.00
13/11/2025,17,124.05
13/11/2025,18,123.04
13/11/2025,19,124.55
13/11/2025,20,125.60
13/11/2025,21,127.65
13/11/2025,22,119.70
13/11/2025,23,113.93
13/11/2025,24,106.61
14/11/2025,1,101.49
14/11/2025,2,98.60
14/11/2025,3,97.64
14/11/2025,4,93.54
14/11/2025,5,95.33
14/11/2025,6,98.10
14/11/2025,7,121.14
14/11/2025,8,140.79
14/11/2025,9,138.99
14/11/2025,10,124.06
14/11/2025,11,115.27
14/11/2025,12,108.94
14/11/2025,13,104.49
14/11/2025,14,110.68
14/11/2025,15,124.01
14/11/2025,16,135.35
14/11/2025,17,140.00
14/11/2025,18,135.31
14/11/2025,19,133.78
14/11/2025,20,128.97
14/11/2025,21,119.40
14/11/2025,22,107.27
14/11/2025,23,107.40
14/11/2025,24,90.73
15/11/2025,1,76.27
15/11/2025,2,80.77
15/11/2025,3,79.71
15/11/2025,4,79.67
15/11/2025,5,77.57
15/11/2025,6,75.43
15/11/2025,7,86.01
15/11/2025,8,95.46
15/11/2025,9,94.84
15/11/2025,10,94.35
15/11/2025,11,96.51
15/11/2025,12,95.00
15/11/2025,13,93.69
15/11/2025,14,99.57
15/11/2025,15,109.28
15/11/2025,16,123.40
15/11/2025,17,120.73
15/11/2025,18,124.74
15/11/2025,19,124.20
15/11/2025,20,117.81
15/11/2025,21,114.66
15/11/2025,22,105.30
15/11/2025,23,104.16
15/11/2025,24,97.98
16/11/2025,1,93.09
16/11/2025,2,96.19
16/11/2025,3,94.81
16/11/2025,4,92.32
16/11/2025,5,87.87
16/11/2025,6,90.89
16/11/2025,7,88.66
16/11/2025,8,96.05
16/11/2025,9,100.62
16/11/2025,10,103.44
16/11/2025,11,101.64
16/11/2025,12,104.81
16/11/2025,13,103.87
16/11/2025,14,106.13
16/11/2025,15,111.72
16/11/2025,16,119.59
16/11/2025,17,127.04
16/11/2025,18,131.40
16/11/2025,19,126.36
16/11/2025,20,116.94
16/11/2025,21,110.90
16/11/2025,22,102.04
16/11/2025,23,97.28
16/11/2025,24,87.16
17/11/2025,1,89.82
17/11/2025,2,81.59
17/11/2025,3,75.19
17/11/2025,4,73.28
17/11/2025,5,76.73
17/11/2025,6,88.07
17/11/2025,7,102.26
17/11/2025,8,118.22
17/11/2025,9,130.28
17/11/2025,10,127.45
17/11/2025,11,119.26
17/11/2025,12,109.34
17/11/2025,13,108.14
17/11/2025,14,109.69
17/11/2025,15,114.77
17/11/2025,16,113.40
17/11/2025,17,116.98
17/11/2025,18,118.23
17/11/2025,19,116.61
17/11/2025,20,110.71
17/11/2025,21,103.05
17/11/2025,22,93.40
17/11/2025,23,90.22
17/11/2025,24,81.17
18/11/2025,1,85.11
18/11/2025,2,83.10
18/11/2025,3,79.29
18/11/2025,4,78.05
18/11/2025,5,80.91
18/11/2025,6,83.94
18/11/2025,7,100.80
18/11/2025,8,119.44
18/11/2025,9,120.23
18/11/2025,10,107.81
18/11/2025,11,92.43
18/11/2025,12,89.36
18/11/2025,13,90.90
18/11/2025,14,96.89
18/11/2025,15,106.45
18/11/2025,16,127.69
18/11/2025,17,150.75
18/11/2025,18,153.10
18/11/2025,19,144.98
18/11/2025,20,133.76
18/11/2025,21,112.95
18/11/2025,22,98.36
18/11/2025,23,98.94
18/11/2025,24,89.96
19/11/2025,1,87.74
19/11/2025,2,86.30
19/11/2025,3,84.47
19/11/2025,4,83.82
19/11/2025,5,85.39
19/11/2025,6,91.65
19/11/2025,7,115.83
19/11/2025,8,134.06
19/11/2025,9,137.48
19/11/2025,10,116.77
19/11/2025,11,94.45
19/11/2025,12,88.57
19/11/2025,13,93.17
19/11/2025,14,99.81
19/11/2025,15,116.08
19/11/2025,16,146.79
19/11/2025,17,163.23
19/11/2025,18,143.00
19/11/2025,19,132.12
19/11/2025,20,127.88
19/11/2025,21,114.07
19/11/2025,22,108.02
19/11/2025,23,104.60
19/11/2025,24,91.89
20/11/2025,1,90.85
20/11/2025,2,88.48
20/11/2025,3,87.43
20/11/2025,4,87.23
20/11/2025,5,87.59
20/11/2025,6,94.45
20/11/2025,7,119.30
20/11/2025,8,146.83
20/11/2025,9,155.06
20/11/2025,10,152.80
20/11/2025,11,142.76
20/11/2025,12,132.12
20/11/2025,13,132.47
20/11/2025,14,140.52
20/11/2025,15,147.85
20/11/2025,16,159.60
20/11/2025,17,183.44
20/11/2025,18,175.03
20/11/2025,19,163.00
20/11/2025,20,155.82
20/11/2025,21,136.59
20/11/2025,22,119.71
20/11/2025,23,107.74
20/11/2025,24,93.80
21/11/2025,1,102.27
21/11/2025,2,94.35
21/11/2025,3,90.45
21/11/2025,4,90.49
21/11/2025,5,94.16
21/11/2025,6,102.44
21/11/2025,7,132.96
21/11/2025,8,179.83
21/11/2025,9,205.42
21/11/2025,10,182.59
21/11/2025,11,153.77
21/11/2025,12,140.32
21/11/2025,13,132.18
21/11/2025,14,137.55
21/11/2025,15,157.26
21/11/2025,16,198.10
21/11/2025,17,252.29
21/11/2025,18,248.33
21/11/2025,19,204.85
21/11/2025,20,171.53
21/11/2025,21,142.18
21/11/2025,22,117.74
21/11/2025,23,105.31
21/11/2025,24,95.19
22/11/2025,1,102.58
22/11/2025,2,94.64
22/11/2025,3,88.44
22/11/2025,4,85.28
22/11/2025,5,86.54
22/11/2025,6,85.80
22/11/2025,7,91.42
22/11/2025,8,108.44
22/11/2025,9,107.13
22/11/2025,10,95.35
22/11/2025,11,90.73
22/11/2025,12,87.72
22/11/2025,13,85.01
22/11/2025,14,91.67
22/11/2025,15,110.54
22/11/2025,16,125.00
22/11/2025,17,138.12
22/11/2025,18,135.41
22/11/2025,19,131.26
22/11/2025,20,123.71
22/11/2025,21,114.10
22/11/2025,22,98.13
22/11/2025,23,94.13
22/11/2025,24,82.43
23/11/2025,1,81.53
23/11/2025,2,74.35
23/11/2025,3,70.44
23/11/2025,4,63.23
23/11/2025,5,60.89
23/11/2025,6,67.08
23/11/2025,7,74.35
23/11/2025,8,81.07
23/11/2025,9,82.68
23/11/2025,10,82.03
23/11/2025,11,80.64
23/11/2025,12,80.01
23/11/2025,13,82.71
23/11/2025,14,85.11
23/11/2025,15,96.97
23/11/2025,16,108.43
23/11/2025,17,122.70
23/11/2025,18,119.20
23/11/2025,19,131.04
23/11/2025,20,117.72
23/11/2025,21,108.19
23/11/2025,22,94.94
23/11/2025,23,90.02
23/11/2025,24,74.35
24/11/2025,1,79.57
24/11/2025,2,72.33
24/11/2025,3,72.87
24/11/2025,4,74.48
24/11/2025,5,75.54
24/11/2025,6,88.78
24/11/2025,7,129.86
24/11/2025,8,146.76
24/11/2025,9,148.94
24/11/2025,10,155.57
24/11/2025,11,154.99
24/11/2025,12,164.44
24/11/2025,13,169.05
24/11/2025,14,182.05
24/11/2025,15,206.08
24/11/2025,16,219.53
24/11/2025,17,249.28
24/11/2025,18,268.62
24/11/2025,19,239.59
24/11/2025,20,202.41
24/11/2025,21,169.46
24/11/2025,22,139.14
24/11/2025,23,125.40
24/11/2025,24,107.54
25/11/2025,1,102.73
25/11/2025,2,101.39
25/11/2025,3,100.16
25/11/2025,4,98.98
25/11/2025,5,102.74
25/11/2025,6,110.68
25/11/2025,7,169.30
25/11/2025,8,300.00
25/11/2025,9,341.70
25/11/2025,10,311.65
25/11/2025,11,289.35
25/11/2025,12,319.95
25/11/2025,13,344.74
25/11/2025,14,330.28
25/11/2025,15,325.77
25/11/2025,16,323.13
25/11/2025,17,339.94
25/11/2025,18,372.84
25/11/2025,19,296.01
25/11/2025,20,246.35
25/11/2025,21,172.86
25/11/2025,22,134.57
25/11/2025,23,118.19
25/11/2025,24,102.14
26/11/2025,1,92.88
26/11/2025,2,91.20
26/11/2025,3,89.39
26/11/2025,4,90.42
26/11/2025,5,90.83
26/11/2025,6,97.97
26/11/2025,7,127.66
26/11/2025,8,191.04
26/11/2025,9,236.81
26/11/2025,10,211.94
26/11/2025,11,196.61
26/11/2025,12,171.11
26/11/2025,13,165.05
26/11/2025,14,169.35
26/11/2025,15,184.76
26/11/2025,16,224.08
26/11/2025,17,293.46
26/11/2025,18,293.71
26/11/2025,19,228.54
26/11/2025,20,183.63
26/11/2025,21,141.20
26/11/2025,22,114.96
26/11/2025,23,102.20
26/11/2025,24,90.32
27/11/2025,1,89.98
27/11/2025,2,84.38
27/11/2025,3,80.17
27/11/2025,4,77.85
27/11/2025,5,81.27
27/11/2025,6,83.23
27/11/2025,7,114.48
27/11/2025,8,130.00
27/11/2025,9,135.00
27/11/2025,10,130.00
27/11/2025,11,111.99
27/11/2025,12,115.17
27/11/2025,13,101.85
27/11/2025,14,111.96
27/11/2025,15,129.10
27/11/2025,16,137.68
27/11/2025,17,147.23
27/11/2025,18,135.52
27/11/2025,19,140.03
27/11/2025,20,130.00
27/11/2025,21,112.53
27/11/2025,22,97.09
27/11/2025,23,92.11
27/11/2025,24,80.92
28/11/2025,1,82.13
28/11/2025,2,89.18
28/11/2025,3,80.93
28/11/2025,4,75.43
28/11/2025,5,89.44
28/11/2025,6,93.27
28/11/2025,7,109.09
28/11/2025,8,145.00
28/11/2025,9,150.00
28/11/2025,10,145.00
28/11/2025,11,127.96
28/11/2025,12,106.64
28/11/2025,13,125.82
28/11/2025,14,117.87
28/11/2025,15,145.00
28/11/2025,16,132.29
28/11/2025,17,140.00
28/11/2025,18,127.75
28/11/2025,19,131.47
28/11/2025,20,128.79
28/11/2025,21,113.27
28/11/2025,22,105.49
28/11/2025,23,102.86
28/11/2025,24,89.57
29/11/2025,1,90.65
29/11/2025,2,87.98
29/11/2025,3,92.63
29/11/2025,4,94.76
29/11/2025,5,95.42
29/11/2025,6,99.20
29/11/2025,7,94.38
29/11/2025,8,103.99
29/11/2025,9,108.02
29/11/2025,10,107.22
29/11/2025,11,103.72
29/11/2025,12,104.02
29/11/2025,13,107.02
29/11/2025,14,97.47
29/11/2025,15,104.20
29/11/2025,16,116.09
29/11/2025,17,130.98
29/11/2025,18,135.00
29/11/2025,19,137.26
29/11/2025,20,125.00
29/11/2025,21,130.00
29/11/2025,22,103.90
29/11/2025,23,125.00
29/11/2025,24,118.93
30/11/2025,1,89.30
30/11/2025,2,88.43
30/11/2025,3,84.29
30/11/2025,4,82.53
30/11/2025,5,82.84
30/11/2025,6,84.41
30/11/2025,7,86.77
30/11/2025,8,84.29
30/11/2025,9,85.56
30/11/2025,10,102.45
30/11/2025,11,85.86
30/11/2025,12,87.40
30/11/2025,13,89.69
30/11/2025,14,86.62
30/11/2025,15,102.21
30/11/2025,16,115.00
30/11/2025,17,131.80
30/11/2025,18,131.20
30/11/2025,19,131.62
30/11/2025,20,132.39
30/11/2025,21,139.20
30/11/2025,22,122.55
30/11/2025,23,108.17
30/11/2025,24,96.66
1/12/2025,1,95.59
1/12/2025,2,99.11
1/12/2025,3,92.62
1/12/2025,4,89.82
1/12/2025,5,90.68
1/12/2025,6,99.65
1/12/2025,7,125.89
1/12/2025,8,145.43
1/12/2025,9,156.32
1/12/2025,10,141.04
1/12/2025,11,124.17
1/12/2025,12,117.29
1/12/2025,13,130.00
1/12/2025,14,134.74
1/12/2025,15,156.00
1/12/2025,16,183.35
1/12/2025,17,207.87
1/12/2025,18,175.00
1/12/2025,19,181.92
1/12/2025,20,168.14
1/12/2025,21,146.06
1/12/2025,22,121.37
1/12/2025,23,111.16
1/12/2025,24,97.99
2/12/2025,1,115.68
2/12/2025,2,130.01
2/12/2025,3,115.68
2/12/2025,4,98.83
2/12/2025,5,108.28
2/12/2025,6,98.23
2/12/2025,7,129.67
2/12/2025,8,175.00
2/12/2025,9,160.00
2/12/2025,10,140.70
2/12/2025,11,160.00
2/12/2025,12,126.49
2/12/2025,13,124.13
2/12/2025,14,144.15
2/12/2025,15,150.92
2/12/2025,16,175.00
2/12/2025,17,185.12
2/12/2025,18,175.26
2/12/2025,19,170.65
2/12/2025,20,166.52
2/12/2025,21,153.15
2/12/2025,22,129.62
2/12/2025,23,119.66
2/12/2025,24,103.66
3/12/2025,1,99.08
3/12/2025,2,98.08
3/12/2025,3,95.87
3/12/2025,4,95.30
3/12/2025,5,97.20
3/12/2025,6,104.15
3/12/2025,7,148.48
3/12/2025,8,196.81
3/12/2025,9,245.73
3/12/2025,10,216.58
3/12/2025,11,184.66
3/12/2025,12,171.37
3/12/2025,13,164.90
3/12/2025,14,179.12
3/12/2025,15,202.18
3/12/2025,16,247.05
3/12/2025,17,314.92
3/12/2025,18,260.20
3/12/2025,19,205.20
3/12/2025,20,173.75
3/12/2025,21,147.06
3/12/2025,22,124.78
3/12/2025,23,116.25
3/12/2025,24,106.59
4/12/2025,1,99.01
4/12/2025,2,95.25
4/12/2025,3,92.30
4/12/2025,4,92.13
4/12/2025,5,95.03
4/12/2025,6,101.24
4/12/2025,7,128.58
4/12/2025,8,154.58
4/12/2025,9,168.82
4/12/2025,10,167.48
4/12/2025,11,140.02
4/12/2025,12,149.33
4/12/2025,13,143.82
4/12/2025,14,151.99
4/12/2025,15,160.08
4/12/2025,16,158.05
4/12/2025,17,153.50
4/12/2025,18,147.27
4/12/2025,19,144.91
4/12/2025,20,139.12
4/12/2025,21,125.16
4/12/2025,22,113.08
4/12/2025,23,111.37
4/12/2025,24,99.85
5/12/2025,1,98.05
5/12/2025,2,95.68
5/12/2025,3,92.36
5/12/2025,4,92.15
5/12/2025,5,96.22
5/12/2025,6,102.64
5/12/2025,7,125.00
5/12/2025,8,159.41
5/12/2025,9,184.84
5/12/2025,10,183.75
5/12/2025,11,172.15
5/12/2025,12,167.67
5/12/2025,13,161.10
5/12/2025,14,156.69
5/12/2025,15,159.51
5/12/2025,16,160.55
5/12/2025,17,166.65
5/12/2025,18,156.65
5/12/2025,19,145.90
5/12/2025,20,131.32
5/12/2025,21,115.44
5/12/2025,22,100.00
5/12/2025,23,95.62
5/12/2025,24,85.22
6/12/2025,1,83.38
6/12/2025,2,78.39
6/12/2025,3,75.06
6/12/2025,4,75.21
6/12/2025,5,76.23
6/12/2025,6,77.32
6/12/2025,7,81.69
6/12/2025,8,90.93
6/12/2025,9,99.53
6/12/2025,10,99.31
6/12/2025,11,96.54
6/12/2025,12,97.88
6/12/2025,13,93.07
6/12/2025,14,95.98
6/12/2025,15,102.89
6/12/2025,16,109.57
6/12/2025,17,116.93
6/12/2025,18,132.13
6/12/2025,19,124.28
6/12/2025,20,120.00
6/12/2025,21,129.97
6/12/2025,22,92.76
6/12/2025,23,87.68
6/12/2025,24,82.37
7/12/2025,1,80.52
7/12/2025,2,74.22
7/12/2025,3,73.05
7/12/2025,4,69.23
7/12/2025,5,71.58
7/12/2025,6,72.75
7/12/2025,7,74.74
7/12/2025,8,78.92
7/12/2025,9,83.18
7/12/2025,10,88.67
7/12/2025,11,93.08
7/12/2025,12,94.91
7/12/2025,13,100.15
7/12/2025,14,102.44
7/12/2025,15,107.22
7/12/2025,16,108.75
7/12/2025,17,112.55
7/12/2025,18,112.52
7/12/2025,19,104.90
7/12/2025,20,105.70
7/12/2025,21,103.70
7/12/2025,22,92.39
7/12/2025,23,82.08
7/12/2025,24,63.98
8/12/2025,1,70.16
8/12/2025,2,75.77
8/12/2025,3,49.86
8/12/2025,4,75.77
8/12/2025,5,81.40
8/12/2025,6,83.41
8/12/2025,7,99.48
8/12/2025,8,115.82
8/12/2025,9,114.30
8/12/2025,10,109.19
8/12/2025,11,105.26
8/12/2025,12,105.00
8/12/2025,13,106.69
8/12/2025,14,104.10
8/12/2025,15,110.38
8/12/2025,16,114.04
8/12/2025,17,135.05
8/12/2025,18,134.37
8/12/2025,19,133.83
8/12/2025,20,137.35
8/12/2025,21,126.04
8/12/2025,22,125.00
8/12/2025,23,114.54
8/12/2025,24,82.24
9/12/2025,1,80.32
9/12/2025,2,79.22
9/12/2025,3,79.74
9/12/2025,4,79.85
9/12/2025,5,81.35
9/12/2025,6,89.58
9/12/2025,7,107.00
9/12/2025,8,115.74
9/12/2025,9,130.51
9/12/2025,10,115.46
9/12/2025,11,108.71
9/12/2025,12,107.88
9/12/2025,13,106.03
9/12/2025,14,110.98
9/12/2025,15,126.26
9/12/2025,16,126.47
9/12/2025,17,138.57
9/12/2025,18,140.00
9/12/2025,19,140.00
9/12/2025,20,130.00
9/12/2025,21,115.31
9/12/2025,22,99.28
9/12/2025,23,94.91
9/12/2025,24,72.80
10/12/2025,1,75.77
10/12/2025,2,75.77
10/12/2025,3,72.00
10/12/2025,4,75.29
10/12/2025,5,77.42
10/12/2025,6,82.79
10/12/2025,7,107.52
10/12/2025,8,115.52
10/12/2025,9,110.69
10/12/2025,10,113.27
10/12/2025,11,100.69
10/12/2025,12,90.53
10/12/2025,13,89.66
10/12/2025,14,97.25
10/12/2025,15,103.26
10/12/2025,16,111.82
10/12/2025,17,116.31
10/12/2025,18,115.55
10/12/2025,19,115.00
10/12/2025,20,115.00
10/12/2025,21,100.53
10/12/2025,22,99.63
10/12/2025,23,90.64
10/12/2025,24,84.26
11/12/2025,1,86.81
11/12/2025,2,84.12
11/12/2025,3,82.44
11/12/2025,4,83.42
11/12/2025,5,85.29
11/12/2025,6,89.99
11/12/2025,7,100.92
11/12/2025,8,125.00
11/12/2025,9,114.66
11/12/2025,10,113.31
11/12/2025,11,103.57
11/12/2025,12,100.51
11/12/2025,13,98.73
11/12/2025,14,98.68
11/12/2025,15,103.87
11/12/2025,16,111.48
11/12/2025,17,118.20
11/12/2025,18,122.02
11/12/2025,19,119.54
11/12/2025,20,117.06
11/12/2025,21,112.28
11/12/2025,22,103.81
11/12/2025,23,99.01
11/12/2025,24,94.94
12/12/2025,1,91.57
12/12/2025,2,92.05
12/12/2025,3,93.08
12/12/2025,4,93.21
12/12/2025,5,93.09
12/12/2025,6,96.19
12/12/2025,7,115.46
12/12/2025,8,126.04
12/12/2025,9,132.17
12/12/2025,10,127.54
12/12/2025,11,122.93
12/12/2025,12,119.51
12/12/2025,13,114.01
12/12/2025,14,119.73
12/12/2025,15,128.64
12/12/2025,16,133.96
12/12/2025,17,155.00
12/12/2025,18,147.84
12/12/2025,19,134.40
12/12/2025,20,130.04
12/12/2025,21,121.48
12/12/2025,22,114.62
12/12/2025,23,106.87
12/12/2025,24,97.49
13/12/2025,1,97.98
13/12/2025,2,95.14
13/12/2025,3,91.76
13/12/2025,4,88.59
13/12/2025,5,88.21
13/12/2025,6,91.54
13/12/2025,7,94.82
13/12/2025,8,100.48
13/12/2025,9,106.57
13/12/2025,10,108.51
13/12/2025,11,104.16
13/12/2025,12,100.36
13/12/2025,13,97.62
13/12/2025,14,98.45
13/12/2025,15,102.39
13/12/2025,16,116.89
13/12/2025,17,120.91
13/12/2025,18,120.74
13/12/2025,19,116.91
13/12/2025,20,111.20
13/12/2025,21,100.70
13/12/2025,22,98.61
13/12/2025,23,98.16
13/12/2025,24,90.35
14/12/2025,1,91.55
14/12/2025,2,91.09
14/12/2025,3,84.25
14/12/2025,4,81.08
14/12/2025,5,82.40
14/12/2025,6,83.41
14/12/2025,7,83.41
14/12/2025,8,85.49
14/12/2025,9,89.00
14/12/2025,10,115.00
14/12/2025,11,115.00
14/12/2025,12,112.71
14/12/2025,13,96.76
14/12/2025,14,94.15
14/12/2025,15,92.95
14/12/2025,16,106.29
14/12/2025,17,113.47
14/12/2025,18,110.00
14/12/2025,19,110.00
14/12/2025,20,105.61
14/12/2025,21,101.39
14/12/2025,22,96.02
14/12/2025,23,91.95
14/12/2025,24,92.10
15/12/2025,1,81.86
15/12/2025,2,80.19
15/12/2025,3,79.95
15/12/2025,4,79.54
15/12/2025,5,82.90
15/12/2025,6,85.97
15/12/2025,7,109.02
15/12/2025,8,117.93
15/12/2025,9,121.79
15/12/2025,10,135.48
15/12/2025,11,120.00
15/12/2025,12,106.54
15/12/2025,13,93.35
15/12/2025,14,115.00
15/12/2025,15,118.12
15/12/2025,16,132.80
15/12/2025,17,147.81
15/12/2025,18,123.50
15/12/2025,19,120.17
15/12/2025,20,115.18
15/12/2025,21,111.77
15/12/2025,22,97.78
15/12/2025,23,94.55
15/12/2025,24,92.81
16/12/2025,1,101.90
16/12/2025,2,101.09
16/12/2025,3,99.99
16/12/2025,4,100.55
16/12/2025,5,99.99
16/12/2025,6,96.07
16/12/2025,7,113.68
16/12/2025,8,124.87
16/12/2025,9,130.33
16/12/2025,10,130.39
16/12/2025,11,129.35
16/12/2025,12,113.86
16/12/2025,13,106.68
16/12/2025,14,119.76
16/12/2025,15,135.95
16/12/2025,16,145.29
16/12/2025,17,151.10
16/12/2025,18,151.48
16/12/2025,19,134.97
16/12/2025,20,132.38
16/12/2025,21,128.92
16/12/2025,22,119.62
16/12/2025,23,116.64
16/12/2025,24,104.10
17/12/2025,1,96.18
17/12/2025,2,94.03
17/12/2025,3,91.48
17/12/2025,4,91.38
17/12/2025,5,94.28
17/12/2025,6,98.81
17/12/2025,7,119.69
17/12/2025,8,134.91
17/12/2025,9,140.00
17/12/2025,10,131.89
17/12/2025,11,126.81
17/12/2025,12,122.19
17/12/2025,13,125.23
17/12/2025,14,129.61
17/12/2025,15,132.76
17/12/2025,16,135.91
17/12/2025,17,138.31
17/12/2025,18,138.66
17/12/2025,19,136.56
17/12/2025,20,122.18
17/12/2025,21,114.71
17/12/2025,22,108.46
17/12/2025,23,106.80
17/12/2025,24,94.91
18/12/2025,1,87.89
18/12/2025,2,102.66
18/12/2025,3,83.46
18/12/2025,4,81.46
18/12/2025,5,82.00
18/12/2025,6,87.63
18/12/2025,7,101.95
18/12/2025,8,123.73
18/12/2025,9,129.68
18/12/2025,10,129.24
18/12/2025,11,125.00
18/12/2025,12,99.46
18/12/2025,13,98.20
18/12/2025,14,103.82
18/12/2025,15,118.80
18/12/2025,16,121.29
18/12/2025,17,138.01
18/12/2025,18,120.07
18/12/2025,19,116.83
18/12/2025,20,103.98
18/12/2025,21,86.03
18/12/2025,22,84.36
18/12/2025,23,83.67
18/12/2025,24,70.18
19/12/2025,1,71.81
19/12/2025,2,80.26
19/12/2025,3,82.53
19/12/2025,4,83.21
19/12/2025,5,83.82
19/12/2025,6,87.39
19/12/2025,7,101.38
19/12/2025,8,100.22
19/12/2025,9,108.41
19/12/2025,10,115.00
19/12/2025,11,110.89
19/12/2025,12,109.58
19/12/2025,13,97.31
19/12/2025,14,103.13
19/12/2025,15,101.83
19/12/2025,16,106.30
19/12/2025,17,109.90
19/12/2025,18,119.10
19/12/2025,19,117.21
19/12/2025,20,113.97
19/12/2025,21,115.00
19/12/2025,22,106.45
19/12/2025,23,105.26
19/12/2025,24,91.61
20/12/2025,1,91.28
20/12/2025,2,86.84
20/12/2025,3,87.09
20/12/2025,4,88.18
20/12/2025,5,89.35
20/12/2025,6,90.81
20/12/2025,7,97.39
20/12/2025,8,105.37
20/12/2025,9,114.44
20/12/2025,10,116.10
20/12/2025,11,114.11
20/12/2025,12,112.75
20/12/2025,13,112.10
20/12/2025,14,117.45
20/12/2025,15,122.27
20/12/2025,16,125.12
20/12/2025,17,128.85
20/12/2025,18,125.42
20/12/2025,19,123.12
20/12/2025,20,116.57
20/12/2025,21,109.60
20/12/2025,22,105.16
20/12/2025,23,102.52
20/12/2025,24,92.89
21/12/2025,1,97.36
21/12/2025,2,91.06
21/12/2025,3,88.75
21/12/2025,4,87.77
21/12/2025,5,87.42
21/12/2025,6,88.68
21/12/2025,7,90.67
21/12/2025,8,95.49
21/12/2025,9,103.75
21/12/2025,10,109.12
21/12/2025,11,107.57
21/12/2025,12,106.72
21/12/2025,13,105.16
21/12/2025,14,105.49
21/12/2025,15,109.19
21/12/2025,16,109.36
21/12/2025,17,110.13
21/12/2025,18,112.16
21/12/2025,19,107.66
21/12/2025,20,107.06
21/12/2025,21,104.01
21/12/2025,22,101.90
21/12/2025,23,94.08
21/12/2025,24,82.94
22/12/2025,1,81.22
22/12/2025,2,79.54
22/12/2025,3,78.54
22/12/2025,4,76.01
22/12/2025,5,79.32
22/12/2025,6,85.18
22/12/2025,7,93.99
22/12/2025,8,109.36
22/12/2025,9,113.03
22/12/2025,10,113.18
22/12/2025,11,107.92
22/12/2025,12,103.68
22/12/2025,13,101.79
22/12/2025,14,113.23
22/12/2025,15,114.87
22/12/2025,16,116.89
22/12/2025,17,125.33
22/12/2025,18,116.38
22/12/2025,19,115.15
22/12/2025,20,116.17
22/12/2025,21,109.66
22/12/2025,22,94.00
22/12/2025,23,97.98
22/12/2025,24,87.38
23/12/2025,1,78.08
23/12/2025,2,70.96
23/12/2025,3,80.01
23/12/2025,4,82.93
23/12/2025,5,75.19
23/12/2025,6,78.08
23/12/2025,7,86.36
23/12/2025,8,91.90
23/12/2025,9,99.51
23/12/2025,10,114.99
23/12/2025,11,114.99
23/12/2025,12,117.87
23/12/2025,13,114.99
23/12/2025,14,116.55
23/12/2025,15,114.99
23/12/2025,16,109.99
23/12/2025,17,107.14
23/12/2025,18,102.05
23/12/2025,19,109.11
23/12/2025,20,107.00
23/12/2025,21,95.88
23/12/2025,22,85.96
23/12/2025,23,84.59
23/12/2025,24,76.09
24/12/2025,1,73.65
24/12/2025,2,68.73
24/12/2025,3,69.60
24/12/2025,4,66.65
24/12/2025,5,63.53
24/12/2025,6,68.12
24/12/2025,7,67.26
24/12/2025,8,76.55
24/12/2025,9,87.79
24/12/2025,10,93.89
24/12/2025,11,94.71
24/12/2025,12,89.99
24/12/2025,13,89.99
24/12/2025,14,94.99
24/12/2025,15,99.99
24/12/2025,16,114.31
24/12/2025,17,128.09
24/12/2025,18,120.03
24/12/2025,19,90.95
24/12/2025,20,79.19
24/12/2025,21,79.00
24/12/2025,22,82.90
24/12/2025,23,79.15
24/12/2025,24,66.61
25/12/2025,1,69.53
25/12/2025,2,62.65
25/12/2025,3,60.78
25/12/2025,4,64.33
25/12/2025,5,62.15
25/12/2025,6,70.85
25/12/2025,7,68.28
25/12/2025,8,67.26
25/12/2025,9,72.22
25/12/2025,10,73.18
25/12/2025,11,67.75
25/12/2025,12,68.55
25/12/2025,13,65.56
25/12/2025,14,59.85
25/12/2025,15,78.38
25/12/2025,16,97.09
25/12/2025,17,101.18
25/12/2025,18,103.99
25/12/2025,19,111.08
25/12/2025,20,114.99
25/12/2025,21,119.61
25/12/2025,22,113.19
25/12/2025,23,102.33
25/12/2025,24,94.99
26/12/2025,1,97.10
26/12/2025,2,91.05
26/12/2025,3,85.84
26/12/2025,4,83.15
26/12/2025,5,82.75
26/12/2025,6,83.28
26/12/2025,7,85.11
26/12/2025,8,93.96
26/12/2025,9,99.12
26/12/2025,10,96.86
26/12/2025,11,89.25
26/12/2025,12,84.99
26/12/2025,13,82.31
26/12/2025,14,83.20
26/12/2025,15,93.27
26/12/2025,16,110.24
26/12/2025,17,117.95
26/12/2025,18,121.47
26/12/2025,19,117.63
26/12/2025,20,116.90
26/12/2025,21,114.48
26/12/2025,22,112.27
26/12/2025,23,108.77
26/12/2025,24,99.65
27/12/2025,1,96.85
27/12/2025,2,91.86
27/12/2025,3,84.85
27/12/2025,4,83.14
27/12/2025,5,84.52
27/12/2025,6,83.67
27/12/2025,7,88.73
27/12/2025,8,100.53
27/12/2025,9,102.91
27/12/2025,10,94.03
27/12/2025,11,80.13
27/12/2025,12,75.56
27/12/2025,13,74.64
27/12/2025,14,82.00
27/12/2025,15,97.74
27/12/2025,16,114.99
27/12/2025,17,129.99
27/12/2025,18,124.47
27/12/2025,19,119.34
27/12/2025,20,119.99
27/12/2025,21,111.99
27/12/2025,22,96.19
27/12/2025,23,104.50
27/12/2025,24,95.81
28/12/2025,1,99.55
28/12/2025,2,90.56
28/12/2025,3,88.87
28/12/2025,4,86.31
28/12/2025,5,85.32
28/12/2025,6,88.09
28/12/2025,7,89.67
28/12/2025,8,98.03
28/12/2025,9,98.06
28/12/2025,10,93.74
28/12/2025,11,88.59
28/12/2025,12,80.45
28/12/2025,13,80.05
28/12/2025,14,80.19
28/12/2025,15,87.00
28/12/2025,16,101.55
28/12/2025,17,111.59
28/12/2025,18,114.28
28/12/2025,19,114.99
28/12/2025,20,109.99
28/12/2025,21,105.01
28/12/2025,22,99.03
28/12/2025,23,98.28
28/12/2025,24,92.51
29/12/2025,1,90.53
29/12/2025,2,88.24
29/12/2025,3,85.31
29/12/2025,4,82.19
29/12/2025,5,84.50
29/12/2025,6,90.79
29/12/2025,7,96.33
29/12/2025,8,107.00
29/12/2025,9,113.88
29/12/2025,10,111.07
29/12/2025,11,97.90
29/12/2025,12,90.70
29/12/2025,13,88.00
29/12/2025,14,88.73
29/12/2025,15,106.99
29/12/2025,16,115.00
29/12/2025,17,114.28
29/12/2025,18,111.56
29/12/2025,19,121.26
29/12/2025,20,128.78
29/12/2025,21,115.00
29/12/2025,22,104.99
29/12/2025,23,88.51
29/12/2025,24,82.45
30/12/2025,1,80.60
30/12/2025,2,81.90
30/12/2025,3,85.48
30/12/2025,4,78.91
30/12/2025,5,80.46
30/12/2025,6,82.97
30/12/2025,7,84.38
30/12/2025,8,94.70
30/12/2025,9,94.88
30/12/2025,10,94.39
30/12/2025,11,85.82
30/12/2025,12,79.38
30/12/2025,13,76.16
30/12/2025,14,76.93
30/12/2025,15,89.71
30/12/2025,16,103.45
30/12/2025,17,110.00
30/12/2025,18,111.06
30/12/2025,19,109.10
30/12/2025,20,105.20
30/12/2025,21,100.86
30/12/2025,22,93.11
30/12/2025,23,91.74
30/12/2025,24,85.80
31/12/2025,1,88.79
31/12/2025,2,85.06
31/12/2025,3,80.27
31/12/2025,4,76.58
31/12/2025,5,74.93
31/12/2025,6,77.38
31/12/2025,7,81.99
31/12/2025,8,89.58
31/12/2025,9,97.44
31/12/2025,10,95.79
31/12/2025,11,89.43
31/12/2025,12,83.48
31/12/2025,13,83.05
31/12/2025,14,85.17
31/12/2025,15,107.43
31/12/2025,16,126.38
31/12/2025,17,115.15
31/12/2025,18,118.58
31/12/2025,19,115.23
31/12/2025,20,116.04
31/12/2025,21,112.91
31/12/2025,22,119.13
31/12/2025,23,121.64
31/12/2025,24,98.98
