day,hour,cost
1/1/2022,1,50.05
1/1/2022,2,41.33
1/1/2022,3,43.22
1/1/2022,4,45.46
1/1/2022,5,37.67
1/1/2022,6,39.7
1/1/2022,7,40.59
1/1/2022,8,43.26
1/1/2022,9,49.66
1/1/2022,10,70.05
1/1/2022,11,76.79
1/1/2022,12,84.1
1/1/2022,13,94.74
1/1/2022,14,96.8
1/1/2022,15,97.17
1/1/2022,16,101
1/1/2022,17,126.6
1/1/2022,18,149.97
1/1/2022,19,146.33
1/1/2022,20,140.28
1/1/2022,21,121.88
1/1/2022,22,102.61
1/1/2022,23,97.46
1/1/2022,24,85.16
2/1/2022,1,57.08
2/1/2022,2,52.59
2/1/2022,3,48.97
2/1/2022,4,34.94
2/1/2022,5,29.56
2/1/2022,6,33.97
2/1/2022,7,34.52
2/1/2022,8,41.8
2/1/2022,9,48.95
2/1/2022,10,60.01
2/1/2022,11,70.09
2/1/2022,12,66.26
2/1/2022,13,64.54
2/1/2022,14,46.96
2/1/2022,15,65.19
2/1/2022,16,81.09
2/1/2022,17,88.46
2/1/2022,18,95.4
2/1/2022,19,86.71
2/1/2022,20,71.72
2/1/2022,21,56.73
2/1/2022,22,46.16
2/1/2022,23,46.29
2/1/2022,24,32.93
3/1/2022,1,20.89
3/1/2022,2,9.7
3/1/2022,3,9.7
3/1/2022,4,7.07
3/1/2022,5,8.99
3/1/2022,6,15.34
3/1/2022,7,80
3/1/2022,8,102.48
3/1/2022,9,131.47
3/1/2022,10,135.53
3/1/2022,11,107.46
3/1/2022,12,110.08
3/1/2022,13,119.78
3/1/2022,14,117
3/1/2022,15,111.57
3/1/2022,16,111.39
3/1/2022,17,124.51
3/1/2022,18,148.49
3/1/2022,19,138
3/1/2022,20,117.64
3/1/2022,21,117.71
3/1/2022,22,95.95
3/1/2022,23,105.68
3/1/2022,24,95.26
4/1/2022,1,103.7
4/1/2022,2,108.27
4/1/2022,3,105.92
4/1/2022,4,103.41
4/1/2022,5,102.71
4/1/2022,6,114.23
4/1/2022,7,156.91
4/1/2022,8,182.64
4/1/2022,9,178.91
4/1/2022,10,190
4/1/2022,11,189.88
4/1/2022,12,182.42
4/1/2022,13,182.46
4/1/2022,14,179.59
4/1/2022,15,179
4/1/2022,16,180.93
4/1/2022,17,166.69
4/1/2022,18,189.88
4/1/2022,19,184.94
4/1/2022,20,178.99
4/1/2022,21,156.12
4/1/2022,22,140.92
4/1/2022,23,137.92
4/1/2022,24,97.56
5/1/2022,1,105.31
5/1/2022,2,97.29
5/1/2022,3,84.5
5/1/2022,4,75.38
5/1/2022,5,79.11
5/1/2022,6,94.79
5/1/2022,7,118.04
5/1/2022,8,124.69
5/1/2022,9,147.74
5/1/2022,10,147.18
5/1/2022,11,138.56
5/1/2022,12,129.99
5/1/2022,13,131.97
5/1/2022,14,130.67
5/1/2022,15,134.6
5/1/2022,16,146.61
5/1/2022,17,161.18
5/1/2022,18,170
5/1/2022,19,139.88
5/1/2022,20,135.75
5/1/2022,21,119.93
5/1/2022,22,98.09
5/1/2022,23,118.71
5/1/2022,24,99.68
6/1/2022,1,99.85
6/1/2022,2,101.32
6/1/2022,3,110.01
6/1/2022,4,111.55
6/1/2022,5,123.37
6/1/2022,6,149.94
6/1/2022,7,185.92
6/1/2022,8,228.25
6/1/2022,9,228.92
6/1/2022,10,212.9
6/1/2022,11,215.5
6/1/2022,12,231.9
6/1/2022,13,226
6/1/2022,14,209.2
6/1/2022,15,216.06
6/1/2022,16,230.77
6/1/2022,17,245.95
6/1/2022,18,274.11
6/1/2022,19,273.44
6/1/2022,20,245.48
6/1/2022,21,226.14
6/1/2022,22,208.31
6/1/2022,23,178.75
6/1/2022,24,124.7
7/1/2022,1,128.92
7/1/2022,2,118.4
7/1/2022,3,103.01
7/1/2022,4,101.91
7/1/2022,5,101.98
7/1/2022,6,114.99
7/1/2022,7,140.19
7/1/2022,8,170.53
7/1/2022,9,175.66
7/1/2022,10,161.85
7/1/2022,11,161.37
7/1/2022,12,166.06
7/1/2022,13,166.54
7/1/2022,14,166.04
7/1/2022,15,169.43
7/1/2022,16,189.7
7/1/2022,17,201.97
7/1/2022,18,243.11
7/1/2022,19,253.81
7/1/2022,20,237.05
7/1/2022,21,224.33
7/1/2022,22,213.81
7/1/2022,23,185.94
7/1/2022,24,148.32
8/1/2022,1,164.17
8/1/2022,2,152.83
8/1/2022,3,166
8/1/2022,4,160.86
8/1/2022,5,160
8/1/2022,6,154.3
8/1/2022,7,166
8/1/2022,8,182.91
8/1/2022,9,215.89
8/1/2022,10,231
8/1/2022,11,228.95
8/1/2022,12,215.39
8/1/2022,13,206.68
8/1/2022,14,185
8/1/2022,15,169.52
8/1/2022,16,162.8
8/1/2022,17,200.89
8/1/2022,18,189.9
8/1/2022,19,177.11
8/1/2022,20,140.23
8/1/2022,21,162.02
8/1/2022,22,102.18
8/1/2022,23,102.29
8/1/2022,24,114.11
9/1/2022,1,85.03
9/1/2022,2,84.4
9/1/2022,3,80.24
9/1/2022,4,55.46
9/1/2022,5,49.29
9/1/2022,6,62.06
9/1/2022,7,74.29
9/1/2022,8,84.44
9/1/2022,9,97.26
9/1/2022,10,119.97
9/1/2022,11,134.96
9/1/2022,12,149.4
9/1/2022,13,165.13
9/1/2022,14,165.06
9/1/2022,15,170.09
9/1/2022,16,189.04
9/1/2022,17,190.96
9/1/2022,18,223.3
9/1/2022,19,243.94
9/1/2022,20,240
9/1/2022,21,230.82
9/1/2022,22,214.02
9/1/2022,23,215.88
9/1/2022,24,203.8
10/1/2022,1,196.23
10/1/2022,2,191.85
10/1/2022,3,195.91
10/1/2022,4,186.66
10/1/2022,5,178.04
10/1/2022,6,191.65
10/1/2022,7,237.44
10/1/2022,8,299.95
10/1/2022,9,313.92
10/1/2022,10,315
10/1/2022,11,310.41
10/1/2022,12,310.08
10/1/2022,13,300
10/1/2022,14,297.01
10/1/2022,15,299.96
10/1/2022,16,306.45
10/1/2022,17,302.73
10/1/2022,18,315.47
10/1/2022,19,310.82
10/1/2022,20,294.98
10/1/2022,21,267.45
10/1/2022,22,242.23
10/1/2022,23,217.03
10/1/2022,24,195.83
11/1/2022,1,207.01
11/1/2022,2,202.42
11/1/2022,3,197.6
11/1/2022,4,193
11/1/2022,5,194.9
11/1/2022,6,204.45
11/1/2022,7,237.13
11/1/2022,8,293.52
11/1/2022,9,300.02
11/1/2022,10,297.16
11/1/2022,11,275.67
11/1/2022,12,264.4
11/1/2022,13,252.59
11/1/2022,14,248.38
11/1/2022,15,255.01
11/1/2022,16,277.9
11/1/2022,17,289.94
11/1/2022,18,316.4
11/1/2022,19,315.9
11/1/2022,20,309.2
11/1/2022,21,285.33
11/1/2022,22,245.3
11/1/2022,23,236.61
11/1/2022,24,204.57
12/1/2022,1,194.79
12/1/2022,2,183.98
12/1/2022,3,183.06
12/1/2022,4,177.35
12/1/2022,5,178.33
12/1/2022,6,193.5
12/1/2022,7,240.56
12/1/2022,8,273.18
12/1/2022,9,300.1
12/1/2022,10,292.74
12/1/2022,11,275.5
12/1/2022,12,258.65
12/1/2022,13,245.11
12/1/2022,14,232.08
12/1/2022,15,234.77
12/1/2022,16,240.01
12/1/2022,17,255
12/1/2022,18,284.82
12/1/2022,19,285.97
12/1/2022,20,269.03
12/1/2022,21,235.25
12/1/2022,22,191.5
12/1/2022,23,193.69
12/1/2022,24,172.18
13/1/2022,1,142.35
13/1/2022,2,161.69
13/1/2022,3,153.58
13/1/2022,4,147.07
13/1/2022,5,152.47
13/1/2022,6,171.26
13/1/2022,7,192.03
13/1/2022,8,215.24
13/1/2022,9,235.9
13/1/2022,10,219.99
13/1/2022,11,180.08
13/1/2022,12,170.16
13/1/2022,13,152.53
13/1/2022,14,134.13
13/1/2022,15,171.01
13/1/2022,16,201.59
13/1/2022,17,205.38
13/1/2022,18,220.3
13/1/2022,19,212.76
13/1/2022,20,210
13/1/2022,21,192.69
13/1/2022,22,164.46
13/1/2022,23,164.2
13/1/2022,24,122.09
14/1/2022,1,120.04
14/1/2022,2,110.03
14/1/2022,3,108.24
14/1/2022,4,107.46
14/1/2022,5,109.82
14/1/2022,6,140.52
14/1/2022,7,176.04
14/1/2022,8,190.97
14/1/2022,9,216.99
14/1/2022,10,196.91
14/1/2022,11,162.92
14/1/2022,12,160.04
14/1/2022,13,154.01
14/1/2022,14,152.29
14/1/2022,15,186.94
14/1/2022,16,217.18
14/1/2022,17,224.91
14/1/2022,18,262
14/1/2022,19,260.04
14/1/2022,20,234.32
14/1/2022,21,215.04
14/1/2022,22,204.39
14/1/2022,23,194.29
14/1/2022,24,184.9
15/1/2022,1,168.43
15/1/2022,2,170.62
15/1/2022,3,186.01
15/1/2022,4,182.64
15/1/2022,5,187.83
15/1/2022,6,190.58
15/1/2022,7,190.27
15/1/2022,8,204.46
15/1/2022,9,212.84
15/1/2022,10,230
15/1/2022,11,222.39
15/1/2022,12,214.92
15/1/2022,13,208.43
15/1/2022,14,200
15/1/2022,15,203.09
15/1/2022,16,213.98
15/1/2022,17,226.32
15/1/2022,18,260
15/1/2022,19,267.03
15/1/2022,20,261.41
15/1/2022,21,243.62
15/1/2022,22,220.1
15/1/2022,23,212.85
15/1/2022,24,209.41
16/1/2022,1,225.92
16/1/2022,2,216
16/1/2022,3,189.49
16/1/2022,4,181.98
16/1/2022,5,174.98
16/1/2022,6,165.91
16/1/2022,7,118.71
16/1/2022,8,119.45
16/1/2022,9,125.86
16/1/2022,10,129.46
16/1/2022,11,125.99
16/1/2022,12,131.83
16/1/2022,13,140.03
16/1/2022,14,122.49
16/1/2022,15,102.67
16/1/2022,16,121.95
16/1/2022,17,115
16/1/2022,18,125.42
16/1/2022,19,112.4
16/1/2022,20,97.49
16/1/2022,21,90.14
16/1/2022,22,97.09
16/1/2022,23,93.85
16/1/2022,24,87.2
17/1/2022,1,78.95
17/1/2022,2,88.44
17/1/2022,3,92.2
17/1/2022,4,89.62
17/1/2022,5,103.19
17/1/2022,6,136.01
17/1/2022,7,175.01
17/1/2022,8,177.06
17/1/2022,9,177.07
17/1/2022,10,187.58
17/1/2022,11,177.06
17/1/2022,12,177.06
17/1/2022,13,177.07
17/1/2022,14,175.08
17/1/2022,15,177.63
17/1/2022,16,204.09
17/1/2022,17,199.85
17/1/2022,18,249.99
17/1/2022,19,254.37
17/1/2022,20,237.28
17/1/2022,21,220
17/1/2022,22,215.94
17/1/2022,23,209.16
17/1/2022,24,180
18/1/2022,1,188.94
18/1/2022,2,192.68
18/1/2022,3,180.09
18/1/2022,4,188.09
18/1/2022,5,193.99
18/1/2022,6,205.07
18/1/2022,7,229.1
18/1/2022,8,273.71
18/1/2022,9,294.4
18/1/2022,10,290.64
18/1/2022,11,275.4
18/1/2022,12,265.1
18/1/2022,13,250
18/1/2022,14,244.27
18/1/2022,15,243.02
18/1/2022,16,249.22
18/1/2022,17,260
18/1/2022,18,278
18/1/2022,19,276.39
18/1/2022,20,255.03
18/1/2022,21,237.28
18/1/2022,22,224.19
18/1/2022,23,190.78
18/1/2022,24,175.49
19/1/2022,1,169.01
19/1/2022,2,163.48
19/1/2022,3,162.93
19/1/2022,4,160.01
19/1/2022,5,163.16
19/1/2022,6,169.01
19/1/2022,7,210
19/1/2022,8,227.42
19/1/2022,9,261.65
19/1/2022,10,252.67
19/1/2022,11,221.75
19/1/2022,12,193.62
19/1/2022,13,170.14
19/1/2022,14,180.03
19/1/2022,15,181.38
19/1/2022,16,235.31
19/1/2022,17,250
19/1/2022,18,260
19/1/2022,19,234.37
19/1/2022,20,227.93
19/1/2022,21,174.07
19/1/2022,22,120.9
19/1/2022,23,118.08
19/1/2022,24,97.16
20/1/2022,1,99.86
20/1/2022,2,104.61
20/1/2022,3,99.86
20/1/2022,4,84.8
20/1/2022,5,84.51
20/1/2022,6,149.02
20/1/2022,7,174.53
20/1/2022,8,230.1
20/1/2022,9,219.95
20/1/2022,10,130.27
20/1/2022,11,174
20/1/2022,12,165.02
20/1/2022,13,165.03
20/1/2022,14,165.07
20/1/2022,15,174.02
20/1/2022,16,219.91
20/1/2022,17,229.1
20/1/2022,18,234.96
20/1/2022,19,211.74
20/1/2022,20,180
20/1/2022,21,152.33
20/1/2022,22,137.91
20/1/2022,23,131.76
20/1/2022,24,121.39
21/1/2022,1,119.19
21/1/2022,2,117.87
21/1/2022,3,110.92
21/1/2022,4,113.14
21/1/2022,5,119.15
21/1/2022,6,120.73
21/1/2022,7,148.76
21/1/2022,8,207.59
21/1/2022,9,223.15
21/1/2022,10,215.79
21/1/2022,11,206.51
21/1/2022,12,206.43
21/1/2022,13,190
21/1/2022,14,170.08
21/1/2022,15,169.29
21/1/2022,16,190
21/1/2022,17,181.24
21/1/2022,18,195.19
21/1/2022,19,165.05
21/1/2022,20,145.81
21/1/2022,21,139.73
21/1/2022,22,132.25
21/1/2022,23,133.59
21/1/2022,24,120.01
22/1/2022,1,123.58
22/1/2022,2,120.3
22/1/2022,3,119.99
22/1/2022,4,121.8
22/1/2022,5,123.57
22/1/2022,6,123.68
22/1/2022,7,120
22/1/2022,8,148.35
22/1/2022,9,186
22/1/2022,10,207.46
22/1/2022,11,211.25
22/1/2022,12,209.66
22/1/2022,13,200.83
22/1/2022,14,188.54
22/1/2022,15,185.88
22/1/2022,16,196.5
22/1/2022,17,197.25
22/1/2022,18,222.31
22/1/2022,19,230.82
22/1/2022,20,214.32
22/1/2022,21,207.14
22/1/2022,22,190.33
22/1/2022,23,193.52
22/1/2022,24,175.07
23/1/2022,1,171.69
23/1/2022,2,183.01
23/1/2022,3,185.22
23/1/2022,4,179.73
23/1/2022,5,179.04
23/1/2022,6,179.49
23/1/2022,7,168.23
23/1/2022,8,172.45
23/1/2022,9,184.93
23/1/2022,10,195.31
23/1/2022,11,195.34
23/1/2022,12,195.87
23/1/2022,13,195.41
23/1/2022,14,186.29
23/1/2022,15,184.49
23/1/2022,16,190
23/1/2022,17,194
23/1/2022,18,214.95
23/1/2022,19,239.49
23/1/2022,20,242.97
23/1/2022,21,224.96
23/1/2022,22,204.84
23/1/2022,23,201
23/1/2022,24,179.97
24/1/2022,1,183.33
24/1/2022,2,179.61
24/1/2022,3,178.3
24/1/2022,4,177.46
24/1/2022,5,177.61
24/1/2022,6,187.48
24/1/2022,7,225.19
24/1/2022,8,265
24/1/2022,9,300.02
24/1/2022,10,299.39
24/1/2022,11,275.88
24/1/2022,12,270
24/1/2022,13,245.84
24/1/2022,14,240.08
24/1/2022,15,244
24/1/2022,16,256.49
24/1/2022,17,273.57
24/1/2022,18,307.38
24/1/2022,19,341.85
24/1/2022,20,315.31
24/1/2022,21,274.98
24/1/2022,22,250
24/1/2022,23,226.81
24/1/2022,24,206.92
25/1/2022,1,215.98
25/1/2022,2,212.9
25/1/2022,3,203.75
25/1/2022,4,196.24
25/1/2022,5,198.89
25/1/2022,6,217.71
25/1/2022,7,279.96
25/1/2022,8,356.24
25/1/2022,9,399.46
25/1/2022,10,399.01
25/1/2022,11,360
25/1/2022,12,347.4
25/1/2022,13,328.42
25/1/2022,14,305
25/1/2022,15,310
25/1/2022,16,313
25/1/2022,17,318.67
25/1/2022,18,366.43
25/1/2022,19,399.06
25/1/2022,20,373.75
25/1/2022,21,308.53
25/1/2022,22,265
25/1/2022,23,240.1
25/1/2022,24,215
26/1/2022,1,209.57
26/1/2022,2,212.36
26/1/2022,3,215.41
26/1/2022,4,209.89
26/1/2022,5,209.14
26/1/2022,6,215.09
26/1/2022,7,240.16
26/1/2022,8,294.88
26/1/2022,9,312.32
26/1/2022,10,312.69
26/1/2022,11,300.02
26/1/2022,12,282.65
26/1/2022,13,265.43
26/1/2022,14,245.92
26/1/2022,15,244.16
26/1/2022,16,259.36
26/1/2022,17,274.28
26/1/2022,18,275.49
26/1/2022,19,262.46
26/1/2022,20,224.45
26/1/2022,21,235.16
26/1/2022,22,191.9
26/1/2022,23,142.94
26/1/2022,24,122.34
27/1/2022,1,153.01
27/1/2022,2,147
27/1/2022,3,156.76
27/1/2022,4,152.8
27/1/2022,5,151.77
27/1/2022,6,152.01
27/1/2022,7,226.94
27/1/2022,8,215
27/1/2022,9,219.71
27/1/2022,10,228.93
27/1/2022,11,230
27/1/2022,12,230.08
27/1/2022,13,228.99
27/1/2022,14,228.98
27/1/2022,15,228.51
27/1/2022,16,220.78
27/1/2022,17,228.94
27/1/2022,18,230.02
27/1/2022,19,150
27/1/2022,20,184.02
27/1/2022,21,181.22
27/1/2022,22,145.64
27/1/2022,23,137.85
27/1/2022,24,95.73
28/1/2022,1,160.01
28/1/2022,2,158.38
28/1/2022,3,164.13
28/1/2022,4,138.05
28/1/2022,5,147.24
28/1/2022,6,158.01
28/1/2022,7,157.01
28/1/2022,8,220.02
28/1/2022,9,228.93
28/1/2022,10,230.68
28/1/2022,11,190.92
28/1/2022,12,220.07
28/1/2022,13,214.74
28/1/2022,14,231.6
28/1/2022,15,233.67
28/1/2022,16,237.08
28/1/2022,17,237.92
28/1/2022,18,260
28/1/2022,19,255.6
28/1/2022,20,222.37
28/1/2022,21,222.74
28/1/2022,22,177.8
28/1/2022,23,148.98
28/1/2022,24,123.36
29/1/2022,1,130.25
29/1/2022,2,115.01
29/1/2022,3,105.64
29/1/2022,4,115.01
29/1/2022,5,120.01
29/1/2022,6,141.21
29/1/2022,7,188.44
29/1/2022,8,220.1
29/1/2022,9,170.06
29/1/2022,10,220
29/1/2022,11,219.95
29/1/2022,12,170.05
29/1/2022,13,134.52
29/1/2022,14,131.35
29/1/2022,15,122.34
29/1/2022,16,142.3
29/1/2022,17,150
29/1/2022,18,134.7
29/1/2022,19,127
29/1/2022,20,130.22
29/1/2022,21,101.29
29/1/2022,22,94.97
29/1/2022,23,88.81
29/1/2022,24,79.63
30/1/2022,1,86.39
30/1/2022,2,86.39
30/1/2022,3,102.06
30/1/2022,4,94.98
30/1/2022,5,92
30/1/2022,6,114.39
30/1/2022,7,109.29
30/1/2022,8,92.68
30/1/2022,9,125.2
30/1/2022,10,170.01
30/1/2022,11,94.01
30/1/2022,12,121.11
30/1/2022,13,89.44
30/1/2022,14,88.45
30/1/2022,15,90.06
30/1/2022,16,140.93
30/1/2022,17,166.81
30/1/2022,18,190
30/1/2022,19,187.72
30/1/2022,20,191.11
30/1/2022,21,179.18
30/1/2022,22,175
30/1/2022,23,170
30/1/2022,24,144.21
31/1/2022,1,122.16
31/1/2022,2,110.17
31/1/2022,3,105.3
31/1/2022,4,100
31/1/2022,5,100.13
31/1/2022,6,135.4
31/1/2022,7,185.14
31/1/2022,8,240
31/1/2022,9,249.45
31/1/2022,10,251.92
31/1/2022,11,248.08
31/1/2022,12,243.42
31/1/2022,13,238.11
31/1/2022,14,237.8
31/1/2022,15,233.94
31/1/2022,16,233.99
31/1/2022,17,226.53
31/1/2022,18,240.67
31/1/2022,19,253.93
31/1/2022,20,245.15
31/1/2022,21,236.03
31/1/2022,22,212.96
31/1/2022,23,201.96
31/1/2022,24,163.67
1/2/2022,1,160.15
1/2/2022,2,154.54
1/2/2022,3,156.24
1/2/2022,4,155.17
1/2/2022,5,165.13
1/2/2022,6,163.01
1/2/2022,7,206.15
1/2/2022,8,239.17
1/2/2022,9,243.72
1/2/2022,10,230
1/2/2022,11,218.52
1/2/2022,12,201.97
1/2/2022,13,201.83
1/2/2022,14,220.03
1/2/2022,15,210.03
1/2/2022,16,220.1
1/2/2022,17,234.93
1/2/2022,18,246.91
1/2/2022,19,246.98
1/2/2022,20,246.95
1/2/2022,21,232.99
1/2/2022,22,210.31
1/2/2022,23,174.08
1/2/2022,24,143.78
2/2/2022,1,162.74
2/2/2022,2,164.94
2/2/2022,3,155.92
2/2/2022,4,140.97
2/2/2022,5,156.29
2/2/2022,6,164.05
2/2/2022,7,176.08
2/2/2022,8,204.75
2/2/2022,9,210.05
2/2/2022,10,215.87
2/2/2022,11,220.08
2/2/2022,12,176.02
2/2/2022,13,174.04
2/2/2022,14,159.37
2/2/2022,15,168.37
2/2/2022,16,193.09
2/2/2022,17,201.53
2/2/2022,18,238.01
2/2/2022,19,266.9
2/2/2022,20,265
2/2/2022,21,237
2/2/2022,22,203.47
2/2/2022,23,195.21
2/2/2022,24,184.26
3/2/2022,1,156.98
3/2/2022,2,159.06
3/2/2022,3,159.33
3/2/2022,4,157.56
3/2/2022,5,158.81
3/2/2022,6,162.92
3/2/2022,7,192.17
3/2/2022,8,209.91
3/2/2022,9,226.97
3/2/2022,10,223.33
3/2/2022,11,213.26
3/2/2022,12,209
3/2/2022,13,195.95
3/2/2022,14,192.68
3/2/2022,15,196.97
3/2/2022,16,209.67
3/2/2022,17,207.61
3/2/2022,18,224.15
3/2/2022,19,237.78
3/2/2022,20,224.96
3/2/2022,21,209.53
3/2/2022,22,186.82
3/2/2022,23,187.24
3/2/2022,24,145.05
4/2/2022,1,138.71
4/2/2022,2,128
4/2/2022,3,126.17
4/2/2022,4,127.69
4/2/2022,5,124.27
4/2/2022,6,138.5
4/2/2022,7,220
4/2/2022,8,223.91
4/2/2022,9,223.95
4/2/2022,10,225
4/2/2022,11,225.54
4/2/2022,12,220.45
4/2/2022,13,214.93
4/2/2022,14,214.99
4/2/2022,15,215
4/2/2022,16,225
4/2/2022,17,216.95
4/2/2022,18,215
4/2/2022,19,209.98
4/2/2022,20,174.5
4/2/2022,21,215
4/2/2022,22,164.08
4/2/2022,23,120
4/2/2022,24,112.02
5/2/2022,1,102.11
5/2/2022,2,96.25
5/2/2022,3,91.27
5/2/2022,4,87.25
5/2/2022,5,89.81
5/2/2022,6,112.01
5/2/2022,7,102.44
5/2/2022,8,114.57
5/2/2022,9,140.87
5/2/2022,10,135.14
5/2/2022,11,131.71
5/2/2022,12,145
5/2/2022,13,102.57
5/2/2022,14,112.01
5/2/2022,15,128
5/2/2022,16,145
5/2/2022,17,162.76
5/2/2022,18,150.6
5/2/2022,19,146.6
5/2/2022,20,115.86
5/2/2022,21,138.1
5/2/2022,22,112.01
5/2/2022,23,97.06
5/2/2022,24,85.07
6/2/2022,1,69.74
6/2/2022,2,56.96
6/2/2022,3,43.82
6/2/2022,4,40.71
6/2/2022,5,39.02
6/2/2022,6,42.71
6/2/2022,7,56.42
6/2/2022,8,70
6/2/2022,9,86.31
6/2/2022,10,102.53
6/2/2022,11,118
6/2/2022,12,125
6/2/2022,13,121.67
6/2/2022,14,120
6/2/2022,15,119.12
6/2/2022,16,119.6
6/2/2022,17,125
6/2/2022,18,134.51
6/2/2022,19,125
6/2/2022,20,121
6/2/2022,21,118.48
6/2/2022,22,108.27
6/2/2022,23,112.47
6/2/2022,24,94.96
7/2/2022,1,142.27
7/2/2022,2,140.41
7/2/2022,3,140.51
7/2/2022,4,140.21
7/2/2022,5,142.24
7/2/2022,6,151.06
7/2/2022,7,216
7/2/2022,8,218.98
7/2/2022,9,218.96
7/2/2022,10,216.1
7/2/2022,11,212.92
7/2/2022,12,210.08
7/2/2022,13,207.8
7/2/2022,14,196.66
7/2/2022,15,204.99
7/2/2022,16,207.45
7/2/2022,17,210.05
7/2/2022,18,216.1
7/2/2022,19,215.25
7/2/2022,20,200.09
7/2/2022,21,179.41
7/2/2022,22,151.06
7/2/2022,23,143.95
7/2/2022,24,111.41
8/2/2022,1,121.96
8/2/2022,2,130.91
8/2/2022,3,126.49
8/2/2022,4,120.27
8/2/2022,5,124.69
8/2/2022,6,130.01
8/2/2022,7,146.02
8/2/2022,8,198
8/2/2022,9,185.98
8/2/2022,10,160.76
8/2/2022,11,153.39
8/2/2022,12,149.25
8/2/2022,13,146.01
8/2/2022,14,146.01
8/2/2022,15,152.06
8/2/2022,16,158.59
8/2/2022,17,169.96
8/2/2022,18,201.71
8/2/2022,19,219.54
8/2/2022,20,212.97
8/2/2022,21,197.17
8/2/2022,22,139.82
8/2/2022,23,132.71
8/2/2022,24,123.39
9/2/2022,1,115.08
9/2/2022,2,114.87
9/2/2022,3,118.79
9/2/2022,4,109.58
9/2/2022,5,116.95
9/2/2022,6,119.34
9/2/2022,7,154.4
9/2/2022,8,195.99
9/2/2022,9,202.21
9/2/2022,10,195.97
9/2/2022,11,190
9/2/2022,12,190.04
9/2/2022,13,187.91
9/2/2022,14,167.83
9/2/2022,15,187.73
9/2/2022,16,190.1
9/2/2022,17,190.1
9/2/2022,18,219
9/2/2022,19,249.12
9/2/2022,20,257.28
9/2/2022,21,231.79
9/2/2022,22,215.81
9/2/2022,23,211.79
9/2/2022,24,196.7
10/2/2022,1,200.46
10/2/2022,2,192.61
10/2/2022,3,185.1
10/2/2022,4,172.23
10/2/2022,5,172.91
10/2/2022,6,174.88
10/2/2022,7,203.67
10/2/2022,8,233.46
10/2/2022,9,240.32
10/2/2022,10,225.56
10/2/2022,11,199.99
10/2/2022,12,193.67
10/2/2022,13,169.97
10/2/2022,14,167.9
10/2/2022,15,176.35
10/2/2022,16,184.55
10/2/2022,17,195.98
10/2/2022,18,215.77
10/2/2022,19,229.58
10/2/2022,20,212.49
10/2/2022,21,187.28
10/2/2022,22,179.37
10/2/2022,23,176.91
10/2/2022,24,136.66
11/2/2022,1,180.01
11/2/2022,2,176.73
11/2/2022,3,168.87
11/2/2022,4,164.09
11/2/2022,5,165
11/2/2022,6,171.3
11/2/2022,7,196.95
11/2/2022,8,221.46
11/2/2022,9,221.78
11/2/2022,10,179.53
11/2/2022,11,151.36
11/2/2022,12,145.49
11/2/2022,13,162.28
11/2/2022,14,159.26
11/2/2022,15,140.61
11/2/2022,16,168.15
11/2/2022,17,191.92
11/2/2022,18,220.57
11/2/2022,19,243.35
11/2/2022,20,241.18
11/2/2022,21,221.31
11/2/2022,22,213.13
11/2/2022,23,205.48
11/2/2022,24,190.1
12/2/2022,1,195.91
12/2/2022,2,187.2
12/2/2022,3,184.89
12/2/2022,4,170.24
12/2/2022,5,166
12/2/2022,6,162.45
12/2/2022,7,160.64
12/2/2022,8,162.56
12/2/2022,9,157.24
12/2/2022,10,121.8
12/2/2022,11,115.76
12/2/2022,12,121.27
12/2/2022,13,111.83
12/2/2022,14,109.03
12/2/2022,15,115.34
12/2/2022,16,116.85
12/2/2022,17,171.56
12/2/2022,18,194.89
12/2/2022,19,191.8
12/2/2022,20,148.81
12/2/2022,21,121.12
12/2/2022,22,104.74
12/2/2022,23,109.29
12/2/2022,24,101.7
13/2/2022,1,88.07
13/2/2022,2,98.65
13/2/2022,3,99.78
13/2/2022,4,99.14
13/2/2022,5,104.22
13/2/2022,6,99.91
13/2/2022,7,93.99
13/2/2022,8,88.55
13/2/2022,9,88.06
13/2/2022,10,60
13/2/2022,11,73.03
13/2/2022,12,67.23
13/2/2022,13,30.08
13/2/2022,14,43.25
13/2/2022,15,50.12
13/2/2022,16,81.78
13/2/2022,17,101.6
13/2/2022,18,168.76
13/2/2022,19,136
13/2/2022,20,144.91
13/2/2022,21,142.04
13/2/2022,22,131.02
13/2/2022,23,126
13/2/2022,24,97.65
14/2/2022,1,131.05
14/2/2022,2,136.01
14/2/2022,3,136.04
14/2/2022,4,131.08
14/2/2022,5,131.07
14/2/2022,6,182.72
14/2/2022,7,225
14/2/2022,8,250
14/2/2022,9,228.43
14/2/2022,10,192.91
14/2/2022,11,189.93
14/2/2022,12,188.95
14/2/2022,13,145.04
14/2/2022,14,184.25
14/2/2022,15,190.05
14/2/2022,16,193.98
14/2/2022,17,217.26
14/2/2022,18,210.06
14/2/2022,19,197.13
14/2/2022,20,167.3
14/2/2022,21,189.92
14/2/2022,22,126.86
14/2/2022,23,123.05
14/2/2022,24,110.94
15/2/2022,1,112.68
15/2/2022,2,125
15/2/2022,3,112.3
15/2/2022,4,118.28
15/2/2022,5,126.86
15/2/2022,6,156.66
15/2/2022,7,204.2
15/2/2022,8,245
15/2/2022,9,262.88
15/2/2022,10,240
15/2/2022,11,220.43
15/2/2022,12,213.5
15/2/2022,13,212.05
15/2/2022,14,208.97
15/2/2022,15,212.41
15/2/2022,16,215.13
15/2/2022,17,221.19
15/2/2022,18,225
15/2/2022,19,174.29
15/2/2022,20,138
15/2/2022,21,199
15/2/2022,22,125.01
15/2/2022,23,116.03
15/2/2022,24,110.01
16/2/2022,1,138.36
16/2/2022,2,139.97
16/2/2022,3,139.94
16/2/2022,4,139.94
16/2/2022,5,140
16/2/2022,6,140.01
16/2/2022,7,201.94
16/2/2022,8,203.99
16/2/2022,9,203.98
16/2/2022,10,174.52
16/2/2022,11,170
16/2/2022,12,191
16/2/2022,13,195
16/2/2022,14,191
16/2/2022,15,180
16/2/2022,16,193.99
16/2/2022,17,195
16/2/2022,18,195
16/2/2022,19,118.61
16/2/2022,20,117.99
16/2/2022,21,102.9
16/2/2022,22,95.01
16/2/2022,23,95.01
16/2/2022,24,74.12
17/2/2022,1,60.01
17/2/2022,2,44
17/2/2022,3,41.91
17/2/2022,4,44.61
17/2/2022,5,15.04
17/2/2022,6,134.94
17/2/2022,7,182.07
17/2/2022,8,188.9
17/2/2022,9,192.93
17/2/2022,10,192.69
17/2/2022,11,150.84
17/2/2022,12,110.39
17/2/2022,13,106.59
17/2/2022,14,114.31
17/2/2022,15,112.08
17/2/2022,16,133.08
17/2/2022,17,140.01
17/2/2022,18,175.98
17/2/2022,19,150.07
17/2/2022,20,138.18
17/2/2022,21,104.68
17/2/2022,22,97.45
17/2/2022,23,86.3
17/2/2022,24,63.04
18/2/2022,1,71.45
18/2/2022,2,62.57
18/2/2022,3,74.76
18/2/2022,4,84.92
18/2/2022,5,95.19
18/2/2022,6,119.09
18/2/2022,7,140.99
18/2/2022,8,185.05
18/2/2022,9,189.28
18/2/2022,10,173.24
18/2/2022,11,150
18/2/2022,12,130.99
18/2/2022,13,123.17
18/2/2022,14,106.81
18/2/2022,15,99.89
18/2/2022,16,106.53
18/2/2022,17,117.61
18/2/2022,18,124.75
18/2/2022,19,130.9
18/2/2022,20,140.49
18/2/2022,21,115.87
18/2/2022,22,109.75
18/2/2022,23,115.66
18/2/2022,24,92.46
19/2/2022,1,73.73
19/2/2022,2,60.01
19/2/2022,3,63.11
19/2/2022,4,94.92
19/2/2022,5,85
19/2/2022,6,75.01
19/2/2022,7,95
19/2/2022,8,89.91
19/2/2022,9,92.43
19/2/2022,10,94.8
19/2/2022,11,113.07
19/2/2022,12,115
19/2/2022,13,112
19/2/2022,14,89.98
19/2/2022,15,94.52
19/2/2022,16,89.97
19/2/2022,17,112
19/2/2022,18,125.02
19/2/2022,19,145.57
19/2/2022,20,125
19/2/2022,21,120.14
19/2/2022,22,110.26
19/2/2022,23,112.77
19/2/2022,24,100.93
20/2/2022,1,104.38
20/2/2022,2,99.9
20/2/2022,3,98.71
20/2/2022,4,92.01
20/2/2022,5,88.53
20/2/2022,6,87.17
20/2/2022,7,80
20/2/2022,8,80.08
20/2/2022,9,88.28
20/2/2022,10,95.06
20/2/2022,11,98.22
20/2/2022,12,95.09
20/2/2022,13,88.36
20/2/2022,14,80
20/2/2022,15,75.05
20/2/2022,16,95.51
20/2/2022,17,97.49
20/2/2022,18,108.74
20/2/2022,19,132.2
20/2/2022,20,139.06
20/2/2022,21,107.79
20/2/2022,22,95.72
20/2/2022,23,88.09
20/2/2022,24,69.63
21/2/2022,1,45.09
21/2/2022,2,40.01
21/2/2022,3,31.87
21/2/2022,4,40.77
21/2/2022,5,60.01
21/2/2022,6,94.93
21/2/2022,7,153.62
21/2/2022,8,145
21/2/2022,9,147.92
21/2/2022,10,130.75
21/2/2022,11,114.07
21/2/2022,12,110.42
21/2/2022,13,107.15
21/2/2022,14,116
21/2/2022,15,115.32
21/2/2022,16,115.09
21/2/2022,17,150.26
21/2/2022,18,117.78
21/2/2022,19,135.59
21/2/2022,20,123.63
21/2/2022,21,150
21/2/2022,22,102
21/2/2022,23,102.83
21/2/2022,24,92.55
22/2/2022,1,100.01
22/2/2022,2,105.01
22/2/2022,3,102.08
22/2/2022,4,85.05
22/2/2022,5,88.16
22/2/2022,6,95.36
22/2/2022,7,117.86
22/2/2022,8,185.78
22/2/2022,9,211.59
22/2/2022,10,180.27
22/2/2022,11,144.08
22/2/2022,12,135.04
22/2/2022,13,121.25
22/2/2022,14,117.66
22/2/2022,15,118.87
22/2/2022,16,125.29
22/2/2022,17,136.7
22/2/2022,18,155.21
22/2/2022,19,162.62
22/2/2022,20,138.82
22/2/2022,21,119.31
22/2/2022,22,110.56
22/2/2022,23,108.42
22/2/2022,24,91.63
23/2/2022,1,97.96
23/2/2022,2,103.33
23/2/2022,3,93.16
23/2/2022,4,88.34
23/2/2022,5,97.32
23/2/2022,6,101.7
23/2/2022,7,118.36
23/2/2022,8,171.97
23/2/2022,9,155.03
23/2/2022,10,126.44
23/2/2022,11,109.43
23/2/2022,12,130.33
23/2/2022,13,118.16
23/2/2022,14,116.05
23/2/2022,15,100.9
23/2/2022,16,109.49
23/2/2022,17,162.8
23/2/2022,18,205.72
23/2/2022,19,230
23/2/2022,20,236.86
23/2/2022,21,187.04
23/2/2022,22,164.6
23/2/2022,23,146.62
23/2/2022,24,107.6
24/2/2022,1,115.07
24/2/2022,2,113.04
24/2/2022,3,110.33
24/2/2022,4,109.29
24/2/2022,5,112.36
24/2/2022,6,116.77
24/2/2022,7,168.5
24/2/2022,8,184.77
24/2/2022,9,160
24/2/2022,10,137.34
24/2/2022,11,117.47
24/2/2022,12,112.78
24/2/2022,13,107.58
24/2/2022,14,105.02
24/2/2022,15,105.1
24/2/2022,16,112.4
24/2/2022,17,113.73
24/2/2022,18,146.57
24/2/2022,19,155.38
24/2/2022,20,160
24/2/2022,21,142.84
24/2/2022,22,134.94
24/2/2022,23,109.95
24/2/2022,24,98.51
25/2/2022,1,121.01
25/2/2022,2,121.01
25/2/2022,3,112.56
25/2/2022,4,99.61
25/2/2022,5,126.01
25/2/2022,6,118.01
25/2/2022,7,150
25/2/2022,8,133.53
25/2/2022,9,125.02
25/2/2022,10,107.16
25/2/2022,11,98.38
25/2/2022,12,105.01
25/2/2022,13,109.01
25/2/2022,14,109.51
25/2/2022,15,125
25/2/2022,16,170
25/2/2022,17,207.93
25/2/2022,18,210.09
25/2/2022,19,211.75
25/2/2022,20,231.28
25/2/2022,21,189.58
25/2/2022,22,145.54
25/2/2022,23,135.13
25/2/2022,24,132.89
26/2/2022,1,150.09
26/2/2022,2,152.6
26/2/2022,3,174.05
26/2/2022,4,187.92
26/2/2022,5,190.69
26/2/2022,6,237.17
26/2/2022,7,249.98
26/2/2022,8,263.46
26/2/2022,9,275.57
26/2/2022,10,267.37
26/2/2022,11,245.75
26/2/2022,12,213.02
26/2/2022,13,196.64
26/2/2022,14,178.97
26/2/2022,15,177.04
26/2/2022,16,197.47
26/2/2022,17,225.08
26/2/2022,18,259.9
26/2/2022,19,299
26/2/2022,20,300.7
26/2/2022,21,277.91
26/2/2022,22,235.8
26/2/2022,23,242.15
26/2/2022,24,212.09
27/2/2022,1,195.65
27/2/2022,2,180.7
27/2/2022,3,174.44
27/2/2022,4,172.31
27/2/2022,5,174.5
27/2/2022,6,177.1
27/2/2022,7,186.05
27/2/2022,8,191.54
27/2/2022,9,189.37
27/2/2022,10,173.75
27/2/2022,11,154.07
27/2/2022,12,144.76
27/2/2022,13,116.53
27/2/2022,14,114
27/2/2022,15,111.68
27/2/2022,16,151.54
27/2/2022,17,176.15
27/2/2022,18,229.9
27/2/2022,19,275.76
27/2/2022,20,274.5
27/2/2022,21,220.7
27/2/2022,22,197.8
27/2/2022,23,197.78
27/2/2022,24,197.22
28/2/2022,1,177.39
28/2/2022,2,174.06
28/2/2022,3,185.57
28/2/2022,4,178.26
28/2/2022,5,197
28/2/2022,6,217
28/2/2022,7,284.97
28/2/2022,8,322.9
28/2/2022,9,308.9
28/2/2022,10,267.3
28/2/2022,11,163.82
28/2/2022,12,145.55
28/2/2022,13,137.09
28/2/2022,14,135.4
28/2/2022,15,141.17
28/2/2022,16,258.97
28/2/2022,17,258.97
28/2/2022,18,280.56
28/2/2022,19,350
28/2/2022,20,300
28/2/2022,21,260.09
28/2/2022,22,263.95
28/2/2022,23,200.31
28/2/2022,24,183.48
1/3/2022,1,192.66
1/3/2022,2,174.64
1/3/2022,3,151.7
1/3/2022,4,163.5
1/3/2022,5,173.15
1/3/2022,6,194.03
1/3/2022,7,268.04
1/3/2022,8,286.73
1/3/2022,9,284.91
1/3/2022,10,217.58
1/3/2022,11,179.33
1/3/2022,12,222.33
1/3/2022,13,220
1/3/2022,14,221.5
1/3/2022,15,235.02
1/3/2022,16,261.24
1/3/2022,17,283.2
1/3/2022,18,315.87
1/3/2022,19,362.75
1/3/2022,20,354.11
1/3/2022,21,315.87
1/3/2022,22,286
1/3/2022,23,266.94
1/3/2022,24,245.47
2/3/2022,1,251.04
2/3/2022,2,248.43
2/3/2022,3,242.06
2/3/2022,4,233.14
2/3/2022,5,233.62
2/3/2022,6,250
2/3/2022,7,291.55
2/3/2022,8,329.07
2/3/2022,9,337.09
2/3/2022,10,298.1
2/3/2022,11,267.85
2/3/2022,12,257.95
2/3/2022,13,245.82
2/3/2022,14,234.99
2/3/2022,15,236.29
2/3/2022,16,249.66
2/3/2022,17,272.58
2/3/2022,18,316.56
2/3/2022,19,384.83
2/3/2022,20,385
2/3/2022,21,321.09
2/3/2022,22,287.06
2/3/2022,23,265.78
2/3/2022,24,249.66
3/3/2022,1,331.16
3/3/2022,2,322.53
3/3/2022,3,316
3/3/2022,4,307.01
3/3/2022,5,307.3
3/3/2022,6,332.27
3/3/2022,7,371.41
3/3/2022,8,405
3/3/2022,9,400
3/3/2022,10,359.96
3/3/2022,11,294.76
3/3/2022,12,276.94
3/3/2022,13,266.04
3/3/2022,14,269.92
3/3/2022,15,293.02
3/3/2022,16,319.58
3/3/2022,17,336.53
3/3/2022,18,398.53
3/3/2022,19,410
3/3/2022,20,405.05
3/3/2022,21,390
3/3/2022,22,350
3/3/2022,23,333.88
3/3/2022,24,319.9
4/3/2022,1,351.07
4/3/2022,2,346.6
4/3/2022,3,329.4
4/3/2022,4,304.05
4/3/2022,5,315
4/3/2022,6,349.07
4/3/2022,7,398.6
4/3/2022,8,410
4/3/2022,9,410.05
4/3/2022,10,385.16
4/3/2022,11,362.95
4/3/2022,12,349.78
4/3/2022,13,360
4/3/2022,14,359.97
4/3/2022,15,359.9
4/3/2022,16,354.92
4/3/2022,17,355.77
4/3/2022,18,380.94
4/3/2022,19,410
4/3/2022,20,410
4/3/2022,21,400.08
4/3/2022,22,381.83
4/3/2022,23,359.07
4/3/2022,24,361.01
5/3/2022,1,363.87
5/3/2022,2,360
5/3/2022,3,350
5/3/2022,4,330
5/3/2022,5,338.85
5/3/2022,6,347.04
5/3/2022,7,369
5/3/2022,8,378.1
5/3/2022,9,370.53
5/3/2022,10,322.34
5/3/2022,11,293.81
5/3/2022,12,290.57
5/3/2022,13,279.3
5/3/2022,14,260.35
5/3/2022,15,260.56
5/3/2022,16,301.36
5/3/2022,17,339.99
5/3/2022,18,385.63
5/3/2022,19,405.78
5/3/2022,20,409.3
5/3/2022,21,400
5/3/2022,22,377.25
5/3/2022,23,369.63
5/3/2022,24,362.4
6/3/2022,1,390.61
6/3/2022,2,353
6/3/2022,3,345.16
6/3/2022,4,334.21
6/3/2022,5,339.44
6/3/2022,6,342.09
6/3/2022,7,350.06
6/3/2022,8,340.44
6/3/2022,9,336.52
6/3/2022,10,210.01
6/3/2022,11,259.02
6/3/2022,12,268.05
6/3/2022,13,279
6/3/2022,14,249.18
6/3/2022,15,246.29
6/3/2022,16,281.41
6/3/2022,17,308.1
6/3/2022,18,385.16
6/3/2022,19,435.08
6/3/2022,20,454.28
6/3/2022,21,436.35
6/3/2022,22,412.02
6/3/2022,23,412.02
6/3/2022,24,411.65
7/3/2022,1,377.56
7/3/2022,2,369.83
7/3/2022,3,368.94
7/3/2022,4,359.21
7/3/2022,5,361.71
7/3/2022,6,397.23
7/3/2022,7,465.77
7/3/2022,8,512.36
7/3/2022,9,515.01
7/3/2022,10,483
7/3/2022,11,390.61
7/3/2022,12,410
7/3/2022,13,340.22
7/3/2022,14,412.06
7/3/2022,15,312.82
7/3/2022,16,351.54
7/3/2022,17,400
7/3/2022,18,450.39
7/3/2022,19,507.54
7/3/2022,20,522.91
7/3/2022,21,475
7/3/2022,22,434.97
7/3/2022,23,415.42
7/3/2022,24,367.72
8/3/2022,1,455.1
8/3/2022,2,449.5
8/3/2022,3,449.5
8/3/2022,4,424.88
8/3/2022,5,436.06
8/3/2022,6,456.05
8/3/2022,7,622.3
8/3/2022,8,690
8/3/2022,9,650
8/3/2022,10,541.51
8/3/2022,11,353.31
8/3/2022,12,333.83
8/3/2022,13,316.52
8/3/2022,14,294.77
8/3/2022,15,310.6
8/3/2022,16,366.99
8/3/2022,17,514.31
8/3/2022,18,603.08
8/3/2022,19,674.93
8/3/2022,20,700
8/3/2022,21,619.92
8/3/2022,22,542.9
8/3/2022,23,492.05
8/3/2022,24,399.73
9/3/2022,1,430.07
9/3/2022,2,408.91
9/3/2022,3,418.38
9/3/2022,4,420.03
9/3/2022,5,420.03
9/3/2022,6,440
9/3/2022,7,523.76
9/3/2022,8,579.45
9/3/2022,9,554.76
9/3/2022,10,449.99
9/3/2022,11,389
9/3/2022,12,350.83
9/3/2022,13,305.11
9/3/2022,14,331.72
9/3/2022,15,341.86
9/3/2022,16,382.44
9/3/2022,17,425.09
9/3/2022,18,529.43
9/3/2022,19,574.93
9/3/2022,20,605
9/3/2022,21,528.03
9/3/2022,22,448.75
9/3/2022,23,449.06
9/3/2022,24,418.45
10/3/2022,1,350
10/3/2022,2,320
10/3/2022,3,321.59
10/3/2022,4,310.09
10/3/2022,5,310.07
10/3/2022,6,335.01
10/3/2022,7,414.66
10/3/2022,8,436.06
10/3/2022,9,421.17
10/3/2022,10,311.99
10/3/2022,11,240.33
10/3/2022,12,199.82
10/3/2022,13,171.7
10/3/2022,14,150.01
10/3/2022,15,162.66
10/3/2022,16,199.85
10/3/2022,17,360.08
10/3/2022,18,379.95
10/3/2022,19,412.4
10/3/2022,20,326.39
10/3/2022,21,320
10/3/2022,22,310.1
10/3/2022,23,214.17
10/3/2022,24,130.01
11/3/2022,1,115.9
11/3/2022,2,115.33
11/3/2022,3,115.26
11/3/2022,4,112.71
11/3/2022,5,115.9
11/3/2022,6,163.32
11/3/2022,7,290
11/3/2022,8,369.95
11/3/2022,9,236.2
11/3/2022,10,155.01
11/3/2022,11,155.01
11/3/2022,12,85.43
11/3/2022,13,85.41
11/3/2022,14,95
11/3/2022,15,155.01
11/3/2022,16,173.37
11/3/2022,17,255
11/3/2022,18,379.95
11/3/2022,19,230
11/3/2022,20,173.41
11/3/2022,21,335
11/3/2022,22,235
11/3/2022,23,155.79
11/3/2022,24,120.43
12/3/2022,1,120.01
12/3/2022,2,120.01
12/3/2022,3,120.01
12/3/2022,4,120.01
12/3/2022,5,125.01
12/3/2022,6,134.69
12/3/2022,7,148.64
12/3/2022,8,127.95
12/3/2022,9,120.01
12/3/2022,10,120.01
12/3/2022,11,114.64
12/3/2022,12,106.4
12/3/2022,13,101.28
12/3/2022,14,109.62
12/3/2022,15,117.76
12/3/2022,16,126.26
12/3/2022,17,189.3
12/3/2022,18,287.3
12/3/2022,19,323.3
12/3/2022,20,235
12/3/2022,21,173
12/3/2022,22,176.5
12/3/2022,23,182.51
12/3/2022,24,168.88
13/3/2022,1,160.1
13/3/2022,2,150.01
13/3/2022,3,124.27
13/3/2022,4,102.54
13/3/2022,5,130.25
13/3/2022,6,120.7
13/3/2022,7,100.05
13/3/2022,8,90.92
13/3/2022,9,77.49
13/3/2022,10,72.82
13/3/2022,11,76.61
13/3/2022,12,81.6
13/3/2022,13,75.67
13/3/2022,14,76.37
13/3/2022,15,81.21
13/3/2022,16,85.16
13/3/2022,17,104.03
13/3/2022,18,223.07
13/3/2022,19,249.1
13/3/2022,20,199.9
13/3/2022,21,216.74
13/3/2022,22,209.79
13/3/2022,23,220.33
13/3/2022,24,210
14/3/2022,1,205.9
14/3/2022,2,204.44
14/3/2022,3,211.64
14/3/2022,4,207.03
14/3/2022,5,219.91
14/3/2022,6,230.06
14/3/2022,7,301.92
14/3/2022,8,335.88
14/3/2022,9,344.24
14/3/2022,10,300.83
14/3/2022,11,265.91
14/3/2022,12,258.34
14/3/2022,13,240.57
14/3/2022,14,224.25
14/3/2022,15,218.34
14/3/2022,16,269.8
14/3/2022,17,293.02
14/3/2022,18,346.5
14/3/2022,19,390.01
14/3/2022,20,435.42
14/3/2022,21,365.26
14/3/2022,22,322.7
14/3/2022,23,300.73
14/3/2022,24,261.86
15/3/2022,1,248.92
15/3/2022,2,245.03
15/3/2022,3,241.79
15/3/2022,4,240.07
15/3/2022,5,242.69
15/3/2022,6,262.4
15/3/2022,7,318.93
15/3/2022,8,340.29
15/3/2022,9,349.98
15/3/2022,10,329.45
15/3/2022,11,318.46
15/3/2022,12,296.17
15/3/2022,13,279.49
15/3/2022,14,283.24
15/3/2022,15,287.96
15/3/2022,16,297.17
15/3/2022,17,317.53
15/3/2022,18,332.36
15/3/2022,19,375
15/3/2022,20,405.02
15/3/2022,21,335.24
15/3/2022,22,312.09
15/3/2022,23,288.99
15/3/2022,24,264.63
16/3/2022,1,253.41
16/3/2022,2,251.4
16/3/2022,3,247.5
16/3/2022,4,240.01
16/3/2022,5,238.5
16/3/2022,6,249.72
16/3/2022,7,296.96
16/3/2022,8,317.7
16/3/2022,9,314
16/3/2022,10,295.94
16/3/2022,11,276.6
16/3/2022,12,260.14
16/3/2022,13,207.44
16/3/2022,14,204.01
16/3/2022,15,200.03
16/3/2022,16,198.22
16/3/2022,17,275
16/3/2022,18,294.92
16/3/2022,19,319.13
16/3/2022,20,300
16/3/2022,21,290
16/3/2022,22,280.38
16/3/2022,23,165.22
16/3/2022,24,140.01
17/3/2022,1,160.01
17/3/2022,2,200
17/3/2022,3,195.06
17/3/2022,4,151.05
17/3/2022,5,157.43
17/3/2022,6,203.05
17/3/2022,7,260.99
17/3/2022,8,284.91
17/3/2022,9,270
17/3/2022,10,254.94
17/3/2022,11,211.6
17/3/2022,12,220.02
17/3/2022,13,206.21
17/3/2022,14,214.09
17/3/2022,15,229.97
17/3/2022,16,246.2
17/3/2022,17,257.36
17/3/2022,18,276.22
17/3/2022,19,310.03
17/3/2022,20,347.21
17/3/2022,21,295.92
17/3/2022,22,259.29
17/3/2022,23,244.66
17/3/2022,24,237.2
18/3/2022,1,203.03
18/3/2022,2,206.97
18/3/2022,3,201.38
18/3/2022,4,206.5
18/3/2022,5,209.9
18/3/2022,6,217.06
18/3/2022,7,262.97
18/3/2022,8,291.51
18/3/2022,9,287.81
18/3/2022,10,249.9
18/3/2022,11,228.58
18/3/2022,12,204.87
18/3/2022,13,205.01
18/3/2022,14,201.14
18/3/2022,15,200.31
18/3/2022,16,202.48
18/3/2022,17,212.4
18/3/2022,18,245.54
18/3/2022,19,275.31
18/3/2022,20,286.52
18/3/2022,21,251.15
18/3/2022,22,216.95
18/3/2022,23,228.5
18/3/2022,24,197.81
19/3/2022,1,196.67
19/3/2022,2,194.82
19/3/2022,3,187.02
19/3/2022,4,187
19/3/2022,5,185.06
19/3/2022,6,190.8
19/3/2022,7,198.23
19/3/2022,8,204.14
19/3/2022,9,196.11
19/3/2022,10,135.07
19/3/2022,11,99.55
19/3/2022,12,85.08
19/3/2022,13,85.29
19/3/2022,14,85.18
19/3/2022,15,88.81
19/3/2022,16,94.71
19/3/2022,17,98
19/3/2022,18,151.01
19/3/2022,19,192.8
19/3/2022,20,173.27
19/3/2022,21,141.9
19/3/2022,22,96.1
19/3/2022,23,91.13
19/3/2022,24,82.85
20/3/2022,1,84.04
20/3/2022,2,70.99
20/3/2022,3,74.78
20/3/2022,4,68.38
20/3/2022,5,75.9
20/3/2022,6,75.9
20/3/2022,7,68.53
20/3/2022,8,20.56
20/3/2022,9,12.86
20/3/2022,10,13
20/3/2022,11,13.13
20/3/2022,12,49.38
20/3/2022,13,47.78
20/3/2022,14,11.79
20/3/2022,15,11.77
20/3/2022,16,75.62
20/3/2022,17,89.84
20/3/2022,18,138.14
20/3/2022,19,206.03
20/3/2022,20,200
20/3/2022,21,150.44
20/3/2022,22,124.24
20/3/2022,23,110.07
20/3/2022,24,93.36
21/3/2022,1,114.18
21/3/2022,2,118.82
21/3/2022,3,118.85
21/3/2022,4,119
21/3/2022,5,137.03
21/3/2022,6,189.41
21/3/2022,7,264
21/3/2022,8,288
21/3/2022,9,270.6
21/3/2022,10,196.47
21/3/2022,11,153.06
21/3/2022,12,163.68
21/3/2022,13,156.99
21/3/2022,14,171.35
21/3/2022,15,170.67
21/3/2022,16,212.63
21/3/2022,17,232.98
21/3/2022,18,273.68
21/3/2022,19,309.6
21/3/2022,20,336.98
21/3/2022,21,277.16
21/3/2022,22,240.91
21/3/2022,23,222.81
21/3/2022,24,199.25
22/3/2022,1,223
22/3/2022,2,215
22/3/2022,3,207
22/3/2022,4,206.36
22/3/2022,5,203
22/3/2022,6,220.92
22/3/2022,7,273.7
22/3/2022,8,287.34
22/3/2022,9,281.1
22/3/2022,10,240.15
22/3/2022,11,199.9
22/3/2022,12,192.2
22/3/2022,13,183.66
22/3/2022,14,185.21
22/3/2022,15,193.92
22/3/2022,16,199.86
22/3/2022,17,230.01
22/3/2022,18,269.97
22/3/2022,19,301.03
22/3/2022,20,351
22/3/2022,21,290.84
22/3/2022,22,255.9
22/3/2022,23,242.25
22/3/2022,24,222.38
23/3/2022,1,209.8
23/3/2022,2,200.05
23/3/2022,3,200.62
23/3/2022,4,198.08
23/3/2022,5,204.09
23/3/2022,6,226.15
23/3/2022,7,275.45
23/3/2022,8,299.25
23/3/2022,9,280.72
23/3/2022,10,217.11
23/3/2022,11,199.7
23/3/2022,12,191.54
23/3/2022,13,181.07
23/3/2022,14,181.93
23/3/2022,15,190.31
23/3/2022,16,202.34
23/3/2022,17,217.99
23/3/2022,18,266.05
23/3/2022,19,312.28
23/3/2022,20,374.14
23/3/2022,21,311.03
23/3/2022,22,270
23/3/2022,23,245.12
23/3/2022,24,216.4
24/3/2022,1,213.01
24/3/2022,2,212.33
24/3/2022,3,211.5
24/3/2022,4,211.8
24/3/2022,5,212.93
24/3/2022,6,223.32
24/3/2022,7,282.97
24/3/2022,8,305.07
24/3/2022,9,267.73
24/3/2022,10,218.91
24/3/2022,11,194.92
24/3/2022,12,194.94
24/3/2022,13,185.97
24/3/2022,14,181.94
24/3/2022,15,192.7
24/3/2022,16,208.42
24/3/2022,17,232.58
24/3/2022,18,266.99
24/3/2022,19,310.76
24/3/2022,20,371.11
24/3/2022,21,295.4
24/3/2022,22,256.86
24/3/2022,23,240.04
24/3/2022,24,219.76
25/3/2022,1,262.48
25/3/2022,2,244.31
25/3/2022,3,234.29
25/3/2022,4,230.15
25/3/2022,5,226.01
25/3/2022,6,254.91
25/3/2022,7,315
25/3/2022,8,333.86
25/3/2022,9,285.12
25/3/2022,10,248.37
25/3/2022,11,185.6
25/3/2022,12,185.87
25/3/2022,13,172.57
25/3/2022,14,169.75
25/3/2022,15,178.57
25/3/2022,16,210
25/3/2022,17,251.07
25/3/2022,18,276.28
25/3/2022,19,300.77
25/3/2022,20,339.9
25/3/2022,21,283.38
25/3/2022,22,242.2
25/3/2022,23,244.56
25/3/2022,24,190.07
26/3/2022,1,235.96
26/3/2022,2,221.16
26/3/2022,3,185.58
26/3/2022,4,191.02
26/3/2022,5,206.58
26/3/2022,6,216.18
26/3/2022,7,199.56
26/3/2022,8,190.28
26/3/2022,9,152.18
26/3/2022,10,159.37
26/3/2022,11,110.05
26/3/2022,12,85.94
26/3/2022,13,83.11
26/3/2022,14,80.38
26/3/2022,15,89.35
26/3/2022,16,157.71
26/3/2022,17,199.95
26/3/2022,18,232.42
26/3/2022,19,262.5
26/3/2022,20,292.24
26/3/2022,21,270.07
26/3/2022,22,244.98
26/3/2022,23,244.94
26/3/2022,24,237.75
27/3/2022,1,235
27/3/2022,2,221.93
27/3/2022,3,214.02
27/3/2022,4,212
27/3/2022,5,211.09
27/3/2022,6,210.31
27/3/2022,7,214.03
27/3/2022,8,214.08
27/3/2022,9,214.07
27/3/2022,10,205.02
27/3/2022,11,194.4
27/3/2022,12,161.5
27/3/2022,13,89.9
27/3/2022,14,77.97
27/3/2022,15,92
27/3/2022,16,141.59
27/3/2022,17,194.83
27/3/2022,18,220
27/3/2022,19,263.02
27/3/2022,20,281.68
27/3/2022,21,265.63
27/3/2022,22,251.59
27/3/2022,23,228
28/3/2022,1,196
28/3/2022,2,192.04
28/3/2022,3,189.45
28/3/2022,4,194.89
28/3/2022,5,195.01
28/3/2022,6,208.62
28/3/2022,7,274.95
28/3/2022,8,316.95
28/3/2022,9,313.95
28/3/2022,10,266.98
28/3/2022,11,224.94
28/3/2022,12,204.14
28/3/2022,13,173.87
28/3/2022,14,163.51
28/3/2022,15,130.99
28/3/2022,16,161.5
28/3/2022,17,170.68
28/3/2022,18,197.56
28/3/2022,19,260.31
28/3/2022,20,304.62
28/3/2022,21,274.06
28/3/2022,22,252.61
28/3/2022,23,229.53
28/3/2022,24,220.54
29/3/2022,1,209.83
29/3/2022,2,210.18
29/3/2022,3,208.96
29/3/2022,4,210
29/3/2022,5,209.87
29/3/2022,6,225.27
29/3/2022,7,270.27
29/3/2022,8,302.12
29/3/2022,9,318.74
29/3/2022,10,299.9
29/3/2022,11,278.48
29/3/2022,12,275.94
29/3/2022,13,236.43
29/3/2022,14,230.85
29/3/2022,15,223.52
29/3/2022,16,222.41
29/3/2022,17,228.01
29/3/2022,18,246.53
29/3/2022,19,280.04
29/3/2022,20,302.49
29/3/2022,21,297.67
29/3/2022,22,260.04
29/3/2022,23,237
29/3/2022,24,219.84
30/3/2022,1,233.07
30/3/2022,2,228.86
30/3/2022,3,229.61
30/3/2022,4,229.08
30/3/2022,5,232.33
30/3/2022,6,242
30/3/2022,7,283
30/3/2022,8,315
30/3/2022,9,346.91
30/3/2022,10,328.11
30/3/2022,11,302.07
30/3/2022,12,312.56
30/3/2022,13,295.99
30/3/2022,14,272.89
30/3/2022,15,278.3
30/3/2022,16,266.52
30/3/2022,17,256.34
30/3/2022,18,269.81
30/3/2022,19,294.7
30/3/2022,20,309.97
30/3/2022,21,285.73
30/3/2022,22,253.36
30/3/2022,23,240.52
30/3/2022,24,197.92
31/3/2022,1,200.66
31/3/2022,2,204.29
31/3/2022,3,195.02
31/3/2022,4,181.93
31/3/2022,5,186.3
31/3/2022,6,200.69
31/3/2022,7,270
31/3/2022,8,305.76
31/3/2022,9,324.23
31/3/2022,10,271
31/3/2022,11,250.75
31/3/2022,12,219.54
31/3/2022,13,203.92
31/3/2022,14,215.53
31/3/2022,15,190.8
31/3/2022,16,185.62
31/3/2022,17,184.96
31/3/2022,18,188.01
31/3/2022,19,200.01
31/3/2022,20,229.49
31/3/2022,21,199.08
31/3/2022,22,164.35
31/3/2022,23,150.64
31/3/2022,24,120.08
1/4/2022,1,111.72
1/4/2022,2,99.64
1/4/2022,3,94.48
1/4/2022,4,99.59
1/4/2022,5,109.02
1/4/2022,6,140.01
1/4/2022,7,178.63
1/4/2022,8,202.82
1/4/2022,9,208.47
1/4/2022,10,200.35
1/4/2022,11,223.47
1/4/2022,12,214.67
1/4/2022,13,204.5
1/4/2022,14,180.33
1/4/2022,15,147.1
1/4/2022,16,140.82
1/4/2022,17,142.33
1/4/2022,18,172.4
1/4/2022,19,191.7
1/4/2022,20,205.96
1/4/2022,21,200.19
1/4/2022,22,174.92
1/4/2022,23,167.85
1/4/2022,24,151.86
2/4/2022,1,112.01
2/4/2022,2,125.01
2/4/2022,3,131.72
2/4/2022,4,140.54
2/4/2022,5,126.84
2/4/2022,6,114.91
2/4/2022,7,135.84
2/4/2022,8,168.06
2/4/2022,9,190.3
2/4/2022,10,192.15
2/4/2022,11,169.77
2/4/2022,12,166.94
2/4/2022,13,160.63
2/4/2022,14,132.18
2/4/2022,15,120.6
2/4/2022,16,128.45
2/4/2022,17,137.45
2/4/2022,18,171.27
2/4/2022,19,227.6
2/4/2022,20,259.15
2/4/2022,21,241.63
2/4/2022,22,210
2/4/2022,23,206.14
2/4/2022,24,185.44
3/4/2022,1,199.08
3/4/2022,2,109.54
3/4/2022,3,109.54
3/4/2022,4,113.34
3/4/2022,5,109.54
3/4/2022,6,98.46
3/4/2022,7,109.13
3/4/2022,8,192.6
3/4/2022,9,197.24
3/4/2022,10,182.07
3/4/2022,11,180.76
3/4/2022,12,179.13
3/4/2022,13,174.2
3/4/2022,14,119.64
3/4/2022,15,97.07
3/4/2022,16,104
3/4/2022,17,121.39
3/4/2022,18,132.21
3/4/2022,19,177.39
3/4/2022,20,211.79
3/4/2022,21,204.95
3/4/2022,22,179.74
3/4/2022,23,177.45
3/4/2022,24,155.03
4/4/2022,1,118.63
4/4/2022,2,91.81
4/4/2022,3,88
4/4/2022,4,81.56
4/4/2022,5,87.49
4/4/2022,6,92.64
4/4/2022,7,190
4/4/2022,8,190
4/4/2022,9,235
4/4/2022,10,230
4/4/2022,11,221.07
4/4/2022,12,227.92
4/4/2022,13,239.94
4/4/2022,14,230.04
4/4/2022,15,209.11
4/4/2022,16,206.92
4/4/2022,17,209.95
4/4/2022,18,186.02
4/4/2022,19,230.07
4/4/2022,20,244.94
4/4/2022,21,239.91
4/4/2022,22,120
4/4/2022,23,165.06
4/4/2022,24,109.13
5/4/2022,1,92.8
5/4/2022,2,103
5/4/2022,3,62.74
5/4/2022,4,60.39
5/4/2022,5,76.38
5/4/2022,6,121.02
5/4/2022,7,200.03
5/4/2022,8,220.07
5/4/2022,9,232.03
5/4/2022,10,229.51
5/4/2022,11,227
5/4/2022,12,230.09
5/4/2022,13,214.24
5/4/2022,14,222.98
5/4/2022,15,208.49
5/4/2022,16,222.97
5/4/2022,17,224.41
5/4/2022,18,262.21
5/4/2022,19,278.24
5/4/2022,20,309.93
5/4/2022,21,277.91
5/4/2022,22,226.47
5/4/2022,23,189.65
5/4/2022,24,163.64
6/4/2022,1,112.87
6/4/2022,2,140
6/4/2022,3,126.56
6/4/2022,4,121.67
6/4/2022,5,126.59
6/4/2022,6,118.48
6/4/2022,7,165.6
6/4/2022,8,177.84
6/4/2022,9,179.61
6/4/2022,10,159.36
6/4/2022,11,113.97
6/4/2022,12,163.02
6/4/2022,13,157.03
6/4/2022,14,147
6/4/2022,15,137.91
6/4/2022,16,144.02
6/4/2022,17,150.86
6/4/2022,18,126.26
6/4/2022,19,165.54
6/4/2022,20,221.75
6/4/2022,21,194.77
6/4/2022,22,134.34
6/4/2022,23,109.11
6/4/2022,24,98.6
7/4/2022,1,81.73
7/4/2022,2,72.17
7/4/2022,3,69.23
7/4/2022,4,71.48
7/4/2022,5,74.79
7/4/2022,6,74.13
7/4/2022,7,148.78
7/4/2022,8,136.61
7/4/2022,9,151.41
7/4/2022,10,95.96
7/4/2022,11,90.42
7/4/2022,12,87.16
7/4/2022,13,86.68
7/4/2022,14,84.67
7/4/2022,15,84.9
7/4/2022,16,86.91
7/4/2022,17,87.68
7/4/2022,18,108.45
7/4/2022,19,152.58
7/4/2022,20,185
7/4/2022,21,120
7/4/2022,22,87.62
7/4/2022,23,87.63
7/4/2022,24,27.35
8/4/2022,1,14.33
8/4/2022,2,47.38
8/4/2022,3,54.5
8/4/2022,4,5
8/4/2022,5,8.79
8/4/2022,6,44.51
8/4/2022,7,95.37
8/4/2022,8,147.26
8/4/2022,9,150
8/4/2022,10,87
8/4/2022,11,81.85
8/4/2022,12,86.54
8/4/2022,13,88.19
8/4/2022,14,91.41
8/4/2022,15,130.77
8/4/2022,16,166.11
8/4/2022,17,186.11
8/4/2022,18,202.31
8/4/2022,19,229.9
8/4/2022,20,267.77
8/4/2022,21,259.04
8/4/2022,22,221.8
8/4/2022,23,189.8
8/4/2022,24,159.98
9/4/2022,1,119.25
9/4/2022,2,110.6
9/4/2022,3,92.51
9/4/2022,4,83.22
9/4/2022,5,79.12
9/4/2022,6,76.14
9/4/2022,7,76.56
9/4/2022,8,88.15
9/4/2022,9,90.56
9/4/2022,10,89.42
9/4/2022,11,68.36
9/4/2022,12,43.42
9/4/2022,13,71.75
9/4/2022,14,68.09
9/4/2022,15,51.05
9/4/2022,16,74.55
9/4/2022,17,50
9/4/2022,18,22.44
9/4/2022,19,85.38
9/4/2022,20,96.97
9/4/2022,21,105
9/4/2022,22,90.95
9/4/2022,23,89.77
9/4/2022,24,69.88
10/4/2022,1,70.96
10/4/2022,2,26.15
10/4/2022,3,52
10/4/2022,4,25.67
10/4/2022,5,40.04
10/4/2022,6,36.85
10/4/2022,7,25.95
10/4/2022,8,49.08
10/4/2022,9,47.48
10/4/2022,10,44.77
10/4/2022,11,29.11
10/4/2022,12,21.58
10/4/2022,13,8.75
10/4/2022,14,8.8
10/4/2022,15,5.13
10/4/2022,16,5
10/4/2022,17,8.52
10/4/2022,18,71.03
10/4/2022,19,139.9
10/4/2022,20,233.51
10/4/2022,21,252.18
10/4/2022,22,239.54
10/4/2022,23,238.28
10/4/2022,24,224.3
11/4/2022,1,182.38
11/4/2022,2,184.98
11/4/2022,3,184.6
11/4/2022,4,185.68
11/4/2022,5,195.55
11/4/2022,6,220.56
11/4/2022,7,264.91
11/4/2022,8,299.93
11/4/2022,9,285.03
11/4/2022,10,255
11/4/2022,11,214.92
11/4/2022,12,190.71
11/4/2022,13,187.85
11/4/2022,14,181.84
11/4/2022,15,179.98
11/4/2022,16,179.77
11/4/2022,17,182.86
11/4/2022,18,219.39
11/4/2022,19,263.32
11/4/2022,20,296.99
11/4/2022,21,290.37
11/4/2022,22,267.81
11/4/2022,23,247.99
11/4/2022,24,204.4
12/4/2022,1,192.9
12/4/2022,2,188.71
12/4/2022,3,184.13
12/4/2022,4,183
12/4/2022,5,185.55
12/4/2022,6,191.53
12/4/2022,7,229.54
12/4/2022,8,268.78
12/4/2022,9,260.33
12/4/2022,10,219.02
12/4/2022,11,182.51
12/4/2022,12,172.32
12/4/2022,13,136.12
12/4/2022,14,110.02
12/4/2022,15,103.32
12/4/2022,16,118.14
12/4/2022,17,139.9
12/4/2022,18,179.4
12/4/2022,19,215.47
12/4/2022,20,235.09
12/4/2022,21,233.47
12/4/2022,22,205
12/4/2022,23,177.46
12/4/2022,24,137.74
13/4/2022,1,161.67
13/4/2022,2,165.81
13/4/2022,3,163.31
13/4/2022,4,167.63
13/4/2022,5,180.73
13/4/2022,6,212.32
13/4/2022,7,248.74
13/4/2022,8,267.52
13/4/2022,9,273.83
13/4/2022,10,254.25
13/4/2022,11,212.9
13/4/2022,12,192.45
13/4/2022,13,188.72
13/4/2022,14,195.04
13/4/2022,15,200.05
13/4/2022,16,196
13/4/2022,17,200.47
13/4/2022,18,241.25
13/4/2022,19,266.2
13/4/2022,20,298.95
13/4/2022,21,301.63
13/4/2022,22,269.03
13/4/2022,23,250
13/4/2022,24,231.94
14/4/2022,1,232.45
14/4/2022,2,207.63
14/4/2022,3,200.14
14/4/2022,4,198.05
14/4/2022,5,199.97
14/4/2022,6,204.46
14/4/2022,7,254
14/4/2022,8,272.33
14/4/2022,9,282.11
14/4/2022,10,252.78
14/4/2022,11,216.35
14/4/2022,12,212.54
14/4/2022,13,202.24
14/4/2022,14,195.19
14/4/2022,15,193.64
14/4/2022,16,191.99
14/4/2022,17,194.53
14/4/2022,18,212.8
14/4/2022,19,244.94
14/4/2022,20,271.07
14/4/2022,21,272.31
14/4/2022,22,265.46
14/4/2022,23,253.68
14/4/2022,24,234.36
15/4/2022,1,214.9
15/4/2022,2,198.45
15/4/2022,3,194.28
15/4/2022,4,190.49
15/4/2022,5,191.86
15/4/2022,6,196.86
15/4/2022,7,205.33
15/4/2022,8,220.78
15/4/2022,9,209.88
15/4/2022,10,189.92
15/4/2022,11,190.62
15/4/2022,12,186.55
15/4/2022,13,160.03
15/4/2022,14,167.65
15/4/2022,15,157.38
15/4/2022,16,151.11
15/4/2022,17,155.01
15/4/2022,18,179.32
15/4/2022,19,196.21
15/4/2022,20,228.35
15/4/2022,21,235.99
15/4/2022,22,208.84
15/4/2022,23,205.09
15/4/2022,24,196.24
16/4/2022,1,191.16
16/4/2022,2,183.37
16/4/2022,3,178
16/4/2022,4,174.21
16/4/2022,5,171.81
16/4/2022,6,179.54
16/4/2022,7,188.98
16/4/2022,8,191.12
16/4/2022,9,189.6
16/4/2022,10,172.62
16/4/2022,11,146.58
16/4/2022,12,121.99
16/4/2022,13,82.36
16/4/2022,14,61.02
16/4/2022,15,34.61
16/4/2022,16,40.32
16/4/2022,17,65.84
16/4/2022,18,107.71
16/4/2022,19,171.19
16/4/2022,20,195.08
16/4/2022,21,205.81
16/4/2022,22,194.47
16/4/2022,23,175.84
16/4/2022,24,166.88
17/4/2022,1,160.22
17/4/2022,2,139.97
17/4/2022,3,121.76
17/4/2022,4,123.38
17/4/2022,5,133.96
17/4/2022,6,106.67
17/4/2022,7,98.62
17/4/2022,8,122.36
17/4/2022,9,133.55
17/4/2022,10,100
17/4/2022,11,75.92
17/4/2022,12,41.29
17/4/2022,13,26.29
17/4/2022,14,4.87
17/4/2022,15,0
17/4/2022,16,0.08
17/4/2022,17,15
17/4/2022,18,66.2
17/4/2022,19,158.02
17/4/2022,20,182.55
17/4/2022,21,191.54
17/4/2022,22,187.88
17/4/2022,23,171.46
17/4/2022,24,158.07
18/4/2022,1,95.9
18/4/2022,2,81
18/4/2022,3,84
18/4/2022,4,81
18/4/2022,5,85.25
18/4/2022,6,92.31
18/4/2022,7,95.23
18/4/2022,8,105
18/4/2022,9,108.65
18/4/2022,10,101.18
18/4/2022,11,95.51
18/4/2022,12,82.92
18/4/2022,13,75.98
18/4/2022,14,61.17
18/4/2022,15,45
18/4/2022,16,60.58
18/4/2022,17,82.92
18/4/2022,18,121.25
18/4/2022,19,189.84
18/4/2022,20,240.3
18/4/2022,21,250.73
18/4/2022,22,226.6
18/4/2022,23,221.23
18/4/2022,24,202
19/4/2022,1,205
19/4/2022,2,192.98
19/4/2022,3,191.14
19/4/2022,4,190.95
19/4/2022,5,190
19/4/2022,6,200.61
19/4/2022,7,251.27
19/4/2022,8,291.43
19/4/2022,9,295.43
19/4/2022,10,255.71
19/4/2022,11,235.75
19/4/2022,12,227.95
19/4/2022,13,221.6
19/4/2022,14,214.98
19/4/2022,15,214.93
19/4/2022,16,214.64
19/4/2022,17,214.94
19/4/2022,18,201.16
19/4/2022,19,224.93
19/4/2022,20,239.03
19/4/2022,21,240.01
19/4/2022,22,223.6
19/4/2022,23,200
19/4/2022,24,184.2
20/4/2022,1,191
20/4/2022,2,189.55
20/4/2022,3,183.1
20/4/2022,4,183.28
20/4/2022,5,183.38
20/4/2022,6,197.96
20/4/2022,7,227.24
20/4/2022,8,249.92
20/4/2022,9,249.9
20/4/2022,10,209.96
20/4/2022,11,193.5
20/4/2022,12,190
20/4/2022,13,201.93
20/4/2022,14,201.92
20/4/2022,15,198.95
20/4/2022,16,175
20/4/2022,17,175.87
20/4/2022,18,196.15
20/4/2022,19,222.95
20/4/2022,20,249
20/4/2022,21,250
20/4/2022,22,239.18
20/4/2022,23,220.1
20/4/2022,24,201.97
21/4/2022,1,188.55
21/4/2022,2,179.92
21/4/2022,3,181.08
21/4/2022,4,178.92
21/4/2022,5,180.5
21/4/2022,6,199.92
21/4/2022,7,229.76
21/4/2022,8,256.02
21/4/2022,9,256.25
21/4/2022,10,232.26
21/4/2022,11,207.93
21/4/2022,12,199.48
21/4/2022,13,205.2
21/4/2022,14,179.23
21/4/2022,15,171.44
21/4/2022,16,178.67
21/4/2022,17,178.15
21/4/2022,18,187.69
21/4/2022,19,204.96
21/4/2022,20,220.62
21/4/2022,21,223.61
21/4/2022,22,220.44
21/4/2022,23,199.71
21/4/2022,24,174.62
22/4/2022,1,191.07
22/4/2022,2,185.37
22/4/2022,3,187.01
22/4/2022,4,179.41
22/4/2022,5,176.09
22/4/2022,6,189.58
22/4/2022,7,218.07
22/4/2022,8,239.95
22/4/2022,9,244.1
22/4/2022,10,221.05
22/4/2022,11,200.01
22/4/2022,12,209.99
22/4/2022,13,216.92
22/4/2022,14,216.16
22/4/2022,15,212.96
22/4/2022,16,216.95
22/4/2022,17,218.98
22/4/2022,18,230
22/4/2022,19,192.3
22/4/2022,20,209.61
22/4/2022,21,209.97
22/4/2022,22,191.24
22/4/2022,23,190.17
22/4/2022,24,147.32
23/4/2022,1,130.46
23/4/2022,2,116.44
23/4/2022,3,108.65
23/4/2022,4,119.04
23/4/2022,5,119.4
23/4/2022,6,122.32
23/4/2022,7,128.32
23/4/2022,8,143.64
23/4/2022,9,141.5
23/4/2022,10,124.57
23/4/2022,11,112.16
23/4/2022,12,103.66
23/4/2022,13,102.45
23/4/2022,14,93.65
23/4/2022,15,98.38
23/4/2022,16,107.81
23/4/2022,17,103.38
23/4/2022,18,109.65
23/4/2022,19,138.87
23/4/2022,20,168.19
23/4/2022,21,171.36
23/4/2022,22,138.05
23/4/2022,23,118.9
23/4/2022,24,99.5
24/4/2022,1,100.58
24/4/2022,2,93.14
24/4/2022,3,91.92
24/4/2022,4,87.88
24/4/2022,5,84.06
24/4/2022,6,87.84
24/4/2022,7,87.81
24/4/2022,8,95.1
24/4/2022,9,96.51
24/4/2022,10,91.33
24/4/2022,11,79.98
24/4/2022,12,86.31
24/4/2022,13,76.61
24/4/2022,14,56.89
24/4/2022,15,51.74
24/4/2022,16,77.26
24/4/2022,17,86.23
24/4/2022,18,111.73
24/4/2022,19,165.01
24/4/2022,20,198.65
24/4/2022,21,224.95
24/4/2022,22,216.66
24/4/2022,23,205.73
24/4/2022,24,186.99
25/4/2022,1,184.96
25/4/2022,2,183.78
25/4/2022,3,185.63
25/4/2022,4,186.1
25/4/2022,5,188.12
25/4/2022,6,200.06
25/4/2022,7,237.23
25/4/2022,8,261.87
25/4/2022,9,272.47
25/4/2022,10,249.06
25/4/2022,11,232.59
25/4/2022,12,227.97
25/4/2022,13,211
25/4/2022,14,200
25/4/2022,15,194.9
25/4/2022,16,191.99
25/4/2022,17,189.5
25/4/2022,18,209.25
25/4/2022,19,252.71
25/4/2022,20,273.88
25/4/2022,21,275.71
25/4/2022,22,264.93
25/4/2022,23,254
25/4/2022,24,235.44
26/4/2022,1,212.54
26/4/2022,2,205.01
26/4/2022,3,204.59
26/4/2022,4,201.07
26/4/2022,5,204.16
26/4/2022,6,232.95
26/4/2022,7,266.52
26/4/2022,8,290
26/4/2022,9,290
26/4/2022,10,260.48
26/4/2022,11,235.88
26/4/2022,12,224.28
26/4/2022,13,225.78
26/4/2022,14,212.88
26/4/2022,15,214.19
26/4/2022,16,223.57
26/4/2022,17,232.05
26/4/2022,18,239.93
26/4/2022,19,260.63
26/4/2022,20,281
26/4/2022,21,286.76
26/4/2022,22,270.01
26/4/2022,23,255
26/4/2022,24,231.91
27/4/2022,1,206.72
27/4/2022,2,198.01
27/4/2022,3,196.36
27/4/2022,4,194.53
27/4/2022,5,197.51
27/4/2022,6,209.94
27/4/2022,7,244.2
27/4/2022,8,271.01
27/4/2022,9,265.98
27/4/2022,10,252.74
27/4/2022,11,225.22
27/4/2022,12,214.76
27/4/2022,13,207.66
27/4/2022,14,200.62
27/4/2022,15,193.22
27/4/2022,16,190.96
27/4/2022,17,191.35
27/4/2022,18,206.49
27/4/2022,19,239.31
27/4/2022,20,267.9
27/4/2022,21,266.33
27/4/2022,22,254.94
27/4/2022,23,235.33
27/4/2022,24,202.57
28/4/2022,1,214.63
28/4/2022,2,201.94
28/4/2022,3,198
28/4/2022,4,201.37
28/4/2022,5,201.5
28/4/2022,6,218.35
28/4/2022,7,255
28/4/2022,8,283.37
28/4/2022,9,279.29
28/4/2022,10,251.26
28/4/2022,11,224.93
28/4/2022,12,213.56
28/4/2022,13,208
28/4/2022,14,200.09
28/4/2022,15,197.05
28/4/2022,16,196.3
28/4/2022,17,197.13
28/4/2022,18,217.63
28/4/2022,19,255
28/4/2022,20,279.09
28/4/2022,21,284.91
28/4/2022,22,268.91
28/4/2022,23,253.56
28/4/2022,24,222.78
29/4/2022,1,206.05
29/4/2022,2,203.15
29/4/2022,3,202.52
29/4/2022,4,203.23
29/4/2022,5,205.09
29/4/2022,6,213.86
29/4/2022,7,255.77
29/4/2022,8,280.06
29/4/2022,9,291.22
29/4/2022,10,256.34
29/4/2022,11,230.33
29/4/2022,12,217.4
29/4/2022,13,208.37
29/4/2022,14,197.25
29/4/2022,15,195.24
29/4/2022,16,195.04
29/4/2022,17,206
29/4/2022,18,216.3
29/4/2022,19,246.98
29/4/2022,20,262.08
29/4/2022,21,265.87
29/4/2022,22,254.97
29/4/2022,23,241.56
29/4/2022,24,217.91
30/4/2022,1,204.78
30/4/2022,2,189.1
30/4/2022,3,189.91
30/4/2022,4,187.47
30/4/2022,5,189.96
30/4/2022,6,194.81
30/4/2022,7,201
30/4/2022,8,206.59
30/4/2022,9,210.01
30/4/2022,10,205.85
30/4/2022,11,195.95
30/4/2022,12,186.58
30/4/2022,13,180.04
30/4/2022,14,172.94
30/4/2022,15,166.35
30/4/2022,16,159.69
30/4/2022,17,166.65
30/4/2022,18,192.02
30/4/2022,19,226.09
30/4/2022,20,246.97
30/4/2022,21,252.64
30/4/2022,22,247.11
30/4/2022,23,239.09
30/4/2022,24,219
1/5/2022,1,206
1/5/2022,2,199.7
1/5/2022,3,197.56
1/5/2022,4,192.2
1/5/2022,5,197.43
1/5/2022,6,201.32
1/5/2022,7,195
1/5/2022,8,194.95
1/5/2022,9,186.94
1/5/2022,10,182.04
1/5/2022,11,177.31
1/5/2022,12,176.5
1/5/2022,13,174.92
1/5/2022,14,150.74
1/5/2022,15,140.4
1/5/2022,16,138.9
1/5/2022,17,155.9
1/5/2022,18,187.04
1/5/2022,19,215.85
1/5/2022,20,249.43
1/5/2022,21,254.94
1/5/2022,22,243.03
1/5/2022,23,239.72
1/5/2022,24,215.97
2/5/2022,1,206.46
2/5/2022,2,199.87
2/5/2022,3,194.69
2/5/2022,4,193.76
2/5/2022,5,196.34
2/5/2022,6,209.96
2/5/2022,7,248.88
2/5/2022,8,270
2/5/2022,9,264.57
2/5/2022,10,238.98
2/5/2022,11,194.27
2/5/2022,12,189.97
2/5/2022,13,190.68
2/5/2022,14,190.45
2/5/2022,15,187.65
2/5/2022,16,185.05
2/5/2022,17,188.2
2/5/2022,18,218.72
2/5/2022,19,244.11
2/5/2022,20,263.97
2/5/2022,21,265.41
2/5/2022,22,253.52
2/5/2022,23,241.11
2/5/2022,24,219.92
3/5/2022,1,184.5
3/5/2022,2,182.09
3/5/2022,3,184.08
3/5/2022,4,185.12
3/5/2022,5,187.04
3/5/2022,6,191.19
3/5/2022,7,236.26
3/5/2022,8,255.96
3/5/2022,9,255.96
3/5/2022,10,232.7
3/5/2022,11,206.07
3/5/2022,12,200.24
3/5/2022,13,198.06
3/5/2022,14,197.29
3/5/2022,15,194.89
3/5/2022,16,195.54
3/5/2022,17,197.99
3/5/2022,18,218.99
3/5/2022,19,249.96
3/5/2022,20,269.94
3/5/2022,21,270.23
3/5/2022,22,261.77
3/5/2022,23,253.21
3/5/2022,24,228.94
4/5/2022,1,206
4/5/2022,2,200
4/5/2022,3,200.34
4/5/2022,4,201.12
4/5/2022,5,201.14
4/5/2022,6,224.32
4/5/2022,7,256.58
4/5/2022,8,296.9
4/5/2022,9,280.1
4/5/2022,10,255.09
4/5/2022,11,226.01
4/5/2022,12,209.41
4/5/2022,13,209.05
4/5/2022,14,206.07
4/5/2022,15,202.45
4/5/2022,16,200.73
4/5/2022,17,206.24
4/5/2022,18,233.85
4/5/2022,19,249.98
4/5/2022,20,275.44
4/5/2022,21,281.49
4/5/2022,22,263.37
4/5/2022,23,246.9
4/5/2022,24,232.47
5/5/2022,1,225.2
5/5/2022,2,208.44
5/5/2022,3,208.12
5/5/2022,4,205.09
5/5/2022,5,204.9
5/5/2022,6,220.77
5/5/2022,7,254.96
5/5/2022,8,275.06
5/5/2022,9,268.02
5/5/2022,10,252.96
5/5/2022,11,235.03
5/5/2022,12,232.09
5/5/2022,13,225.1
5/5/2022,14,215.04
5/5/2022,15,210.9
5/5/2022,16,220.06
5/5/2022,17,214.96
5/5/2022,18,229
5/5/2022,19,248.73
5/5/2022,20,263
5/5/2022,21,276.61
5/5/2022,22,259.96
5/5/2022,23,251.84
5/5/2022,24,238.52
6/5/2022,1,220.69
6/5/2022,2,213.74
6/5/2022,3,207.56
6/5/2022,4,204.02
6/5/2022,5,206.57
6/5/2022,6,219.07
6/5/2022,7,255.91
6/5/2022,8,274.92
6/5/2022,9,262.97
6/5/2022,10,236.8
6/5/2022,11,220
6/5/2022,12,208.13
6/5/2022,13,207.4
6/5/2022,14,191.81
6/5/2022,15,190.01
6/5/2022,16,187.01
6/5/2022,17,192.7
6/5/2022,18,211.59
6/5/2022,19,239.09
6/5/2022,20,256.79
6/5/2022,21,262.69
6/5/2022,22,255.91
6/5/2022,23,247.78
6/5/2022,24,235.46
7/5/2022,1,225.12
7/5/2022,2,216.94
7/5/2022,3,207.36
7/5/2022,4,200.01
7/5/2022,5,199.5
7/5/2022,6,200.1
7/5/2022,7,201.78
7/5/2022,8,216.28
7/5/2022,9,217.04
7/5/2022,10,208.57
7/5/2022,11,194.17
7/5/2022,12,190.67
7/5/2022,13,186.55
7/5/2022,14,174.37
7/5/2022,15,166.7
7/5/2022,16,159.17
7/5/2022,17,168.22
7/5/2022,18,185.3
7/5/2022,19,201.62
7/5/2022,20,222.74
7/5/2022,21,231.57
7/5/2022,22,229
7/5/2022,23,223.12
7/5/2022,24,208.38
8/5/2022,1,208.1
8/5/2022,2,193.3
8/5/2022,3,191.92
8/5/2022,4,186.01
8/5/2022,5,182.98
8/5/2022,6,186.06
8/5/2022,7,184.97
8/5/2022,8,185.93
8/5/2022,9,183.62
8/5/2022,10,163.45
8/5/2022,11,140.33
8/5/2022,12,123.17
8/5/2022,13,114.65
8/5/2022,14,86.18
8/5/2022,15,78.5
8/5/2022,16,93.26
8/5/2022,17,113.6
8/5/2022,18,155.8
8/5/2022,19,196.04
8/5/2022,20,234.6
8/5/2022,21,238.99
8/5/2022,22,238.35
8/5/2022,23,225.91
8/5/2022,24,217.9
9/5/2022,1,209.08
9/5/2022,2,199.21
9/5/2022,3,196.07
9/5/2022,4,191.11
9/5/2022,5,193.68
9/5/2022,6,210.72
9/5/2022,7,240
9/5/2022,8,256.23
9/5/2022,9,250.04
9/5/2022,10,219.21
9/5/2022,11,199.95
9/5/2022,12,194.39
9/5/2022,13,185.51
9/5/2022,14,183.46
9/5/2022,15,179.55
9/5/2022,16,183.94
9/5/2022,17,190.63
9/5/2022,18,220.93
9/5/2022,19,247.97
9/5/2022,20,280
9/5/2022,21,280
9/5/2022,22,250.44
9/5/2022,23,237.08
9/5/2022,24,204.25
10/5/2022,1,216.41
10/5/2022,2,205.61
10/5/2022,3,184.72
10/5/2022,4,169.98
10/5/2022,5,167.73
10/5/2022,6,187.06
10/5/2022,7,224.08
10/5/2022,8,237.95
10/5/2022,9,232.72
10/5/2022,10,210.25
10/5/2022,11,185
10/5/2022,12,165.46
10/5/2022,13,166.01
10/5/2022,14,123.09
10/5/2022,15,166.01
10/5/2022,16,166.01
10/5/2022,17,168.5
10/5/2022,18,184.43
10/5/2022,19,209.78
10/5/2022,20,234.92
10/5/2022,21,239.95
10/5/2022,22,236.96
10/5/2022,23,229.09
10/5/2022,24,201.49
11/5/2022,1,207.15
11/5/2022,2,192.8
11/5/2022,3,185.5
11/5/2022,4,179
11/5/2022,5,179.46
11/5/2022,6,185.72
11/5/2022,7,216.37
11/5/2022,8,233.22
11/5/2022,9,224
11/5/2022,10,200
11/5/2022,11,148.46
11/5/2022,12,147.3
11/5/2022,13,168
11/5/2022,14,152.77
11/5/2022,15,158.01
11/5/2022,16,158
11/5/2022,17,158.04
11/5/2022,18,158.11
11/5/2022,19,184.18
11/5/2022,20,219.3
11/5/2022,21,221.93
11/5/2022,22,220
11/5/2022,23,206.01
11/5/2022,24,192.93
12/5/2022,1,149.9
12/5/2022,2,145.01
12/5/2022,3,140.01
12/5/2022,4,145.66
12/5/2022,5,148.91
12/5/2022,6,172.42
12/5/2022,7,211.94
12/5/2022,8,230.56
12/5/2022,9,223.46
12/5/2022,10,189.21
12/5/2022,11,144.04
12/5/2022,12,150.72
12/5/2022,13,130
12/5/2022,14,108.96
12/5/2022,15,110.24
12/5/2022,16,118.92
12/5/2022,17,145.57
12/5/2022,18,184.63
12/5/2022,19,217.9
12/5/2022,20,233.5
12/5/2022,21,241.77
12/5/2022,22,233.17
12/5/2022,23,224.32
12/5/2022,24,205.56
13/5/2022,1,210
13/5/2022,2,202.71
13/5/2022,3,189
13/5/2022,4,174.74
13/5/2022,5,176.26
13/5/2022,6,203.2
13/5/2022,7,226.93
13/5/2022,8,242.74
13/5/2022,9,242.29
13/5/2022,10,225.1
13/5/2022,11,188
13/5/2022,12,150.73
13/5/2022,13,160.11
13/5/2022,14,160.09
13/5/2022,15,160.11
13/5/2022,16,160.84
13/5/2022,17,160.11
13/5/2022,18,140.01
13/5/2022,19,189.99
13/5/2022,20,220.77
13/5/2022,21,231.09
13/5/2022,22,229
13/5/2022,23,220.36
13/5/2022,24,196.57
14/5/2022,1,181
14/5/2022,2,158.66
14/5/2022,3,150.01
14/5/2022,4,133.9
14/5/2022,5,155.18
14/5/2022,6,168.99
14/5/2022,7,184.07
14/5/2022,8,194.3
14/5/2022,9,184.94
14/5/2022,10,160
14/5/2022,11,124.05
14/5/2022,12,98.46
14/5/2022,13,99.99
14/5/2022,14,97.42
14/5/2022,15,93.12
14/5/2022,16,96.36
14/5/2022,17,97.23
14/5/2022,18,162.02
14/5/2022,19,206.38
14/5/2022,20,225
14/5/2022,21,240.04
14/5/2022,22,241.87
14/5/2022,23,239
14/5/2022,24,224.15
15/5/2022,1,214.91
15/5/2022,2,196.35
15/5/2022,3,185.43
15/5/2022,4,174.15
15/5/2022,5,170.17
15/5/2022,6,170.25
15/5/2022,7,162.92
15/5/2022,8,158.57
15/5/2022,9,154.98
15/5/2022,10,110.6
15/5/2022,11,95.98
15/5/2022,12,90
15/5/2022,13,75
15/5/2022,14,45.35
15/5/2022,15,20.15
15/5/2022,16,39.58
15/5/2022,17,76.21
15/5/2022,18,133.33
15/5/2022,19,199.74
15/5/2022,20,226.11
15/5/2022,21,230.57
15/5/2022,22,226.18
15/5/2022,23,219.57
15/5/2022,24,200.5
16/5/2022,1,180.18
16/5/2022,2,169.06
16/5/2022,3,169.13
16/5/2022,4,169.89
16/5/2022,5,169.53
16/5/2022,6,182.04
16/5/2022,7,229.95
16/5/2022,8,248.08
16/5/2022,9,251.09
16/5/2022,10,231.08
16/5/2022,11,210.62
16/5/2022,12,199.68
16/5/2022,13,185.34
16/5/2022,14,202.09
16/5/2022,15,191.73
16/5/2022,16,192.62
16/5/2022,17,229.93
16/5/2022,18,229.93
16/5/2022,19,245.74
16/5/2022,20,280.89
16/5/2022,21,275.69
16/5/2022,22,259.9
16/5/2022,23,240.2
16/5/2022,24,208.38
17/5/2022,1,203.39
17/5/2022,2,195.94
17/5/2022,3,189.1
17/5/2022,4,185.05
17/5/2022,5,189.2
17/5/2022,6,202.24
17/5/2022,7,236.7
17/5/2022,8,264.89
17/5/2022,9,274.17
17/5/2022,10,244.91
17/5/2022,11,231.99
17/5/2022,12,218.76
17/5/2022,13,209.66
17/5/2022,14,199.07
17/5/2022,15,189.24
17/5/2022,16,191.29
17/5/2022,17,204.12
17/5/2022,18,237.13
17/5/2022,19,251.82
17/5/2022,20,290
17/5/2022,21,298.21
17/5/2022,22,265.88
17/5/2022,23,245.46
17/5/2022,24,208.73
18/5/2022,1,206.47
18/5/2022,2,187.89
18/5/2022,3,176.23
18/5/2022,4,170.98
18/5/2022,5,173.38
18/5/2022,6,179.61
18/5/2022,7,219.95
18/5/2022,8,247.6
18/5/2022,9,241.29
18/5/2022,10,211.07
18/5/2022,11,179.17
18/5/2022,12,174.9
18/5/2022,13,179.94
18/5/2022,14,177.03
18/5/2022,15,176.71
18/5/2022,16,178.9
18/5/2022,17,194.94
18/5/2022,18,216.84
18/5/2022,19,241.2
18/5/2022,20,286.99
18/5/2022,21,280
18/5/2022,22,245.88
18/5/2022,23,225.73
18/5/2022,24,194.47
19/5/2022,1,196.96
19/5/2022,2,185.01
19/5/2022,3,179.94
19/5/2022,4,176.27
19/5/2022,5,177.98
19/5/2022,6,185.06
19/5/2022,7,222.33
19/5/2022,8,250.04
19/5/2022,9,249.31
19/5/2022,10,229.93
19/5/2022,11,198.22
19/5/2022,12,183.99
19/5/2022,13,182.96
19/5/2022,14,180.8
19/5/2022,15,176.2
19/5/2022,16,185.09
19/5/2022,17,198.96
19/5/2022,18,224.02
19/5/2022,19,232.99
19/5/2022,20,269.27
19/5/2022,21,273.4
19/5/2022,22,253
19/5/2022,23,234.38
19/5/2022,24,213.31
20/5/2022,1,211.1
20/5/2022,2,195.98
20/5/2022,3,189.56
20/5/2022,4,188
20/5/2022,5,189.56
20/5/2022,6,208.62
20/5/2022,7,237.24
20/5/2022,8,263.32
20/5/2022,9,250
20/5/2022,10,224
20/5/2022,11,204.97
20/5/2022,12,201.6
20/5/2022,13,197.4
20/5/2022,14,190.07
20/5/2022,15,185.33
20/5/2022,16,189.26
20/5/2022,17,190
20/5/2022,18,216.3
20/5/2022,19,227.7
20/5/2022,20,230.99
20/5/2022,21,231.03
20/5/2022,22,218.03
20/5/2022,23,205.27
20/5/2022,24,176.3
21/5/2022,1,134.15
21/5/2022,2,125.3
21/5/2022,3,96.29
21/5/2022,4,94.66
21/5/2022,5,91.76
21/5/2022,6,90.01
21/5/2022,7,105.14
21/5/2022,8,118.9
21/5/2022,9,110.8
21/5/2022,10,83.93
21/5/2022,11,74.99
21/5/2022,12,53.98
21/5/2022,13,41.71
21/5/2022,14,40.09
21/5/2022,15,13.57
21/5/2022,16,33.86
21/5/2022,17,48.82
21/5/2022,18,81.49
21/5/2022,19,161.27
21/5/2022,20,201
21/5/2022,21,219.32
21/5/2022,22,228.11
21/5/2022,23,223.85
21/5/2022,24,214.18
22/5/2022,1,186.58
22/5/2022,2,179.4
22/5/2022,3,172.5
22/5/2022,4,170
22/5/2022,5,171
22/5/2022,6,169.91
22/5/2022,7,166.96
22/5/2022,8,166.88
22/5/2022,9,160
22/5/2022,10,149.96
22/5/2022,11,138.29
22/5/2022,12,138.25
22/5/2022,13,136.95
22/5/2022,14,109.92
22/5/2022,15,101.4
22/5/2022,16,103.7
22/5/2022,17,133.19
22/5/2022,18,156.62
22/5/2022,19,195.29
22/5/2022,20,213.37
22/5/2022,21,225.55
22/5/2022,22,227.9
22/5/2022,23,219.91
22/5/2022,24,191.24
23/5/2022,1,175.89
23/5/2022,2,164.57
23/5/2022,3,158.75
23/5/2022,4,155.07
23/5/2022,5,158.2
23/5/2022,6,172.54
23/5/2022,7,202.7
23/5/2022,8,224.96
23/5/2022,9,230.02
23/5/2022,10,220.97
23/5/2022,11,217.19
23/5/2022,12,202.68
23/5/2022,13,188.88
23/5/2022,14,171.73
23/5/2022,15,171.63
23/5/2022,16,170.88
23/5/2022,17,175.25
23/5/2022,18,197.1
23/5/2022,19,214.03
23/5/2022,20,214.94
23/5/2022,21,210.07
23/5/2022,22,190
23/5/2022,23,180.03
23/5/2022,24,147.35
24/5/2022,1,108.41
24/5/2022,2,104.1
24/5/2022,3,97.32
24/5/2022,4,96.24
24/5/2022,5,107.4
24/5/2022,6,155.95
24/5/2022,7,188.91
24/5/2022,8,210.29
24/5/2022,9,209.8
24/5/2022,10,193
24/5/2022,11,184.65
24/5/2022,12,180
24/5/2022,13,170.04
24/5/2022,14,170.01
24/5/2022,15,160
24/5/2022,16,165.85
24/5/2022,17,170.07
24/5/2022,18,194.95
24/5/2022,19,198.38
24/5/2022,20,212.98
24/5/2022,21,219.99
24/5/2022,22,220.3
24/5/2022,23,211.91
24/5/2022,24,189.64
25/5/2022,1,190.73
25/5/2022,2,180.06
25/5/2022,3,170.51
25/5/2022,4,167.92
25/5/2022,5,169.9
25/5/2022,6,178.14
25/5/2022,7,211.11
25/5/2022,8,230
25/5/2022,9,227.88
25/5/2022,10,209.21
25/5/2022,11,180.44
25/5/2022,12,192.36
25/5/2022,13,201.61
25/5/2022,14,167.01
25/5/2022,15,159.01
25/5/2022,16,170
25/5/2022,17,217.38
25/5/2022,18,198.47
25/5/2022,19,166.32
25/5/2022,20,214.79
25/5/2022,21,217.46
25/5/2022,22,212.44
25/5/2022,23,193.98
25/5/2022,24,166.16
26/5/2022,1,137.64
26/5/2022,2,97.88
26/5/2022,3,95.09
26/5/2022,4,87.08
26/5/2022,5,96.19
26/5/2022,6,95.95
26/5/2022,7,121.83
26/5/2022,8,119.71
26/5/2022,9,97.01
26/5/2022,10,85.53
26/5/2022,11,79.76
26/5/2022,12,78.82
26/5/2022,13,117.9
26/5/2022,14,93.92
26/5/2022,15,85.28
26/5/2022,16,88
26/5/2022,17,80.36
26/5/2022,18,87.1
26/5/2022,19,122.45
26/5/2022,20,161.35
26/5/2022,21,173.73
26/5/2022,22,165.42
26/5/2022,23,166.8
26/5/2022,24,126.95
27/5/2022,1,104.18
27/5/2022,2,98.54
27/5/2022,3,94.61
27/5/2022,4,97.67
27/5/2022,5,97.8
27/5/2022,6,101.58
27/5/2022,7,210.85
27/5/2022,8,226.1
27/5/2022,9,217.9
27/5/2022,10,205.56
27/5/2022,11,215
27/5/2022,12,210.12
27/5/2022,13,210.12
27/5/2022,14,210.11
27/5/2022,15,188.51
27/5/2022,16,195
27/5/2022,17,210.12
27/5/2022,18,238.31
27/5/2022,19,219
27/5/2022,20,221.95
27/5/2022,21,205.01
27/5/2022,22,180
27/5/2022,23,133.86
27/5/2022,24,97.36
28/5/2022,1,97.67
28/5/2022,2,91.39
28/5/2022,3,89.45
28/5/2022,4,89.24
28/5/2022,5,88.21
28/5/2022,6,84.88
28/5/2022,7,86.82
28/5/2022,8,88
28/5/2022,9,87.36
28/5/2022,10,92.45
28/5/2022,11,98.96
28/5/2022,12,99.94
28/5/2022,13,90.78
28/5/2022,14,88.08
28/5/2022,15,66.26
28/5/2022,16,89.74
28/5/2022,17,92.41
28/5/2022,18,88.02
28/5/2022,19,90.92
28/5/2022,20,139.9
28/5/2022,21,158.33
28/5/2022,22,164.37
28/5/2022,23,170
28/5/2022,24,158.08
29/5/2022,1,162.11
29/5/2022,2,141.28
29/5/2022,3,140.79
29/5/2022,4,138.37
29/5/2022,5,140.04
29/5/2022,6,141.32
29/5/2022,7,133.8
29/5/2022,8,138.37
29/5/2022,9,140.15
29/5/2022,10,140.08
29/5/2022,11,140
29/5/2022,12,145.06
29/5/2022,13,141
29/5/2022,14,133.49
29/5/2022,15,123.78
29/5/2022,16,121.59
29/5/2022,17,120
29/5/2022,18,150
29/5/2022,19,179.56
29/5/2022,20,201.38
29/5/2022,21,214.94
29/5/2022,22,224.97
29/5/2022,23,225
29/5/2022,24,214.96
30/5/2022,1,203.9
30/5/2022,2,194.72
30/5/2022,3,192.65
30/5/2022,4,184.5
30/5/2022,5,182.92
30/5/2022,6,195.74
30/5/2022,7,230.68
30/5/2022,8,257.95
30/5/2022,9,260.27
30/5/2022,10,232.92
30/5/2022,11,230
30/5/2022,12,229.77
30/5/2022,13,215
30/5/2022,14,207.5
30/5/2022,15,201.28
30/5/2022,16,202.29
30/5/2022,17,210.9
30/5/2022,18,225.7
30/5/2022,19,241.36
30/5/2022,20,291.14
30/5/2022,21,295
30/5/2022,22,266.46
30/5/2022,23,243.68
30/5/2022,24,227.5
31/5/2022,1,200.91
31/5/2022,2,183
31/5/2022,3,179.62
31/5/2022,4,177.02
31/5/2022,5,180.01
31/5/2022,6,195.99
31/5/2022,7,228.68
31/5/2022,8,247.77
31/5/2022,9,243.14
31/5/2022,10,225.9
31/5/2022,11,200.63
31/5/2022,12,193.91
31/5/2022,13,192.46
31/5/2022,14,184.07
31/5/2022,15,184.01
31/5/2022,16,182.08
31/5/2022,17,182.38
31/5/2022,18,200
31/5/2022,19,234.97
31/5/2022,20,255.02
31/5/2022,21,258.67
31/5/2022,22,247.51
31/5/2022,23,240.01
31/5/2022,24,227.98
1/6/2022,1,220
1/6/2022,2,207.45
1/6/2022,3,199.09
1/6/2022,4,182.53
1/6/2022,5,182.28
1/6/2022,6,198.95
1/6/2022,7,230
1/6/2022,8,249.68
1/6/2022,9,246.36
1/6/2022,10,228.82
1/6/2022,11,211.8
1/6/2022,12,206.6
1/6/2022,13,211
1/6/2022,14,211
1/6/2022,15,205.25
1/6/2022,16,180.04
1/6/2022,17,181.6
1/6/2022,18,199.71
1/6/2022,19,229.92
1/6/2022,20,251.98
1/6/2022,21,257.71
1/6/2022,22,262.6
1/6/2022,23,250
1/6/2022,24,230.33
2/6/2022,1,191
2/6/2022,2,175.04
2/6/2022,3,169.33
2/6/2022,4,161.96
2/6/2022,5,165.05
2/6/2022,6,171.7
2/6/2022,7,209.65
2/6/2022,8,223.1
2/6/2022,9,218.13
2/6/2022,10,190.92
2/6/2022,11,175.21
2/6/2022,12,180
2/6/2022,13,179.93
2/6/2022,14,174.91
2/6/2022,15,169.43
2/6/2022,16,180
2/6/2022,17,183.99
2/6/2022,18,183.94
2/6/2022,19,218.05
2/6/2022,20,230.65
2/6/2022,21,238.97
2/6/2022,22,228.94
2/6/2022,23,229.78
2/6/2022,24,209.87
3/6/2022,1,177.61
3/6/2022,2,163.13
3/6/2022,3,157.41
3/6/2022,4,159.62
3/6/2022,5,161.7
3/6/2022,6,169.94
3/6/2022,7,209.83
3/6/2022,8,225.11
3/6/2022,9,217.18
3/6/2022,10,197.12
3/6/2022,11,179.97
3/6/2022,12,162.13
3/6/2022,13,168.08
3/6/2022,14,156.64
3/6/2022,15,156.04
3/6/2022,16,158.75
3/6/2022,17,167.98
3/6/2022,18,197.38
3/6/2022,19,216.31
3/6/2022,20,225
3/6/2022,21,221.83
3/6/2022,22,216.05
3/6/2022,23,216.77
3/6/2022,24,185.03
4/6/2022,1,175.81
4/6/2022,2,167.97
4/6/2022,3,166.92
4/6/2022,4,157.05
4/6/2022,5,155.5
4/6/2022,6,156.01
4/6/2022,7,159.8
4/6/2022,8,169.86
4/6/2022,9,180
4/6/2022,10,186.56
4/6/2022,11,187.52
4/6/2022,12,183.97
4/6/2022,13,168.4
4/6/2022,14,159.79
4/6/2022,15,147.04
4/6/2022,16,147.02
4/6/2022,17,148.14
4/6/2022,18,159.26
4/6/2022,19,179.91
4/6/2022,20,199.07
4/6/2022,21,209.24
4/6/2022,22,198.98
4/6/2022,23,199.06
4/6/2022,24,179.36
5/6/2022,1,165.52
5/6/2022,2,157.23
5/6/2022,3,149.57
5/6/2022,4,136.88
5/6/2022,5,136.04
5/6/2022,6,128.04
5/6/2022,7,127.27
5/6/2022,8,133.65
5/6/2022,9,136.28
5/6/2022,10,142.65
5/6/2022,11,141.36
5/6/2022,12,143.62
5/6/2022,13,132.5
5/6/2022,14,101.53
5/6/2022,15,103.54
5/6/2022,16,121.95
5/6/2022,17,132.03
5/6/2022,18,150.02
5/6/2022,19,163.03
5/6/2022,20,176.2
5/6/2022,21,190
5/6/2022,22,192.2
5/6/2022,23,169.22
5/6/2022,24,137.74
6/6/2022,1,113.98
6/6/2022,2,100.92
6/6/2022,3,91.8
6/6/2022,4,88.24
6/6/2022,5,85.05
6/6/2022,6,88.08
6/6/2022,7,128.84
6/6/2022,8,176.2
6/6/2022,9,185
6/6/2022,10,176.22
6/6/2022,11,176.22
6/6/2022,12,176.19
6/6/2022,13,176.22
6/6/2022,14,161.59
6/6/2022,15,133.69
6/6/2022,16,132.93
6/6/2022,17,140.16
6/6/2022,18,185.15
6/6/2022,19,229.33
6/6/2022,20,245.09
6/6/2022,21,245.08
6/6/2022,22,239.47
6/6/2022,23,226.95
6/6/2022,24,189.7
7/6/2022,1,166.3
7/6/2022,2,155.15
7/6/2022,3,150.61
7/6/2022,4,145.72
7/6/2022,5,146.88
7/6/2022,6,154.54
7/6/2022,7,215.59
7/6/2022,8,242.55
7/6/2022,9,240
7/6/2022,10,230.63
7/6/2022,11,200.02
7/6/2022,12,198.87
7/6/2022,13,212.48
7/6/2022,14,194.73
7/6/2022,15,202.23
7/6/2022,16,206.53
7/6/2022,17,220
7/6/2022,18,236.1
7/6/2022,19,238.68
7/6/2022,20,239.82
7/6/2022,21,239
7/6/2022,22,228.81
7/6/2022,23,220.26
7/6/2022,24,210.97
8/6/2022,1,185.05
8/6/2022,2,168.95
8/6/2022,3,165.1
8/6/2022,4,162.96
8/6/2022,5,164.92
8/6/2022,6,175
8/6/2022,7,225
8/6/2022,8,213.93
8/6/2022,9,215.01
8/6/2022,10,205.29
8/6/2022,11,191
8/6/2022,12,185
8/6/2022,13,180.72
8/6/2022,14,175.17
8/6/2022,15,180.2
8/6/2022,16,185.07
8/6/2022,17,199.87
8/6/2022,18,220
8/6/2022,19,210.9
8/6/2022,20,239.37
8/6/2022,21,249.28
8/6/2022,22,229.93
8/6/2022,23,219.7
8/6/2022,24,180.23
9/6/2022,1,189.01
9/6/2022,2,170.63
9/6/2022,3,165
9/6/2022,4,164.64
9/6/2022,5,164.39
9/6/2022,6,173.3
9/6/2022,7,205.31
9/6/2022,8,219.45
9/6/2022,9,229.23
9/6/2022,10,217.87
9/6/2022,11,204.37
9/6/2022,12,202.39
9/6/2022,13,202.33
9/6/2022,14,188.97
9/6/2022,15,184.29
9/6/2022,16,184.59
9/6/2022,17,178.26
9/6/2022,18,188.06
9/6/2022,19,194.14
9/6/2022,20,205.14
9/6/2022,21,216.6
9/6/2022,22,210.24
9/6/2022,23,209.09
9/6/2022,24,192.07
10/6/2022,1,196.58
10/6/2022,2,168.93
10/6/2022,3,162.29
10/6/2022,4,162.13
10/6/2022,5,163.84
10/6/2022,6,179.14
10/6/2022,7,207.91
10/6/2022,8,213.76
10/6/2022,9,212.84
10/6/2022,10,196.36
10/6/2022,11,176.06
10/6/2022,12,168.59
10/6/2022,13,164.1
10/6/2022,14,165.08
10/6/2022,15,159.62
10/6/2022,16,157.28
10/6/2022,17,163.56
10/6/2022,18,186.65
10/6/2022,19,204.28
10/6/2022,20,218.39
10/6/2022,21,220.46
10/6/2022,22,216.9
10/6/2022,23,215.48
10/6/2022,24,205.07
11/6/2022,1,201.74
11/6/2022,2,184.07
11/6/2022,3,170.41
11/6/2022,4,165.49
11/6/2022,5,155.8
11/6/2022,6,151.65
11/6/2022,7,157.84
11/6/2022,8,153.05
11/6/2022,9,150.5
11/6/2022,10,112.78
11/6/2022,11,85.56
11/6/2022,12,78.01
11/6/2022,13,73.23
11/6/2022,14,55.61
11/6/2022,15,4.23
11/6/2022,16,52.31
11/6/2022,17,71.81
11/6/2022,18,101.63
11/6/2022,19,162.32
11/6/2022,20,196.39
11/6/2022,21,211.38
11/6/2022,22,211.06
11/6/2022,23,207.92
11/6/2022,24,199
12/6/2022,1,195
12/6/2022,2,158.85
12/6/2022,3,148.13
12/6/2022,4,139.8
12/6/2022,5,136.45
12/6/2022,6,101.76
12/6/2022,7,109.02
12/6/2022,8,106.23
12/6/2022,9,87.19
12/6/2022,10,80.83
12/6/2022,11,74.37
12/6/2022,12,51.56
12/6/2022,13,30.97
12/6/2022,14,16.45
12/6/2022,15,9.84
12/6/2022,16,16.12
12/6/2022,17,54.4
12/6/2022,18,80.33
12/6/2022,19,159.94
12/6/2022,20,185.31
12/6/2022,21,205.98
12/6/2022,22,210.98
12/6/2022,23,210
12/6/2022,24,182.11
13/6/2022,1,168.86
13/6/2022,2,157.71
13/6/2022,3,154.09
13/6/2022,4,149.92
13/6/2022,5,146.92
13/6/2022,6,148.87
13/6/2022,7,200.03
13/6/2022,8,211.68
13/6/2022,9,212.57
13/6/2022,10,181.68
13/6/2022,11,168.58
13/6/2022,12,145.61
13/6/2022,13,146.03
13/6/2022,14,159.19
13/6/2022,15,115.27
13/6/2022,16,124.33
13/6/2022,17,138.86
13/6/2022,18,172.62
13/6/2022,19,185.64
13/6/2022,20,216.85
13/6/2022,21,228.57
13/6/2022,22,223.64
13/6/2022,23,221.24
13/6/2022,24,192.44
14/6/2022,1,162.83
14/6/2022,2,156.69
14/6/2022,3,144.56
14/6/2022,4,154.92
14/6/2022,5,154.35
14/6/2022,6,172.46
14/6/2022,7,215.22
14/6/2022,8,227.88
14/6/2022,9,214.79
14/6/2022,10,197.32
14/6/2022,11,180.67
14/6/2022,12,170
14/6/2022,13,174.26
14/6/2022,14,179.97
14/6/2022,15,160.04
14/6/2022,16,167.84
14/6/2022,17,188.2
14/6/2022,18,200.36
14/6/2022,19,230.97
14/6/2022,20,290.47
14/6/2022,21,294.34
14/6/2022,22,247.81
14/6/2022,23,234.9
14/6/2022,24,210.46
15/6/2022,1,197.96
15/6/2022,2,183.5
15/6/2022,3,177.67
15/6/2022,4,173.02
15/6/2022,5,173.18
15/6/2022,6,182.23
15/6/2022,7,219.58
15/6/2022,8,246.95
15/6/2022,9,252.76
15/6/2022,10,196.43
15/6/2022,11,187.84
15/6/2022,12,186.43
15/6/2022,13,187.55
15/6/2022,14,174.28
15/6/2022,15,168.76
15/6/2022,16,189.01
15/6/2022,17,195.68
15/6/2022,18,217.35
15/6/2022,19,259.55
15/6/2022,20,305.61
15/6/2022,21,307.52
15/6/2022,22,263.72
15/6/2022,23,247.51
15/6/2022,24,222.98
16/6/2022,1,225.02
16/6/2022,2,213.23
16/6/2022,3,209.73
16/6/2022,4,212.05
16/6/2022,5,206.46
16/6/2022,6,205.19
16/6/2022,7,219.98
16/6/2022,8,255.2
16/6/2022,9,245
16/6/2022,10,208.8
16/6/2022,11,175.01
16/6/2022,12,155.44
16/6/2022,13,142.2
16/6/2022,14,145.16
16/6/2022,15,132.33
16/6/2022,16,157.19
16/6/2022,17,151.81
16/6/2022,18,203.46
16/6/2022,19,227.32
16/6/2022,20,256.61
16/6/2022,21,272.69
16/6/2022,22,272.73
16/6/2022,23,262.25
16/6/2022,24,207.78
17/6/2022,1,295.8
17/6/2022,2,246.02
17/6/2022,3,222.69
17/6/2022,4,208.85
17/6/2022,5,206.86
17/6/2022,6,239.91
17/6/2022,7,292.34
17/6/2022,8,323.31
17/6/2022,9,325.7
17/6/2022,10,299.07
17/6/2022,11,240.87
17/6/2022,12,212.14
17/6/2022,13,188.35
17/6/2022,14,176.59
17/6/2022,15,183.16
17/6/2022,16,177.5
17/6/2022,17,223.69
17/6/2022,18,246.45
17/6/2022,19,302.34
17/6/2022,20,320.66
17/6/2022,21,354.92
17/6/2022,22,318.94
17/6/2022,23,279.25
17/6/2022,24,218.93
18/6/2022,1,250.25
18/6/2022,2,192.65
18/6/2022,3,183.97
18/6/2022,4,172.97
18/6/2022,5,146.56
18/6/2022,6,118.91
18/6/2022,7,184.46
18/6/2022,8,174.92
18/6/2022,9,173.18
18/6/2022,10,169.08
18/6/2022,11,139.1
18/6/2022,12,123.07
18/6/2022,13,102.2
18/6/2022,14,81.11
18/6/2022,15,88.67
18/6/2022,16,121.89
18/6/2022,17,149
18/6/2022,18,177.56
18/6/2022,19,264.61
18/6/2022,20,328.01
18/6/2022,21,330.47
18/6/2022,22,319.21
18/6/2022,23,285.08
18/6/2022,24,251.3
19/6/2022,1,207.07
19/6/2022,2,190
19/6/2022,3,165.52
19/6/2022,4,139.8
19/6/2022,5,120.6
19/6/2022,6,110.51
19/6/2022,7,112.92
19/6/2022,8,96.96
19/6/2022,9,89.25
19/6/2022,10,94.23
19/6/2022,11,94.15
19/6/2022,12,92.14
19/6/2022,13,76.84
19/6/2022,14,70.06
19/6/2022,15,51.97
19/6/2022,16,75.63
19/6/2022,17,91.23
19/6/2022,18,161.84
19/6/2022,19,233.1
19/6/2022,20,265.67
19/6/2022,21,280.61
19/6/2022,22,294.29
19/6/2022,23,306.93
19/6/2022,24,281.1
20/6/2022,1,240.22
20/6/2022,2,220.39
20/6/2022,3,218.9
20/6/2022,4,220.1
20/6/2022,5,213.2
20/6/2022,6,263.27
20/6/2022,7,301.67
20/6/2022,8,368.95
20/6/2022,9,495.73
20/6/2022,10,351.01
20/6/2022,11,310.83
20/6/2022,12,305.48
20/6/2022,13,265.19
20/6/2022,14,233.33
20/6/2022,15,211.8
20/6/2022,16,219.49
20/6/2022,17,224.75
20/6/2022,18,247.83
20/6/2022,19,245.82
20/6/2022,20,289.61
20/6/2022,21,315.48
20/6/2022,22,315.97
20/6/2022,23,285.94
20/6/2022,24,245.18
21/6/2022,1,252.41
21/6/2022,2,222.1
21/6/2022,3,226.28
21/6/2022,4,220.7
21/6/2022,5,218.17
21/6/2022,6,230.28
21/6/2022,7,297.61
21/6/2022,8,338.9
21/6/2022,9,326.34
21/6/2022,10,264.75
21/6/2022,11,201.97
21/6/2022,12,208.23
21/6/2022,13,222.27
21/6/2022,14,227.29
21/6/2022,15,207.81
21/6/2022,16,236.92
21/6/2022,17,267.36
21/6/2022,18,300
21/6/2022,19,369.47
21/6/2022,20,450.87
21/6/2022,21,458.53
21/6/2022,22,411.61
21/6/2022,23,374.05
21/6/2022,24,325.54
22/6/2022,1,266.09
22/6/2022,2,251.45
22/6/2022,3,244.26
22/6/2022,4,244.89
22/6/2022,5,255.02
22/6/2022,6,283.52
22/6/2022,7,346.55
22/6/2022,8,417.41
22/6/2022,9,377.16
22/6/2022,10,337.63
22/6/2022,11,305.26
22/6/2022,12,293.07
22/6/2022,13,288.67
22/6/2022,14,268.47
22/6/2022,15,255.16
22/6/2022,16,278.69
22/6/2022,17,303.29
22/6/2022,18,348.18
22/6/2022,19,394
22/6/2022,20,484.28
22/6/2022,21,455.17
22/6/2022,22,399.3
22/6/2022,23,374
22/6/2022,24,309
23/6/2022,1,289.8
23/6/2022,2,255.91
23/6/2022,3,245.18
23/6/2022,4,245.82
23/6/2022,5,255.08
23/6/2022,6,279.68
23/6/2022,7,336.1
23/6/2022,8,365.37
23/6/2022,9,354.36
23/6/2022,10,315.3
23/6/2022,11,277.14
23/6/2022,12,243.53
23/6/2022,13,241.14
23/6/2022,14,266.66
23/6/2022,15,270.95
23/6/2022,16,267.1
23/6/2022,17,258.87
23/6/2022,18,329.38
23/6/2022,19,366.29
23/6/2022,20,428.98
23/6/2022,21,413.99
23/6/2022,22,364.02
23/6/2022,23,294.39
23/6/2022,24,213.88
24/6/2022,1,219.54
24/6/2022,2,207.16
24/6/2022,3,194.05
24/6/2022,4,207.15
24/6/2022,5,202.24
24/6/2022,6,222.78
24/6/2022,7,302.48
24/6/2022,8,334.92
24/6/2022,9,345.74
24/6/2022,10,327.94
24/6/2022,11,299.36
24/6/2022,12,263.8
24/6/2022,13,244.01
24/6/2022,14,232
24/6/2022,15,211.44
24/6/2022,16,243.18
24/6/2022,17,256.4
24/6/2022,18,296.41
24/6/2022,19,322
24/6/2022,20,329.94
24/6/2022,21,335.2
24/6/2022,22,330.92
24/6/2022,23,320
24/6/2022,24,258.73
25/6/2022,1,265.26
25/6/2022,2,238.39
25/6/2022,3,214.91
25/6/2022,4,217.08
25/6/2022,5,205.54
25/6/2022,6,209.06
25/6/2022,7,226.73
25/6/2022,8,261.09
25/6/2022,9,269.03
25/6/2022,10,237.37
25/6/2022,11,211.93
25/6/2022,12,206.17
25/6/2022,13,192.07
25/6/2022,14,223.16
25/6/2022,15,193.32
25/6/2022,16,203.3
25/6/2022,17,243.81
25/6/2022,18,269.07
25/6/2022,19,271.57
25/6/2022,20,314.1
25/6/2022,21,327.17
25/6/2022,22,322.68
25/6/2022,23,324.02
25/6/2022,24,294.94
26/6/2022,1,288.91
26/6/2022,2,261.33
26/6/2022,3,231.23
26/6/2022,4,212.24
26/6/2022,5,203.61
26/6/2022,6,185.8
26/6/2022,7,179.35
26/6/2022,8,189.27
26/6/2022,9,181.42
26/6/2022,10,150.1
26/6/2022,11,145.84
26/6/2022,12,139.66
26/6/2022,13,145.07
26/6/2022,14,115.93
26/6/2022,15,113.2
26/6/2022,16,113.32
26/6/2022,17,186.41
26/6/2022,18,245.43
26/6/2022,19,295.78
26/6/2022,20,325.64
26/6/2022,21,333.77
26/6/2022,22,335.44
26/6/2022,23,336.15
26/6/2022,24,316.82
27/6/2022,1,296.24
27/6/2022,2,264.37
27/6/2022,3,255.91
27/6/2022,4,256.58
27/6/2022,5,256.51
27/6/2022,6,268.78
27/6/2022,7,330.9
27/6/2022,8,357.94
27/6/2022,9,371.07
27/6/2022,10,348.38
27/6/2022,11,332.54
27/6/2022,12,294.71
27/6/2022,13,287.86
27/6/2022,14,254.88
27/6/2022,15,277.05
27/6/2022,16,296.26
27/6/2022,17,325
27/6/2022,18,351.81
27/6/2022,19,388.45
27/6/2022,20,435.77
27/6/2022,21,398.67
27/6/2022,22,375.64
27/6/2022,23,372.17
27/6/2022,24,347.14
28/6/2022,1,271.71
28/6/2022,2,274.69
28/6/2022,3,248.26
28/6/2022,4,254.97
28/6/2022,5,263.9
28/6/2022,6,282.41
28/6/2022,7,357.61
28/6/2022,8,381.7
28/6/2022,9,400
28/6/2022,10,371.75
28/6/2022,11,342.52
28/6/2022,12,305.35
28/6/2022,13,277.14
28/6/2022,14,294.27
28/6/2022,15,306.7
28/6/2022,16,327.71
28/6/2022,17,351.6
28/6/2022,18,382.51
28/6/2022,19,431.39
28/6/2022,20,470.9
28/6/2022,21,453.14
28/6/2022,22,410.92
28/6/2022,23,396.38
28/6/2022,24,340.99
29/6/2022,1,273.68
29/6/2022,2,272.29
29/6/2022,3,260.58
29/6/2022,4,251.7
29/6/2022,5,257.89
29/6/2022,6,264.38
29/6/2022,7,315.62
29/6/2022,8,350.85
29/6/2022,9,394.37
29/6/2022,10,369.87
29/6/2022,11,339.71
29/6/2022,12,330.14
29/6/2022,13,305.6
29/6/2022,14,299.82
29/6/2022,15,303.52
29/6/2022,16,313.02
29/6/2022,17,318.34
29/6/2022,18,345.71
29/6/2022,19,369.66
29/6/2022,20,390.9
29/6/2022,21,390
29/6/2022,22,366.9
29/6/2022,23,352.92
29/6/2022,24,278.74
30/6/2022,1,282.84
30/6/2022,2,280.46
30/6/2022,3,274.72
30/6/2022,4,276.84
30/6/2022,5,266.5
30/6/2022,6,276.06
30/6/2022,7,339.77
30/6/2022,8,369.89
30/6/2022,9,379.63
30/6/2022,10,341.25
30/6/2022,11,302.25
30/6/2022,12,328.18
30/6/2022,13,328.67
30/6/2022,14,283.79
30/6/2022,15,288.54
30/6/2022,16,326.7
30/6/2022,17,344.1
30/6/2022,18,372.44
30/6/2022,19,409.41
30/6/2022,20,479
30/6/2022,21,450
30/6/2022,22,394.21
30/6/2022,23,367.41
30/6/2022,24,270.07
1/7/2022,1,302.47
1/7/2022,2,282.81
1/7/2022,3,266.02
1/7/2022,4,266.52
1/7/2022,5,265.94
1/7/2022,6,282.13
1/7/2022,7,355.19
1/7/2022,8,378.85
1/7/2022,9,385.19
1/7/2022,10,378
1/7/2022,11,363.87
1/7/2022,12,357.18
1/7/2022,13,329.91
1/7/2022,14,317.62
1/7/2022,15,309.63
1/7/2022,16,309.02
1/7/2022,17,306.48
1/7/2022,18,304.6
1/7/2022,19,317.6
1/7/2022,20,342.87
1/7/2022,21,362.72
1/7/2022,22,362.23
1/7/2022,23,385
1/7/2022,24,369.47
2/7/2022,1,285.72
2/7/2022,2,255
2/7/2022,3,237.2
2/7/2022,4,230.71
2/7/2022,5,222.31
2/7/2022,6,214.2
2/7/2022,7,233.84
2/7/2022,8,244.56
2/7/2022,9,203.98
2/7/2022,10,164.84
2/7/2022,11,137.46
2/7/2022,12,110.43
2/7/2022,13,98.47
2/7/2022,14,107.45
2/7/2022,15,134.58
2/7/2022,16,136.39
2/7/2022,17,172.87
2/7/2022,18,240.64
2/7/2022,19,285.03
2/7/2022,20,350
2/7/2022,21,362.85
2/7/2022,22,359.96
2/7/2022,23,353.44
2/7/2022,24,302.17
3/7/2022,1,270.08
3/7/2022,2,241.58
3/7/2022,3,199.08
3/7/2022,4,195.6
3/7/2022,5,185.6
3/7/2022,6,182.71
3/7/2022,7,176.71
3/7/2022,8,192.31
3/7/2022,9,185.07
3/7/2022,10,170.26
3/7/2022,11,128.2
3/7/2022,12,106.4
3/7/2022,13,94.81
3/7/2022,14,93.34
3/7/2022,15,90.67
3/7/2022,16,104.99
3/7/2022,17,123.8
3/7/2022,18,204.59
3/7/2022,19,272.77
3/7/2022,20,327
3/7/2022,21,340.1
3/7/2022,22,348.43
3/7/2022,23,348.45
3/7/2022,24,333.06
4/7/2022,1,319.65
4/7/2022,2,277.83
4/7/2022,3,265.42
4/7/2022,4,254.36
4/7/2022,5,257.93
4/7/2022,6,302.44
4/7/2022,7,361.88
4/7/2022,8,376
4/7/2022,9,385.17
4/7/2022,10,366
4/7/2022,11,318.61
4/7/2022,12,262.94
4/7/2022,13,205.35
4/7/2022,14,184.36
4/7/2022,15,176.01
4/7/2022,16,176.7
4/7/2022,17,242.15
4/7/2022,18,250.75
4/7/2022,19,374.82
4/7/2022,20,423.08
4/7/2022,21,432.42
4/7/2022,22,410.5
4/7/2022,23,402.27
4/7/2022,24,374.97
5/7/2022,1,359.96
5/7/2022,2,318.58
5/7/2022,3,308.61
5/7/2022,4,300.01
5/7/2022,5,299.35
5/7/2022,6,324.82
5/7/2022,7,380.47
5/7/2022,8,412.59
5/7/2022,9,411.43
5/7/2022,10,332.54
5/7/2022,11,230.3
5/7/2022,12,300.33
5/7/2022,13,272.86
5/7/2022,14,258.94
5/7/2022,15,247.57
5/7/2022,16,266.77
5/7/2022,17,272.8
5/7/2022,18,336.58
5/7/2022,19,350.85
5/7/2022,20,373.51
5/7/2022,21,382.16
5/7/2022,22,370.66
5/7/2022,23,384.96
5/7/2022,24,362.35
6/7/2022,1,351.39
6/7/2022,2,306.88
6/7/2022,3,286.38
6/7/2022,4,279.99
6/7/2022,5,299.48
6/7/2022,6,322.79
6/7/2022,7,389.83
6/7/2022,8,413.89
6/7/2022,9,390
6/7/2022,10,343.7
6/7/2022,11,261.1
6/7/2022,12,227.4
6/7/2022,13,216.45
6/7/2022,14,202.58
6/7/2022,15,181.83
6/7/2022,16,169.32
6/7/2022,17,212.94
6/7/2022,18,254.95
6/7/2022,19,301.28
6/7/2022,20,370.87
6/7/2022,21,380.25
6/7/2022,22,383.73
6/7/2022,23,374.77
6/7/2022,24,275.52
7/7/2022,1,231.92
7/7/2022,2,165.92
7/7/2022,3,152.88
7/7/2022,4,162.96
7/7/2022,5,158.5
7/7/2022,6,127.57
7/7/2022,7,207.32
7/7/2022,8,236.55
7/7/2022,9,247.88
7/7/2022,10,254.43
7/7/2022,11,249.82
7/7/2022,12,279.76
7/7/2022,13,228.33
7/7/2022,14,210.49
7/7/2022,15,165.62
7/7/2022,16,185.19
7/7/2022,17,241.04
7/7/2022,18,216.26
7/7/2022,19,240.28
7/7/2022,20,203.54
7/7/2022,21,245.64
7/7/2022,22,258.96
7/7/2022,23,247.44
7/7/2022,24,194.95
8/7/2022,1,178.83
8/7/2022,2,188.6
8/7/2022,3,187.89
8/7/2022,4,201.68
8/7/2022,5,185.82
8/7/2022,6,225.5
8/7/2022,7,359.12
8/7/2022,8,399.36
8/7/2022,9,409.41
8/7/2022,10,321.51
8/7/2022,11,290.61
8/7/2022,12,235.57
8/7/2022,13,164.76
8/7/2022,14,168.36
8/7/2022,15,144.68
8/7/2022,16,147.1
8/7/2022,17,168.51
8/7/2022,18,229.02
8/7/2022,19,279.51
8/7/2022,20,364.97
8/7/2022,21,397.7
8/7/2022,22,418.61
8/7/2022,23,410.49
8/7/2022,24,354.42
9/7/2022,1,350
9/7/2022,2,277.58
9/7/2022,3,137.34
9/7/2022,4,118.86
9/7/2022,5,123.33
9/7/2022,6,136.77
9/7/2022,7,237.19
9/7/2022,8,200
9/7/2022,9,234.46
9/7/2022,10,110.75
9/7/2022,11,93.11
9/7/2022,12,69.99
9/7/2022,13,27.37
9/7/2022,14,28
9/7/2022,15,10.11
9/7/2022,16,1.95
9/7/2022,17,15.66
9/7/2022,18,37.32
9/7/2022,19,84.31
9/7/2022,20,86.29
9/7/2022,21,120.94
9/7/2022,22,125
9/7/2022,23,104.99
9/7/2022,24,56.51
10/7/2022,1,43.08
10/7/2022,2,2.02
10/7/2022,3,1.95
10/7/2022,4,3.28
10/7/2022,5,40.42
10/7/2022,6,37.61
10/7/2022,7,41.22
10/7/2022,8,6.36
10/7/2022,9,1.14
10/7/2022,10,2.9
10/7/2022,11,3.78
10/7/2022,12,8.3
10/7/2022,13,8.11
10/7/2022,14,0.3
10/7/2022,15,3.91
10/7/2022,16,1.23
10/7/2022,17,4.75
10/7/2022,18,52.47
10/7/2022,19,110.91
10/7/2022,20,322.13
10/7/2022,21,369.9
10/7/2022,22,378.07
10/7/2022,23,389.67
10/7/2022,24,373.55
11/7/2022,1,320.08
11/7/2022,2,278.04
11/7/2022,3,276.37
11/7/2022,4,269.64
11/7/2022,5,272.56
11/7/2022,6,298
11/7/2022,7,395.95
11/7/2022,8,415.08
11/7/2022,9,433.97
11/7/2022,10,417.26
11/7/2022,11,405.17
11/7/2022,12,396.9
11/7/2022,13,382.27
11/7/2022,14,369.8
11/7/2022,15,321.83
11/7/2022,16,285.04
11/7/2022,17,323.16
11/7/2022,18,379.26
11/7/2022,19,400.34
11/7/2022,20,458.03
11/7/2022,21,469.9
11/7/2022,22,452.12
11/7/2022,23,450.05
11/7/2022,24,419.15
12/7/2022,1,395.49
12/7/2022,2,349.57
12/7/2022,3,330.04
12/7/2022,4,331.5
12/7/2022,5,334.34
12/7/2022,6,362.1
12/7/2022,7,419.64
12/7/2022,8,453.66
12/7/2022,9,448.9
12/7/2022,10,388.88
12/7/2022,11,328.99
12/7/2022,12,318.21
12/7/2022,13,310.48
12/7/2022,14,260.07
12/7/2022,15,260.89
12/7/2022,16,283.21
12/7/2022,17,313.94
12/7/2022,18,388.64
12/7/2022,19,416.77
12/7/2022,20,484.23
12/7/2022,21,506.94
12/7/2022,22,480
12/7/2022,23,463.69
12/7/2022,24,400.45
13/7/2022,1,416.05
13/7/2022,2,365.61
13/7/2022,3,321.83
13/7/2022,4,319.95
13/7/2022,5,325.04
13/7/2022,6,332.22
13/7/2022,7,411.97
13/7/2022,8,435
13/7/2022,9,457.37
13/7/2022,10,397.64
13/7/2022,11,321.45
13/7/2022,12,299.67
13/7/2022,13,261.99
13/7/2022,14,240.72
13/7/2022,15,190.02
13/7/2022,16,193.6
13/7/2022,17,212.55
13/7/2022,18,285.16
13/7/2022,19,339.64
13/7/2022,20,415.78
13/7/2022,21,440.35
13/7/2022,22,439.41
13/7/2022,23,420.99
13/7/2022,24,344.72
14/7/2022,1,392.39
14/7/2022,2,378.06
14/7/2022,3,345.47
14/7/2022,4,334.1
14/7/2022,5,335.01
14/7/2022,6,371.63
14/7/2022,7,421.32
14/7/2022,8,433.31
14/7/2022,9,434.07
14/7/2022,10,419.96
14/7/2022,11,379.9
14/7/2022,12,361.64
14/7/2022,13,312.28
14/7/2022,14,313.34
14/7/2022,15,317.22
14/7/2022,16,330.01
14/7/2022,17,360.72
14/7/2022,18,386.67
14/7/2022,19,395.25
14/7/2022,20,444.36
14/7/2022,21,438.55
14/7/2022,22,436.09
14/7/2022,23,426.4
14/7/2022,24,400.04
15/7/2022,1,350
15/7/2022,2,320.07
15/7/2022,3,298
15/7/2022,4,305.01
15/7/2022,5,307.55
15/7/2022,6,330
15/7/2022,7,404.9
15/7/2022,8,429.92
15/7/2022,9,416.58
15/7/2022,10,334.06
15/7/2022,11,262.45
15/7/2022,12,243.92
15/7/2022,13,252.71
15/7/2022,14,244.63
15/7/2022,15,230.62
15/7/2022,16,265.14
15/7/2022,17,241.02
15/7/2022,18,371.72
15/7/2022,19,390.05
15/7/2022,20,424.64
15/7/2022,21,433.23
15/7/2022,22,434.04
15/7/2022,23,432.89
15/7/2022,24,397.42
16/7/2022,1,384.91
16/7/2022,2,349.96
16/7/2022,3,275.34
16/7/2022,4,219.42
16/7/2022,5,146.06
16/7/2022,6,79.5
16/7/2022,7,56.64
16/7/2022,8,74.08
16/7/2022,9,63.84
16/7/2022,10,34.82
16/7/2022,11,35.53
16/7/2022,12,26.11
16/7/2022,13,49.81
16/7/2022,14,45.11
16/7/2022,15,39.98
16/7/2022,16,35.24
16/7/2022,17,33.48
16/7/2022,18,81.46
16/7/2022,19,160
16/7/2022,20,264.3
16/7/2022,21,295
16/7/2022,22,346.57
16/7/2022,23,357.55
16/7/2022,24,331.77
17/7/2022,1,290.06
17/7/2022,2,240.8
17/7/2022,3,186.81
17/7/2022,4,172.68
17/7/2022,5,169.58
17/7/2022,6,106.49
17/7/2022,7,93.84
17/7/2022,8,166.3
17/7/2022,9,189.51
17/7/2022,10,137.37
17/7/2022,11,88.71
17/7/2022,12,80.66
17/7/2022,13,82.17
17/7/2022,14,62.49
17/7/2022,15,72
17/7/2022,16,82.5
17/7/2022,17,109.3
17/7/2022,18,94.46
17/7/2022,19,344.42
17/7/2022,20,416.54
17/7/2022,21,427.92
17/7/2022,22,434.95
17/7/2022,23,431.82
17/7/2022,24,407.23
18/7/2022,1,389.77
18/7/2022,2,328.49
18/7/2022,3,299.23
18/7/2022,4,282.44
18/7/2022,5,289.33
18/7/2022,6,283.78
18/7/2022,7,393.39
18/7/2022,8,424.94
18/7/2022,9,379.72
18/7/2022,10,268.37
18/7/2022,11,258.13
18/7/2022,12,263.43
18/7/2022,13,337.96
18/7/2022,14,309.2
18/7/2022,15,288.54
18/7/2022,16,282.05
18/7/2022,17,385.5
18/7/2022,18,455.23
18/7/2022,19,521.84
18/7/2022,20,642.53
18/7/2022,21,677.22
18/7/2022,22,600.07
18/7/2022,23,530.13
18/7/2022,24,469.86
19/7/2022,1,402.46
19/7/2022,2,368.99
19/7/2022,3,336.73
19/7/2022,4,325.24
19/7/2022,5,318.72
19/7/2022,6,350.98
19/7/2022,7,440
19/7/2022,8,483.86
19/7/2022,9,460.11
19/7/2022,10,297.22
19/7/2022,11,346.71
19/7/2022,12,306.68
19/7/2022,13,341.68
19/7/2022,14,348.63
19/7/2022,15,299.89
19/7/2022,16,318.36
19/7/2022,17,398.61
19/7/2022,18,444.28
19/7/2022,19,483.63
19/7/2022,20,586.87
19/7/2022,21,576.52
19/7/2022,22,475.23
19/7/2022,23,410.07
19/7/2022,24,262.87
20/7/2022,1,228.02
20/7/2022,2,233.88
20/7/2022,3,217.64
20/7/2022,4,205.6
20/7/2022,5,243.07
20/7/2022,6,206.55
20/7/2022,7,330.06
20/7/2022,8,389.44
20/7/2022,9,276.91
20/7/2022,10,262.89
20/7/2022,11,285.04
20/7/2022,12,218.36
20/7/2022,13,236.19
20/7/2022,14,258.67
20/7/2022,15,238.43
20/7/2022,16,310.57
20/7/2022,17,324.66
20/7/2022,18,370
20/7/2022,19,430.36
20/7/2022,20,533.36
20/7/2022,21,547.29
20/7/2022,22,481.67
20/7/2022,23,400.09
20/7/2022,24,353.21
21/7/2022,1,321.21
21/7/2022,2,319.86
21/7/2022,3,326.3
21/7/2022,4,339.4
21/7/2022,5,327.83
21/7/2022,6,285.21
21/7/2022,7,454.74
21/7/2022,8,504.75
21/7/2022,9,501.57
21/7/2022,10,448.5
21/7/2022,11,434.41
21/7/2022,12,409.97
21/7/2022,13,354.54
21/7/2022,14,343.16
21/7/2022,15,304.84
21/7/2022,16,311.29
21/7/2022,17,354.56
21/7/2022,18,397.7
21/7/2022,19,503.07
21/7/2022,20,529.23
21/7/2022,21,536.98
21/7/2022,22,512.86
21/7/2022,23,528.95
21/7/2022,24,396.28
22/7/2022,1,366.35
22/7/2022,2,336.57
22/7/2022,3,324.66
22/7/2022,4,319.86
22/7/2022,5,319.18
22/7/2022,6,325.94
22/7/2022,7,411.39
22/7/2022,8,456.13
22/7/2022,9,444.7
22/7/2022,10,422.93
22/7/2022,11,369.84
22/7/2022,12,362.34
22/7/2022,13,356.05
22/7/2022,14,285.48
22/7/2022,15,250.83
22/7/2022,16,291.68
22/7/2022,17,378.01
22/7/2022,18,426.65
22/7/2022,19,514.68
22/7/2022,20,551.38
22/7/2022,21,560.16
22/7/2022,22,540.03
22/7/2022,23,493.34
22/7/2022,24,431.02
23/7/2022,1,403.51
23/7/2022,2,344.67
23/7/2022,3,351.99
23/7/2022,4,337.01
23/7/2022,5,332.04
23/7/2022,6,331.27
23/7/2022,7,337.03
23/7/2022,8,333.12
23/7/2022,9,343.78
23/7/2022,10,353.08
23/7/2022,11,351.22
23/7/2022,12,338.16
23/7/2022,13,325.35
23/7/2022,14,288.17
23/7/2022,15,261.13
23/7/2022,16,245.55
23/7/2022,17,284.94
23/7/2022,18,343.15
23/7/2022,19,370.22
23/7/2022,20,387.81
23/7/2022,21,408.59
23/7/2022,22,406.07
23/7/2022,23,398.58
23/7/2022,24,370.23
24/7/2022,1,393.26
24/7/2022,2,379.24
24/7/2022,3,355.06
24/7/2022,4,331
24/7/2022,5,316.18
24/7/2022,6,302.82
24/7/2022,7,272.76
24/7/2022,8,260.93
24/7/2022,9,221.38
24/7/2022,10,161.57
24/7/2022,11,173.83
24/7/2022,12,199.31
24/7/2022,13,104.93
24/7/2022,14,137.29
24/7/2022,15,152.11
24/7/2022,16,171.41
24/7/2022,17,191.51
24/7/2022,18,301.82
24/7/2022,19,364.08
24/7/2022,20,405.01
24/7/2022,21,427.76
24/7/2022,22,435.49
24/7/2022,23,420.73
24/7/2022,24,376.56
25/7/2022,1,346.4
25/7/2022,2,276.76
25/7/2022,3,262.49
25/7/2022,4,266.03
25/7/2022,5,261.71
25/7/2022,6,286.29
25/7/2022,7,375.08
25/7/2022,8,410.14
25/7/2022,9,415
25/7/2022,10,376.82
25/7/2022,11,352.56
25/7/2022,12,332
25/7/2022,13,304.97
25/7/2022,14,314.76
25/7/2022,15,297.5
25/7/2022,16,362.27
25/7/2022,17,380
25/7/2022,18,383.72
25/7/2022,19,446.14
25/7/2022,20,480.81
25/7/2022,21,476.42
25/7/2022,22,449.86
25/7/2022,23,441.19
25/7/2022,24,379.94
26/7/2022,1,339.71
26/7/2022,2,322.67
26/7/2022,3,270.5
26/7/2022,4,276.25
26/7/2022,5,302.86
26/7/2022,6,348.56
26/7/2022,7,410
26/7/2022,8,462.25
26/7/2022,9,321.77
26/7/2022,10,363.25
26/7/2022,11,384.28
26/7/2022,12,427.61
26/7/2022,13,455
26/7/2022,14,365
26/7/2022,15,336.16
26/7/2022,16,371.54
26/7/2022,17,349.9
26/7/2022,18,405.95
26/7/2022,19,439.7
26/7/2022,20,459.99
26/7/2022,21,488.4
26/7/2022,22,456.99
26/7/2022,23,446.65
26/7/2022,24,400.64
27/7/2022,1,407.76
27/7/2022,2,355.63
27/7/2022,3,351.28
27/7/2022,4,352.29
27/7/2022,5,350.56
27/7/2022,6,379.26
27/7/2022,7,460
27/7/2022,8,500.97
27/7/2022,9,520.58
27/7/2022,10,412.71
27/7/2022,11,400.01
27/7/2022,12,377.31
27/7/2022,13,412.78
27/7/2022,14,359.58
27/7/2022,15,347.96
27/7/2022,16,348.24
27/7/2022,17,362.87
27/7/2022,18,406.72
27/7/2022,19,485
27/7/2022,20,538.49
27/7/2022,21,558.5
27/7/2022,22,539.88
27/7/2022,23,511.22
27/7/2022,24,442.6
28/7/2022,1,437.79
28/7/2022,2,400.91
28/7/2022,3,399.97
28/7/2022,4,399.7
28/7/2022,5,399.97
28/7/2022,6,400.04
28/7/2022,7,494.28
28/7/2022,8,561.65
28/7/2022,9,542.96
28/7/2022,10,506.37
28/7/2022,11,476.12
28/7/2022,12,461.4
28/7/2022,13,447.04
28/7/2022,14,441.61
28/7/2022,15,442.71
28/7/2022,16,462.78
28/7/2022,17,471.79
28/7/2022,18,523.81
28/7/2022,19,573.64
28/7/2022,20,604.36
28/7/2022,21,596.14
28/7/2022,22,563.27
28/7/2022,23,539.82
28/7/2022,24,466.96
29/7/2022,1,407.14
29/7/2022,2,387.11
29/7/2022,3,375.49
29/7/2022,4,388.51
29/7/2022,5,374.83
29/7/2022,6,403.65
29/7/2022,7,463.16
29/7/2022,8,512.06
29/7/2022,9,518.73
29/7/2022,10,509.94
29/7/2022,11,484.17
29/7/2022,12,463.78
29/7/2022,13,433.97
29/7/2022,14,414.68
29/7/2022,15,419.42
29/7/2022,16,435.21
29/7/2022,17,442.51
29/7/2022,18,476.23
29/7/2022,19,501.3
29/7/2022,20,523.49
29/7/2022,21,509.59
29/7/2022,22,496.36
29/7/2022,23,499.03
29/7/2022,24,438.46
30/7/2022,1,425
30/7/2022,2,404.3
30/7/2022,3,405
30/7/2022,4,395.85
30/7/2022,5,377.06
30/7/2022,6,383.98
30/7/2022,7,406.78
30/7/2022,8,423.02
30/7/2022,9,412.72
30/7/2022,10,393.97
30/7/2022,11,372.05
30/7/2022,12,355.9
30/7/2022,13,339.2
30/7/2022,14,313.45
30/7/2022,15,304.59
30/7/2022,16,294.46
30/7/2022,17,327.64
30/7/2022,18,393.21
30/7/2022,19,428.13
30/7/2022,20,455.45
30/7/2022,21,468.79
30/7/2022,22,466.69
30/7/2022,23,467
30/7/2022,24,442.34
31/7/2022,1,382.79
31/7/2022,2,339.88
31/7/2022,3,300.1
31/7/2022,4,293.05
31/7/2022,5,271.3
31/7/2022,6,246.92
31/7/2022,7,261.03
31/7/2022,8,264.8
31/7/2022,9,300.01
31/7/2022,10,286.37
31/7/2022,11,261.1
31/7/2022,12,255.76
31/7/2022,13,263.08
31/7/2022,14,219.08
31/7/2022,15,208.74
31/7/2022,16,226.08
31/7/2022,17,252.07
31/7/2022,18,316.01
31/7/2022,19,394.79
31/7/2022,20,449.55
31/7/2022,21,452.95
31/7/2022,22,464.61
31/7/2022,23,466.5
31/7/2022,24,427.14
1/8/2022,1,385.06
1/8/2022,2,344.06
1/8/2022,3,338.81
1/8/2022,4,320.86
1/8/2022,5,329.72
1/8/2022,6,380
1/8/2022,7,429.66
1/8/2022,8,467.91
1/8/2022,9,474.9
1/8/2022,10,460
1/8/2022,11,448.62
1/8/2022,12,430.09
1/8/2022,13,400.13
1/8/2022,14,391.88
1/8/2022,15,383.05
1/8/2022,16,396.11
1/8/2022,17,403.48
1/8/2022,18,441.39
1/8/2022,19,467.23
1/8/2022,20,516.06
1/8/2022,21,534.89
1/8/2022,22,528.11
1/8/2022,23,511.1
1/8/2022,24,472.82
2/8/2022,1,440.98
2/8/2022,2,390.1
2/8/2022,3,382.1
2/8/2022,4,359.89
2/8/2022,5,352.69
2/8/2022,6,393.03
2/8/2022,7,457.04
2/8/2022,8,479.9
2/8/2022,9,478.9
2/8/2022,10,419.38
2/8/2022,11,382.51
2/8/2022,12,375.97
2/8/2022,13,337.22
2/8/2022,14,340.15
2/8/2022,15,334.45
2/8/2022,16,341.54
2/8/2022,17,370.3
2/8/2022,18,393.65
2/8/2022,19,465.76
2/8/2022,20,513.79
2/8/2022,21,523.63
2/8/2022,22,522.43
2/8/2022,23,490.68
2/8/2022,24,444.45
3/8/2022,1,383.95
3/8/2022,2,370.77
3/8/2022,3,343.56
3/8/2022,4,326.3
3/8/2022,5,329.96
3/8/2022,6,369.61
3/8/2022,7,441.76
3/8/2022,8,456.03
3/8/2022,9,451.11
3/8/2022,10,335.16
3/8/2022,11,293.8
3/8/2022,12,334.02
3/8/2022,13,330.52
3/8/2022,14,321.68
3/8/2022,15,280.47
3/8/2022,16,382.12
3/8/2022,17,350.12
3/8/2022,18,446.9
3/8/2022,19,508.55
3/8/2022,20,543.42
3/8/2022,21,549.28
3/8/2022,22,536.17
3/8/2022,23,502.95
3/8/2022,24,454.93
4/8/2022,1,450.3
4/8/2022,2,414.26
4/8/2022,3,375.07
4/8/2022,4,348.49
4/8/2022,5,345.3
4/8/2022,6,375.07
4/8/2022,7,444.86
4/8/2022,8,480.1
4/8/2022,9,468.99
4/8/2022,10,434.96
4/8/2022,11,403.43
4/8/2022,12,378.68
4/8/2022,13,352.74
4/8/2022,14,334.86
4/8/2022,15,345.48
4/8/2022,16,353.82
4/8/2022,17,396.91
4/8/2022,18,362.58
4/8/2022,19,496.92
4/8/2022,20,514.88
4/8/2022,21,504.52
4/8/2022,22,495.84
4/8/2022,23,454.75
4/8/2022,24,398.57
5/8/2022,1,403.48
5/8/2022,2,358.18
5/8/2022,3,337.64
5/8/2022,4,339.17
5/8/2022,5,338.52
5/8/2022,6,390.05
5/8/2022,7,449.91
5/8/2022,8,468
5/8/2022,9,483.91
5/8/2022,10,448.51
5/8/2022,11,428.95
5/8/2022,12,407.41
5/8/2022,13,399.8
5/8/2022,14,351.82
5/8/2022,15,302.53
5/8/2022,16,271.89
5/8/2022,17,252.44
5/8/2022,18,303.75
5/8/2022,19,375.57
5/8/2022,20,432.55
5/8/2022,21,436.34
5/8/2022,22,438.04
5/8/2022,23,429.91
5/8/2022,24,386.55
6/8/2022,1,361.76
6/8/2022,2,315.05
6/8/2022,3,308.59
6/8/2022,4,276.45
6/8/2022,5,267.76
6/8/2022,6,260
6/8/2022,7,290.83
6/8/2022,8,315.03
6/8/2022,9,309.56
6/8/2022,10,278.56
6/8/2022,11,291.88
6/8/2022,12,280.03
6/8/2022,13,241.17
6/8/2022,14,223.98
6/8/2022,15,208.86
6/8/2022,16,220.72
6/8/2022,17,255.93
6/8/2022,18,309
6/8/2022,19,330.26
6/8/2022,20,381.21
6/8/2022,21,401.86
6/8/2022,22,386.32
6/8/2022,23,369.08
6/8/2022,24,324.98
7/8/2022,1,277.89
7/8/2022,2,232.85
7/8/2022,3,218.28
7/8/2022,4,206.4
7/8/2022,5,200.47
7/8/2022,6,205.23
7/8/2022,7,205
7/8/2022,8,206.29
7/8/2022,9,162.27
7/8/2022,10,142.7
7/8/2022,11,100
7/8/2022,12,87.69
7/8/2022,13,86.82
7/8/2022,14,79.09
7/8/2022,15,80.2
7/8/2022,16,87.14
7/8/2022,17,103.67
7/8/2022,18,199.42
7/8/2022,19,301.67
7/8/2022,20,393.3
7/8/2022,21,421.99
7/8/2022,22,419.92
7/8/2022,23,401.86
7/8/2022,24,359.42
8/8/2022,1,310.08
8/8/2022,2,270.86
8/8/2022,3,280.47
8/8/2022,4,278.39
8/8/2022,5,273.26
8/8/2022,6,310.38
8/8/2022,7,414.42
8/8/2022,8,420.99
8/8/2022,9,414.68
8/8/2022,10,384.55
8/8/2022,11,341.34
8/8/2022,12,339.29
8/8/2022,13,338.3
8/8/2022,14,339.65
8/8/2022,15,345.85
8/8/2022,16,347.72
8/8/2022,17,362.43
8/8/2022,18,406.1
8/8/2022,19,440.97
8/8/2022,20,495.9
8/8/2022,21,494.05
8/8/2022,22,455
8/8/2022,23,429.15
8/8/2022,24,391.2
9/8/2022,1,330.76
9/8/2022,2,298.92
9/8/2022,3,298.95
9/8/2022,4,289.2
9/8/2022,5,295.75
9/8/2022,6,320.01
9/8/2022,7,382.92
9/8/2022,8,414.98
9/8/2022,9,426.22
9/8/2022,10,383.99
9/8/2022,11,310.09
9/8/2022,12,288.85
9/8/2022,13,306.36
9/8/2022,14,304.65
9/8/2022,15,303.9
9/8/2022,16,302.79
9/8/2022,17,306.99
9/8/2022,18,361.05
9/8/2022,19,424.59
9/8/2022,20,469.8
9/8/2022,21,469.72
9/8/2022,22,428.67
9/8/2022,23,406.45
9/8/2022,24,343.31
10/8/2022,1,297.01
10/8/2022,2,286.98
10/8/2022,3,298.71
10/8/2022,4,285.6
10/8/2022,5,293.99
10/8/2022,6,297.59
10/8/2022,7,343.72
10/8/2022,8,393.5
10/8/2022,9,395.51
10/8/2022,10,356.26
10/8/2022,11,302.9
10/8/2022,12,293.77
10/8/2022,13,288.83
10/8/2022,14,294.02
10/8/2022,15,286.07
10/8/2022,16,289.33
10/8/2022,17,303.1
10/8/2022,18,353
10/8/2022,19,409.93
10/8/2022,20,449
10/8/2022,21,454.73
10/8/2022,22,420
10/8/2022,23,406.84
10/8/2022,24,355.01
11/8/2022,1,309.92
11/8/2022,2,300.03
11/8/2022,3,310
11/8/2022,4,306.3
11/8/2022,5,312
11/8/2022,6,347.06
11/8/2022,7,407.41
11/8/2022,8,419.99
11/8/2022,9,414.92
11/8/2022,10,397.16
11/8/2022,11,355.1
11/8/2022,12,337.65
11/8/2022,13,328.55
11/8/2022,14,325.13
11/8/2022,15,330.2
11/8/2022,16,351.33
11/8/2022,17,376.72
11/8/2022,18,401.31
11/8/2022,19,450
11/8/2022,20,539.9
11/8/2022,21,534.75
11/8/2022,22,446
11/8/2022,23,414.99
11/8/2022,24,390
12/8/2022,1,422.1
12/8/2022,2,405
12/8/2022,3,395.72
12/8/2022,4,391.95
12/8/2022,5,402.62
12/8/2022,6,408.06
12/8/2022,7,469.54
12/8/2022,8,513.31
12/8/2022,9,508
12/8/2022,10,472.56
12/8/2022,11,419.9
12/8/2022,12,406.94
12/8/2022,13,388.62
12/8/2022,14,418.22
12/8/2022,15,442.78
12/8/2022,16,437.38
12/8/2022,17,451.88
12/8/2022,18,450
12/8/2022,19,489.99
12/8/2022,20,560
12/8/2022,21,565.4
12/8/2022,22,507.78
12/8/2022,23,469.47
12/8/2022,24,424.02
13/8/2022,1,427.23
13/8/2022,2,400.71
13/8/2022,3,387.87
13/8/2022,4,374.09
13/8/2022,5,375.79
13/8/2022,6,382.76
13/8/2022,7,379.9
13/8/2022,8,388.74
13/8/2022,9,399.9
13/8/2022,10,374.5
13/8/2022,11,350.01
13/8/2022,12,338.37
13/8/2022,13,329.58
13/8/2022,14,297.44
13/8/2022,15,309.03
13/8/2022,16,338.57
13/8/2022,17,357.42
13/8/2022,18,412.3
13/8/2022,19,466.2
13/8/2022,20,503.26
13/8/2022,21,504.7
13/8/2022,22,479.94
13/8/2022,23,461.91
13/8/2022,24,425.89
14/8/2022,1,416.3
14/8/2022,2,397.2
14/8/2022,3,377.9
14/8/2022,4,354
14/8/2022,5,350.06
14/8/2022,6,351.01
14/8/2022,7,352.77
14/8/2022,8,350.05
14/8/2022,9,355.17
14/8/2022,10,339.94
14/8/2022,11,309
14/8/2022,12,286.79
14/8/2022,13,229.51
14/8/2022,14,186.5
14/8/2022,15,151.1
14/8/2022,16,231.52
14/8/2022,17,321.76
14/8/2022,18,382.96
14/8/2022,19,415.9
14/8/2022,20,454.91
14/8/2022,21,459.96
14/8/2022,22,462.6
14/8/2022,23,455.42
14/8/2022,24,398.97
15/8/2022,1,375.03
15/8/2022,2,361.09
15/8/2022,3,360.64
15/8/2022,4,350
15/8/2022,5,352.99
15/8/2022,6,369.18
15/8/2022,7,391.51
15/8/2022,8,428.38
15/8/2022,9,466.77
15/8/2022,10,452.8
15/8/2022,11,431.41
15/8/2022,12,407.06
15/8/2022,13,402.31
15/8/2022,14,392.13
15/8/2022,15,392.77
15/8/2022,16,380.09
15/8/2022,17,400.05
15/8/2022,18,448.84
15/8/2022,19,495
15/8/2022,20,520.01
15/8/2022,21,555.72
15/8/2022,22,536.69
15/8/2022,23,507
15/8/2022,24,475.42
16/8/2022,1,329.79
16/8/2022,2,339.71
16/8/2022,3,349.78
16/8/2022,4,340.48
16/8/2022,5,338.2
16/8/2022,6,409.22
16/8/2022,7,416.78
16/8/2022,8,514.41
16/8/2022,9,514.9
16/8/2022,10,488.44
16/8/2022,11,450
16/8/2022,12,424.95
16/8/2022,13,417.08
16/8/2022,14,410.06
16/8/2022,15,410.09
16/8/2022,16,418.06
16/8/2022,17,442.53
16/8/2022,18,506.91
16/8/2022,19,600.05
16/8/2022,20,650
16/8/2022,21,604
16/8/2022,22,560.46
16/8/2022,23,437.94
16/8/2022,24,498.65
17/8/2022,1,523.94
17/8/2022,2,483.88
17/8/2022,3,472.13
17/8/2022,4,460.73
17/8/2022,5,467.15
17/8/2022,6,492.65
17/8/2022,7,550.19
17/8/2022,8,597.18
17/8/2022,9,616.33
17/8/2022,10,575.1
17/8/2022,11,549.97
17/8/2022,12,526.89
17/8/2022,13,511.39
17/8/2022,14,495.95
17/8/2022,15,504.4
17/8/2022,16,514.54
17/8/2022,17,541.6
17/8/2022,18,593.3
17/8/2022,19,676.04
17/8/2022,20,747.93
17/8/2022,21,681
17/8/2022,22,629.09
17/8/2022,23,552.03
17/8/2022,24,509.36
18/8/2022,1,523.92
18/8/2022,2,479.9
18/8/2022,3,480
18/8/2022,4,476.49
18/8/2022,5,481.25
18/8/2022,6,503.54
18/8/2022,7,550
18/8/2022,8,598.9
18/8/2022,9,620.83
18/8/2022,10,613.59
18/8/2022,11,610.08
18/8/2022,12,578.28
18/8/2022,13,561.86
18/8/2022,14,562.98
18/8/2022,15,543.32
18/8/2022,16,543.44
18/8/2022,17,586.04
18/8/2022,18,592.88
18/8/2022,19,641.79
18/8/2022,20,657.69
18/8/2022,21,646.92
18/8/2022,22,600.06
18/8/2022,23,562.49
18/8/2022,24,524.93
19/8/2022,1,510.09
19/8/2022,2,467.63
19/8/2022,3,450.1
19/8/2022,4,438.86
19/8/2022,5,439.39
19/8/2022,6,469.62
19/8/2022,7,530.07
19/8/2022,8,571.56
19/8/2022,9,588.25
19/8/2022,10,574.59
19/8/2022,11,565.59
19/8/2022,12,548.41
19/8/2022,13,538.13
19/8/2022,14,493.22
19/8/2022,15,471.6
19/8/2022,16,470.38
19/8/2022,17,490.86
19/8/2022,18,517.42
19/8/2022,19,545.56
19/8/2022,20,568.99
19/8/2022,21,569.4
19/8/2022,22,550
19/8/2022,23,530.58
19/8/2022,24,504.93
20/8/2022,1,512.09
20/8/2022,2,500.05
20/8/2022,3,480.09
20/8/2022,4,460.04
20/8/2022,5,452.61
20/8/2022,6,452.15
20/8/2022,7,471.69
20/8/2022,8,475.03
20/8/2022,9,484.93
20/8/2022,10,480.02
20/8/2022,11,464.5
20/8/2022,12,443.19
20/8/2022,13,434.11
20/8/2022,14,394.74
20/8/2022,15,388.21
20/8/2022,16,377.54
20/8/2022,17,417.53
20/8/2022,18,402.56
20/8/2022,19,475.06
20/8/2022,20,529.91
20/8/2022,21,551.72
20/8/2022,22,540.01
20/8/2022,23,513.36
20/8/2022,24,461.45
21/8/2022,1,430.27
21/8/2022,2,381
21/8/2022,3,374.94
21/8/2022,4,344.27
21/8/2022,5,323
21/8/2022,6,324.07
21/8/2022,7,365.99
21/8/2022,8,348.35
21/8/2022,9,332
21/8/2022,10,317.26
21/8/2022,11,254.52
21/8/2022,12,279.75
21/8/2022,13,278.38
21/8/2022,14,222.95
21/8/2022,15,189.43
21/8/2022,16,236.13
21/8/2022,17,319.77
21/8/2022,18,455
21/8/2022,19,530
21/8/2022,20,592
21/8/2022,21,623.89
21/8/2022,22,609.4
21/8/2022,23,593.98
21/8/2022,24,569.29
22/8/2022,1,504.25
22/8/2022,2,477.42
22/8/2022,3,458.52
22/8/2022,4,443.3
22/8/2022,5,450.02
22/8/2022,6,497.08
22/8/2022,7,561.94
22/8/2022,8,599.9
22/8/2022,9,610
22/8/2022,10,595.59
22/8/2022,11,583.46
22/8/2022,12,567.5
22/8/2022,13,543.07
22/8/2022,14,543.29
22/8/2022,15,558.11
22/8/2022,16,577.2
22/8/2022,17,586.67
22/8/2022,18,613.55
22/8/2022,19,640
22/8/2022,20,676.22
22/8/2022,21,679.97
22/8/2022,22,627.98
22/8/2022,23,588.86
22/8/2022,24,545
23/8/2022,1,550
23/8/2022,2,504.73
23/8/2022,3,507
23/8/2022,4,500.57
23/8/2022,5,503.32
23/8/2022,6,531.02
23/8/2022,7,627.95
23/8/2022,8,668.21
23/8/2022,9,680
23/8/2022,10,640.1
23/8/2022,11,614.01
23/8/2022,12,596.21
23/8/2022,13,584.32
23/8/2022,14,569.05
23/8/2022,15,563.55
23/8/2022,16,576.27
23/8/2022,17,604.43
23/8/2022,18,648.15
23/8/2022,19,713.65
23/8/2022,20,794.95
23/8/2022,21,771
23/8/2022,22,708.83
23/8/2022,23,644
23/8/2022,24,599.99
24/8/2022,1,581.8
24/8/2022,2,550
24/8/2022,3,550.19
24/8/2022,4,535.98
24/8/2022,5,539.01
24/8/2022,6,574.18
24/8/2022,7,648
24/8/2022,8,683.25
24/8/2022,9,694.26
24/8/2022,10,649.92
24/8/2022,11,598.47
24/8/2022,12,586.57
24/8/2022,13,578.96
24/8/2022,14,557.63
24/8/2022,15,557.91
24/8/2022,16,603.65
24/8/2022,17,622.8
24/8/2022,18,672.33
24/8/2022,19,750
24/8/2022,20,850
24/8/2022,21,783.56
24/8/2022,22,726.52
24/8/2022,23,659.37
24/8/2022,24,579.87
25/8/2022,1,537
25/8/2022,2,522.92
25/8/2022,3,520.07
25/8/2022,4,513.06
25/8/2022,5,518.6
25/8/2022,6,530.07
25/8/2022,7,607.28
25/8/2022,8,660.12
25/8/2022,9,690.64
25/8/2022,10,640.43
25/8/2022,11,599.36
25/8/2022,12,583.68
25/8/2022,13,575.73
25/8/2022,14,563.58
25/8/2022,15,580.28
25/8/2022,16,580.17
25/8/2022,17,612.51
25/8/2022,18,686.8
25/8/2022,19,714.23
25/8/2022,20,766.79
25/8/2022,21,760
25/8/2022,22,710
25/8/2022,23,673.4
25/8/2022,24,626.73
26/8/2022,1,607.15
26/8/2022,2,580.07
26/8/2022,3,572.53
26/8/2022,4,571.04
26/8/2022,5,569.21
26/8/2022,6,598.99
26/8/2022,7,750
26/8/2022,8,769.23
26/8/2022,9,803
26/8/2022,10,781.62
26/8/2022,11,763.2
26/8/2022,12,750.03
26/8/2022,13,711.59
26/8/2022,14,698.11
26/8/2022,15,677.09
26/8/2022,16,684.78
26/8/2022,17,693.32
26/8/2022,18,750.09
26/8/2022,19,770
26/8/2022,20,780.78
26/8/2022,21,778.62
26/8/2022,22,770
26/8/2022,23,747.74
26/8/2022,24,700
27/8/2022,1,685.14
27/8/2022,2,644.2
27/8/2022,3,636.8
27/8/2022,4,587.9
27/8/2022,5,563.47
27/8/2022,6,573.1
27/8/2022,7,580.9
27/8/2022,8,636
27/8/2022,9,682.59
27/8/2022,10,685.95
27/8/2022,11,660.75
27/8/2022,12,604.67
27/8/2022,13,601.94
27/8/2022,14,552.29
27/8/2022,15,534.79
27/8/2022,16,532.62
27/8/2022,17,542.49
27/8/2022,18,624.04
27/8/2022,19,700
27/8/2022,20,728.12
27/8/2022,21,715.18
27/8/2022,22,670.36
27/8/2022,23,659.94
27/8/2022,24,577
28/8/2022,1,585.03
28/8/2022,2,491.4
28/8/2022,3,467.7
28/8/2022,4,430
28/8/2022,5,425.97
28/8/2022,6,409.92
28/8/2022,7,427.29
28/8/2022,8,441.91
28/8/2022,9,467.45
28/8/2022,10,437.62
28/8/2022,11,368.5
28/8/2022,12,391.89
28/8/2022,13,311.38
28/8/2022,14,254.88
28/8/2022,15,190.69
28/8/2022,16,392.77
28/8/2022,17,323.18
28/8/2022,18,446.85
28/8/2022,19,598.47
28/8/2022,20,697.43
28/8/2022,21,710.86
28/8/2022,22,650.6
28/8/2022,23,606.7
28/8/2022,24,590.03
29/8/2022,1,590.85
29/8/2022,2,544.14
29/8/2022,3,523.3
29/8/2022,4,524.37
29/8/2022,5,519.74
29/8/2022,6,578.77
29/8/2022,7,705.21
29/8/2022,8,769.92
29/8/2022,9,776.93
29/8/2022,10,680.42
29/8/2022,11,735.74
29/8/2022,12,479.78
29/8/2022,13,586.64
29/8/2022,14,520.38
29/8/2022,15,573.9
29/8/2022,16,688.05
29/8/2022,17,739.82
29/8/2022,18,797.88
29/8/2022,19,795
29/8/2022,20,871
29/8/2022,21,860.89
29/8/2022,22,800
29/8/2022,23,762.57
29/8/2022,24,625.64
30/8/2022,1,617.49
30/8/2022,2,595.07
30/8/2022,3,585.01
30/8/2022,4,584.96
30/8/2022,5,597.91
30/8/2022,6,612.55
30/8/2022,7,763.19
30/8/2022,8,778.06
30/8/2022,9,791.31
30/8/2022,10,763.22
30/8/2022,11,711.66
30/8/2022,12,669.36
30/8/2022,13,678.82
30/8/2022,14,681.48
30/8/2022,15,634.45
30/8/2022,16,679.2
30/8/2022,17,687.94
30/8/2022,18,783.79
30/8/2022,19,826.79
30/8/2022,20,795.37
30/8/2022,21,853.69
30/8/2022,22,647.88
30/8/2022,23,601.48
30/8/2022,24,548.51
31/8/2022,1,551.18
31/8/2022,2,532.52
31/8/2022,3,542.31
31/8/2022,4,501.93
31/8/2022,5,541.83
31/8/2022,6,503.45
31/8/2022,7,649.99
31/8/2022,8,739.3
31/8/2022,9,744.41
31/8/2022,10,587.63
31/8/2022,11,687.63
31/8/2022,12,687.02
31/8/2022,13,654.23
31/8/2022,14,650.18
31/8/2022,15,631.62
31/8/2022,16,632.9
31/8/2022,17,634.1
31/8/2022,18,698.83
31/8/2022,19,732.56
31/8/2022,20,755.88
31/8/2022,21,742.88
31/8/2022,22,691.94
31/8/2022,23,595.05
31/8/2022,24,539.87
1/9/2022,1,499.1
1/9/2022,2,489.33
1/9/2022,3,491.4
1/9/2022,4,484.34
1/9/2022,5,496.31
1/9/2022,6,532.8
1/9/2022,7,646.91
1/9/2022,8,671.75
1/9/2022,9,672.08
1/9/2022,10,619.13
1/9/2022,11,586.36
1/9/2022,12,601.12
1/9/2022,13,593.45
1/9/2022,14,593.65
1/9/2022,15,599.38
1/9/2022,16,619.57
1/9/2022,17,614.9
1/9/2022,18,658.87
1/9/2022,19,693.72
1/9/2022,20,737.08
1/9/2022,21,710.71
1/9/2022,22,644.64
1/9/2022,23,575.71
1/9/2022,24,501.5
2/9/2022,1,456.05
2/9/2022,2,418.74
2/9/2022,3,395.35
2/9/2022,4,362.68
2/9/2022,5,391.73
2/9/2022,6,445.42
2/9/2022,7,532.11
2/9/2022,8,566.1
2/9/2022,9,582.35
2/9/2022,10,524.63
2/9/2022,11,490.9
2/9/2022,12,463.16
2/9/2022,13,380.4
2/9/2022,14,379.77
2/9/2022,15,366.53
2/9/2022,16,423.65
2/9/2022,17,449.64
2/9/2022,18,522.51
2/9/2022,19,551.7
2/9/2022,20,597.51
2/9/2022,21,558.67
2/9/2022,22,400.16
2/9/2022,23,349.98
2/9/2022,24,192.19
3/9/2022,1,265.96
3/9/2022,2,220.86
3/9/2022,3,251.08
3/9/2022,4,250.03
3/9/2022,5,243.03
3/9/2022,6,291.67
3/9/2022,7,275
3/9/2022,8,370.08
3/9/2022,9,400.62
3/9/2022,10,356.52
3/9/2022,11,220.71
3/9/2022,12,163.4
3/9/2022,13,172.55
3/9/2022,14,109.72
3/9/2022,15,72.38
3/9/2022,16,215.82
3/9/2022,17,326.53
3/9/2022,18,410.65
3/9/2022,19,453.63
3/9/2022,20,530
3/9/2022,21,509.45
3/9/2022,22,405.3
3/9/2022,23,375.63
3/9/2022,24,309.93
4/9/2022,1,230.5
4/9/2022,2,213.03
4/9/2022,3,215.72
4/9/2022,4,205.41
4/9/2022,5,221.01
4/9/2022,6,248.63
4/9/2022,7,211.07
4/9/2022,8,226.39
4/9/2022,9,209.95
4/9/2022,10,191.98
4/9/2022,11,184.03
4/9/2022,12,167.15
4/9/2022,13,159.78
4/9/2022,14,135.62
4/9/2022,15,154.81
4/9/2022,16,167.19
4/9/2022,17,249.4
4/9/2022,18,375
4/9/2022,19,455.47
4/9/2022,20,509.93
4/9/2022,21,509.93
4/9/2022,22,445
4/9/2022,23,409.67
4/9/2022,24,334.46
5/9/2022,1,300.18
5/9/2022,2,220
5/9/2022,3,220.07
5/9/2022,4,222.88
5/9/2022,5,239.33
5/9/2022,6,367.52
5/9/2022,7,459.9
5/9/2022,8,506.5
5/9/2022,9,519.93
5/9/2022,10,479.2
5/9/2022,11,435.95
5/9/2022,12,398.33
5/9/2022,13,394.93
5/9/2022,14,360
5/9/2022,15,305.99
5/9/2022,16,386.05
5/9/2022,17,398.96
5/9/2022,18,506.09
5/9/2022,19,568.99
5/9/2022,20,600.63
5/9/2022,21,529.17
5/9/2022,22,443.52
5/9/2022,23,402.51
5/9/2022,24,245.03
6/9/2022,1,288
6/9/2022,2,357.58
6/9/2022,3,339.15
6/9/2022,4,346.85
6/9/2022,5,361.88
6/9/2022,6,410.4
6/9/2022,7,535.26
6/9/2022,8,561.63
6/9/2022,9,566.79
6/9/2022,10,518.43
6/9/2022,11,478.66
6/9/2022,12,429.35
6/9/2022,13,372.09
6/9/2022,14,362.92
6/9/2022,15,404.81
6/9/2022,16,451.37
6/9/2022,17,496.67
6/9/2022,18,550.07
6/9/2022,19,580.04
6/9/2022,20,662.2
6/9/2022,21,609.12
6/9/2022,22,551.34
6/9/2022,23,521.47
6/9/2022,24,510.04
7/9/2022,1,415.26
7/9/2022,2,399.83
7/9/2022,3,413.06
7/9/2022,4,375.01
7/9/2022,5,405.89
7/9/2022,6,416.76
7/9/2022,7,484.68
7/9/2022,8,519.9
7/9/2022,9,524.77
7/9/2022,10,501.14
7/9/2022,11,478.38
7/9/2022,12,455.33
7/9/2022,13,428.83
7/9/2022,14,421.91
7/9/2022,15,425.94
7/9/2022,16,442.62
7/9/2022,17,460.04
7/9/2022,18,524.61
7/9/2022,19,576.46
7/9/2022,20,632.9
7/9/2022,21,599.98
7/9/2022,22,553.49
7/9/2022,23,486.94
7/9/2022,24,439.69
8/9/2022,1,444.08
8/9/2022,2,408.86
8/9/2022,3,401.07
8/9/2022,4,383.85
8/9/2022,5,379.88
8/9/2022,6,404.13
8/9/2022,7,502.35
8/9/2022,8,520
8/9/2022,9,524.06
8/9/2022,10,510.47
8/9/2022,11,485.24
8/9/2022,12,489.58
8/9/2022,13,465.01
8/9/2022,14,428.78
8/9/2022,15,445.4
8/9/2022,16,426.57
8/9/2022,17,428.65
8/9/2022,18,452.27
8/9/2022,19,504.91
8/9/2022,20,535
8/9/2022,21,512.19
8/9/2022,22,501.38
8/9/2022,23,447.24
8/9/2022,24,417.43
9/9/2022,1,300.01
9/9/2022,2,238.2
9/9/2022,3,229.24
9/9/2022,4,215.74
9/9/2022,5,226.87
9/9/2022,6,278.7
9/9/2022,7,407.35
9/9/2022,8,450
9/9/2022,9,455.53
9/9/2022,10,408.75
9/9/2022,11,358.75
9/9/2022,12,346.53
9/9/2022,13,373.54
9/9/2022,14,333.25
9/9/2022,15,331.65
9/9/2022,16,349.38
9/9/2022,17,409.49
9/9/2022,18,409.65
9/9/2022,19,446.4
9/9/2022,20,480.55
9/9/2022,21,465
9/9/2022,22,419.95
9/9/2022,23,398.29
9/9/2022,24,375.44
10/9/2022,1,400.85
10/9/2022,2,359.09
10/9/2022,3,352.09
10/9/2022,4,348.07
10/9/2022,5,348.09
10/9/2022,6,356.04
10/9/2022,7,381.3
10/9/2022,8,411.07
10/9/2022,9,427.72
10/9/2022,10,429.18
10/9/2022,11,419.9
10/9/2022,12,418.36
10/9/2022,13,399.98
10/9/2022,14,355
10/9/2022,15,348.99
10/9/2022,16,353.39
10/9/2022,17,371.98
10/9/2022,18,436.24
10/9/2022,19,469.52
10/9/2022,20,491.86
10/9/2022,21,483.98
10/9/2022,22,459.95
10/9/2022,23,443.97
10/9/2022,24,437.01
11/9/2022,1,421.45
11/9/2022,2,385.07
11/9/2022,3,385.06
11/9/2022,4,369.22
11/9/2022,5,358.54
11/9/2022,6,369.02
11/9/2022,7,379.02
11/9/2022,8,385.01
11/9/2022,9,402.13
11/9/2022,10,402.13
11/9/2022,11,388.5
11/9/2022,12,380.04
11/9/2022,13,360
11/9/2022,14,295
11/9/2022,15,251.8
11/9/2022,16,297
11/9/2022,17,343.1
11/9/2022,18,404.32
11/9/2022,19,459.99
11/9/2022,20,505.94
11/9/2022,21,517.2
11/9/2022,22,484.94
11/9/2022,23,452.86
11/9/2022,24,400
12/9/2022,1,347.09
12/9/2022,2,345.33
12/9/2022,3,344.92
12/9/2022,4,349.9
12/9/2022,5,353.39
12/9/2022,6,389.05
12/9/2022,7,465.72
12/9/2022,8,502.65
12/9/2022,9,501.09
12/9/2022,10,466.69
12/9/2022,11,407.24
12/9/2022,12,407.45
12/9/2022,13,396.55
12/9/2022,14,384.34
12/9/2022,15,401
12/9/2022,16,399.2
12/9/2022,17,426.08
12/9/2022,18,471.71
12/9/2022,19,515
12/9/2022,20,591.87
12/9/2022,21,519.26
12/9/2022,22,451.37
12/9/2022,23,371.35
12/9/2022,24,362.07
13/9/2022,1,345.06
13/9/2022,2,326.02
13/9/2022,3,345.99
13/9/2022,4,325.49
13/9/2022,5,345.31
13/9/2022,6,369.31
13/9/2022,7,431.57
13/9/2022,8,496.05
13/9/2022,9,525.53
13/9/2022,10,468.29
13/9/2022,11,435.02
13/9/2022,12,429.69
13/9/2022,13,360.1
13/9/2022,14,358.75
13/9/2022,15,372.34
13/9/2022,16,412.8
13/9/2022,17,457.28
13/9/2022,18,545.14
13/9/2022,19,519.79
13/9/2022,20,588.12
13/9/2022,21,521.15
13/9/2022,22,459.13
13/9/2022,23,434.66
13/9/2022,24,397.46
14/9/2022,1,345.08
14/9/2022,2,356.29
14/9/2022,3,344.47
14/9/2022,4,335.64
14/9/2022,5,347.77
14/9/2022,6,377.21
14/9/2022,7,464.8
14/9/2022,8,505.72
14/9/2022,9,567.62
14/9/2022,10,540
14/9/2022,11,505.54
14/9/2022,12,502.87
14/9/2022,13,484.83
14/9/2022,14,454.9
14/9/2022,15,443.03
14/9/2022,16,454.08
14/9/2022,17,485.67
14/9/2022,18,502.66
14/9/2022,19,550.64
14/9/2022,20,630
14/9/2022,21,540
14/9/2022,22,460.34
14/9/2022,23,421.67
14/9/2022,24,349.5
15/9/2022,1,391.63
15/9/2022,2,338.77
15/9/2022,3,317.25
15/9/2022,4,301.87
15/9/2022,5,286.26
15/9/2022,6,347.57
15/9/2022,7,450
15/9/2022,8,468.47
15/9/2022,9,500.1
15/9/2022,10,469.47
15/9/2022,11,425.26
15/9/2022,12,386.72
15/9/2022,13,338.07
15/9/2022,14,290.84
15/9/2022,15,337.82
15/9/2022,16,334.82
15/9/2022,17,346.52
15/9/2022,18,407.91
15/9/2022,19,457.8
15/9/2022,20,490.65
15/9/2022,21,460.03
15/9/2022,22,420.89
15/9/2022,23,357.71
15/9/2022,24,202.51
16/9/2022,1,239.93
16/9/2022,2,164.62
16/9/2022,3,141.81
16/9/2022,4,141.81
16/9/2022,5,145.28
16/9/2022,6,261.22
16/9/2022,7,355
16/9/2022,8,449.24
16/9/2022,9,458.18
16/9/2022,10,380.48
16/9/2022,11,310
16/9/2022,12,195.46
16/9/2022,13,140
16/9/2022,14,142.71
16/9/2022,15,160.23
16/9/2022,16,149.74
16/9/2022,17,154.9
16/9/2022,18,317.5
16/9/2022,19,415.2
16/9/2022,20,450.1
16/9/2022,21,419.87
16/9/2022,22,390
16/9/2022,23,183.87
16/9/2022,24,142.71
17/9/2022,1,131.29
17/9/2022,2,125.37
17/9/2022,3,119.58
17/9/2022,4,111.54
17/9/2022,5,125.37
17/9/2022,6,125.25
17/9/2022,7,121.69
17/9/2022,8,158.66
17/9/2022,9,184
17/9/2022,10,210
17/9/2022,11,216.83
17/9/2022,12,211.71
17/9/2022,13,138.05
17/9/2022,14,97.26
17/9/2022,15,114.87
17/9/2022,16,132.77
17/9/2022,17,200
17/9/2022,18,156.23
17/9/2022,19,239.61
17/9/2022,20,287.14
17/9/2022,21,186.21
17/9/2022,22,137.52
17/9/2022,23,118.6
17/9/2022,24,88.66
18/9/2022,1,87.86
18/9/2022,2,59.13
18/9/2022,3,46.98
18/9/2022,4,50.23
18/9/2022,5,12.73
18/9/2022,6,51.22
18/9/2022,7,60.97
18/9/2022,8,60.05
18/9/2022,9,104.28
18/9/2022,10,110.55
18/9/2022,11,99.52
18/9/2022,12,87.35
18/9/2022,13,79.82
18/9/2022,14,32.75
18/9/2022,15,16.65
18/9/2022,16,40.96
18/9/2022,17,71.77
18/9/2022,18,108.35
18/9/2022,19,205.39
18/9/2022,20,245.57
18/9/2022,21,219.2
18/9/2022,22,210.31
18/9/2022,23,183.88
18/9/2022,24,111.2
19/9/2022,1,106.03
19/9/2022,2,91.59
19/9/2022,3,95.74
19/9/2022,4,89
19/9/2022,5,110.56
19/9/2022,6,179.77
19/9/2022,7,363.36
19/9/2022,8,409.32
19/9/2022,9,415.38
19/9/2022,10,356.53
19/9/2022,11,326.27
19/9/2022,12,230.73
19/9/2022,13,189.72
19/9/2022,14,149.2
19/9/2022,15,170.67
19/9/2022,16,234.19
19/9/2022,17,297.36
19/9/2022,18,350
19/9/2022,19,407.43
19/9/2022,20,442.05
19/9/2022,21,420.05
19/9/2022,22,375
19/9/2022,23,342.68
19/9/2022,24,296.69
20/9/2022,1,261.77
20/9/2022,2,260.1
20/9/2022,3,275.39
20/9/2022,4,262.47
20/9/2022,5,260.1
20/9/2022,6,278.3
20/9/2022,7,375
20/9/2022,8,433
20/9/2022,9,443.56
20/9/2022,10,408.06
20/9/2022,11,366.77
20/9/2022,12,347.7
20/9/2022,13,321.81
20/9/2022,14,311.28
20/9/2022,15,312.62
20/9/2022,16,328.04
20/9/2022,17,364.38
20/9/2022,18,420
20/9/2022,19,469.05
20/9/2022,20,583.64
20/9/2022,21,514.66
20/9/2022,22,429.9
20/9/2022,23,388.2
20/9/2022,24,354.39
21/9/2022,1,310.3
21/9/2022,2,299.58
21/9/2022,3,299.54
21/9/2022,4,299.58
21/9/2022,5,297.28
21/9/2022,6,340.13
21/9/2022,7,425
21/9/2022,8,534.75
21/9/2022,9,526.56
21/9/2022,10,425.57
21/9/2022,11,360.04
21/9/2022,12,349.12
21/9/2022,13,304.52
21/9/2022,14,307.79
21/9/2022,15,310.33
21/9/2022,16,333.9
21/9/2022,17,366.4
21/9/2022,18,409.01
21/9/2022,19,470
21/9/2022,20,574.51
21/9/2022,21,490.53
21/9/2022,22,403.66
21/9/2022,23,370
21/9/2022,24,349.39
22/9/2022,1,373.07
22/9/2022,2,339.41
22/9/2022,3,330.08
22/9/2022,4,310.94
22/9/2022,5,322.2
22/9/2022,6,360
22/9/2022,7,435.1
22/9/2022,8,536.03
22/9/2022,9,498.16
22/9/2022,10,385.97
22/9/2022,11,328.64
22/9/2022,12,297.81
22/9/2022,13,335.22
22/9/2022,14,328.55
22/9/2022,15,323.43
22/9/2022,16,350.3
22/9/2022,17,382.92
22/9/2022,18,437.74
22/9/2022,19,493.52
22/9/2022,20,600
22/9/2022,21,510
22/9/2022,22,418.38
22/9/2022,23,396.34
22/9/2022,24,378.69
23/9/2022,1,352.56
23/9/2022,2,320.42
23/9/2022,3,312.58
23/9/2022,4,300.48
23/9/2022,5,303.12
23/9/2022,6,324.57
23/9/2022,7,410.66
23/9/2022,8,463.2
23/9/2022,9,440.58
23/9/2022,10,373.76
23/9/2022,11,349.89
23/9/2022,12,338.79
23/9/2022,13,316.53
23/9/2022,14,329.82
23/9/2022,15,321.65
23/9/2022,16,329.78
23/9/2022,17,387.01
23/9/2022,18,422.09
23/9/2022,19,460.13
23/9/2022,20,458.54
23/9/2022,21,420.69
23/9/2022,22,395.51
23/9/2022,23,379.01
23/9/2022,24,367.36
24/9/2022,1,377.94
24/9/2022,2,344.12
24/9/2022,3,312.03
24/9/2022,4,307.23
24/9/2022,5,306.29
24/9/2022,6,312.74
24/9/2022,7,341.82
24/9/2022,8,373.08
24/9/2022,9,373.61
24/9/2022,10,375.15
24/9/2022,11,369.93
24/9/2022,12,363.49
24/9/2022,13,331
24/9/2022,14,298.29
24/9/2022,15,299
24/9/2022,16,317.11
24/9/2022,17,357
24/9/2022,18,374.35
24/9/2022,19,389.09
24/9/2022,20,407.47
24/9/2022,21,400.03
24/9/2022,22,369.2
24/9/2022,23,362.73
24/9/2022,24,314.97
25/9/2022,1,268.66
25/9/2022,2,230
25/9/2022,3,215.24
25/9/2022,4,215.16
25/9/2022,5,194.4
25/9/2022,6,197.6
25/9/2022,7,228.14
25/9/2022,8,239.9
25/9/2022,9,278.74
25/9/2022,10,291.6
25/9/2022,11,271.97
25/9/2022,12,277
25/9/2022,13,271.58
25/9/2022,14,238.34
25/9/2022,15,211.34
25/9/2022,16,218.59
25/9/2022,17,268.62
25/9/2022,18,333.19
25/9/2022,19,380.09
25/9/2022,20,411.77
25/9/2022,21,393.92
25/9/2022,22,369.97
25/9/2022,23,348.17
25/9/2022,24,294.43
26/9/2022,1,248.77
26/9/2022,2,179.85
26/9/2022,3,157.45
26/9/2022,4,136.26
26/9/2022,5,137.71
26/9/2022,6,191.12
26/9/2022,7,352.4
26/9/2022,8,432.07
26/9/2022,9,430.48
26/9/2022,10,381.48
26/9/2022,11,364.36
26/9/2022,12,313
26/9/2022,13,292.39
26/9/2022,14,268.66
26/9/2022,15,285.5
26/9/2022,16,288.5
26/9/2022,17,255.66
26/9/2022,18,326.4
26/9/2022,19,394.89
26/9/2022,20,449.69
26/9/2022,21,396.58
26/9/2022,22,329.7
26/9/2022,23,310
26/9/2022,24,263.91
27/9/2022,1,190.95
27/9/2022,2,180.24
27/9/2022,3,169.8
27/9/2022,4,151.3
27/9/2022,5,167.35
27/9/2022,6,222.9
27/9/2022,7,366.69
27/9/2022,8,431.97
27/9/2022,9,451.06
27/9/2022,10,437.92
27/9/2022,11,389.58
27/9/2022,12,370.57
27/9/2022,13,311.59
27/9/2022,14,300
27/9/2022,15,295.42
27/9/2022,16,295.55
27/9/2022,17,317.1
27/9/2022,18,367.03
27/9/2022,19,393.71
27/9/2022,20,415.67
27/9/2022,21,393
27/9/2022,22,351.43
27/9/2022,23,333.69
27/9/2022,24,319.71
28/9/2022,1,306.42
28/9/2022,2,275.78
28/9/2022,3,245.94
28/9/2022,4,242.98
28/9/2022,5,273.77
28/9/2022,6,307.13
28/9/2022,7,383.17
28/9/2022,8,472.63
28/9/2022,9,500.38
28/9/2022,10,429.14
28/9/2022,11,409.8
28/9/2022,12,394.11
28/9/2022,13,361.37
28/9/2022,14,352.86
28/9/2022,15,339.01
28/9/2022,16,359.2
28/9/2022,17,384.98
28/9/2022,18,435.59
28/9/2022,19,510.68
28/9/2022,20,640.42
28/9/2022,21,510
28/9/2022,22,419.99
28/9/2022,23,372.61
28/9/2022,24,361.8
29/9/2022,1,351.45
29/9/2022,2,336.51
29/9/2022,3,326.14
29/9/2022,4,315.19
29/9/2022,5,320
29/9/2022,6,345.53
29/9/2022,7,440.07
29/9/2022,8,569.93
29/9/2022,9,582.99
29/9/2022,10,490.24
29/9/2022,11,457.72
29/9/2022,12,395.21
29/9/2022,13,407.8
29/9/2022,14,340.88
29/9/2022,15,345.08
29/9/2022,16,377.46
29/9/2022,17,394.76
29/9/2022,18,445.01
29/9/2022,19,523.19
29/9/2022,20,605
29/9/2022,21,520
29/9/2022,22,424.99
29/9/2022,23,397.03
29/9/2022,24,374.46
30/9/2022,1,349.44
30/9/2022,2,336.1
30/9/2022,3,325.03
30/9/2022,4,322.42
30/9/2022,5,324.8
30/9/2022,6,348.44
30/9/2022,7,429.99
30/9/2022,8,524
30/9/2022,9,542.16
30/9/2022,10,448.1
30/9/2022,11,382.58
30/9/2022,12,344.99
30/9/2022,13,298.27
30/9/2022,14,297.35
30/9/2022,15,294.18
30/9/2022,16,317.42
30/9/2022,17,324.64
30/9/2022,18,379.89
30/9/2022,19,421.14
30/9/2022,20,438.65
30/9/2022,21,371.93
30/9/2022,22,271.9
30/9/2022,23,232.68
30/9/2022,24,175.72
1/10/2022,1,133.31
1/10/2022,2,114.63
1/10/2022,3,108.37
1/10/2022,4,88.34
1/10/2022,5,103.59
1/10/2022,6,106.86
1/10/2022,7,176.63
1/10/2022,8,83.89
1/10/2022,9,147.49
1/10/2022,10,105.28
1/10/2022,11,133.81
1/10/2022,12,137.84
1/10/2022,13,155.71
1/10/2022,14,125.72
1/10/2022,15,100.58
1/10/2022,16,121.14
1/10/2022,17,159.84
1/10/2022,18,175.61
1/10/2022,19,219.94
1/10/2022,20,242.21
1/10/2022,21,201.83
1/10/2022,22,173.6
1/10/2022,23,145.49
1/10/2022,24,91.66
2/10/2022,1,64.54
2/10/2022,2,70.35
2/10/2022,3,63.05
2/10/2022,4,65.21
2/10/2022,5,62.31
2/10/2022,6,63.81
2/10/2022,7,66.13
2/10/2022,8,70.62
2/10/2022,9,99.18
2/10/2022,10,97.57
2/10/2022,11,79.11
2/10/2022,12,80.35
2/10/2022,13,65.13
2/10/2022,14,60.36
2/10/2022,15,56.02
2/10/2022,16,66.51
2/10/2022,17,97.94
2/10/2022,18,193.69
2/10/2022,19,330.58
2/10/2022,20,382.63
2/10/2022,21,309.45
2/10/2022,22,238.93
2/10/2022,23,173.54
2/10/2022,24,159.07
3/10/2022,1,89.62
3/10/2022,2,100.99
3/10/2022,3,92.63
3/10/2022,4,91.92
3/10/2022,5,102.44
3/10/2022,6,132.4
3/10/2022,7,291.01
3/10/2022,8,346.68
3/10/2022,9,349.46
3/10/2022,10,279.78
3/10/2022,11,198.03
3/10/2022,12,143.72
3/10/2022,13,127.72
3/10/2022,14,134.07
3/10/2022,15,113.16
3/10/2022,16,179.35
3/10/2022,17,213.51
3/10/2022,18,323.35
3/10/2022,19,391.11
3/10/2022,20,461.66
3/10/2022,21,379.85
3/10/2022,22,321.3
3/10/2022,23,318.42
3/10/2022,24,280
4/10/2022,1,200.19
4/10/2022,2,178.46
4/10/2022,3,163.14
4/10/2022,4,169.1
4/10/2022,5,187.69
4/10/2022,6,196.92
4/10/2022,7,329.97
4/10/2022,8,427.5
4/10/2022,9,497.39
4/10/2022,10,326.47
4/10/2022,11,266.62
4/10/2022,12,223.84
4/10/2022,13,211.97
4/10/2022,14,172.86
4/10/2022,15,208.61
4/10/2022,16,242.81
4/10/2022,17,228.35
4/10/2022,18,298.75
4/10/2022,19,342.55
4/10/2022,20,427.39
4/10/2022,21,297.44
4/10/2022,22,232.17
4/10/2022,23,120
4/10/2022,24,22.8
5/10/2022,1,84.5
5/10/2022,2,77.78
5/10/2022,3,84.2
5/10/2022,4,82.73
5/10/2022,5,84.69
5/10/2022,6,130.84
5/10/2022,7,230.41
5/10/2022,8,294.16
5/10/2022,9,305.69
5/10/2022,10,251.3
5/10/2022,11,184.83
5/10/2022,12,139.7
5/10/2022,13,114
5/10/2022,14,101.54
5/10/2022,15,130.66
5/10/2022,16,133.71
5/10/2022,17,165.63
5/10/2022,18,189.49
5/10/2022,19,297.75
5/10/2022,20,390.93
5/10/2022,21,309.05
5/10/2022,22,179.55
5/10/2022,23,129.97
5/10/2022,24,108.57
6/10/2022,1,73.74
6/10/2022,2,98.09
6/10/2022,3,86.04
6/10/2022,4,56.4
6/10/2022,5,100.39
6/10/2022,6,112.24
6/10/2022,7,226.75
6/10/2022,8,222.34
6/10/2022,9,210.41
6/10/2022,10,182.49
6/10/2022,11,126.96
6/10/2022,12,77.35
6/10/2022,13,77.39
6/10/2022,14,98.09
6/10/2022,15,104.18
6/10/2022,16,178.51
6/10/2022,17,207.6
6/10/2022,18,232.53
6/10/2022,19,317.35
6/10/2022,20,400.36
6/10/2022,21,280
6/10/2022,22,217.52
6/10/2022,23,149
6/10/2022,24,156.74
7/10/2022,1,178.77
7/10/2022,2,143.43
7/10/2022,3,148.15
7/10/2022,4,144.49
7/10/2022,5,151
7/10/2022,6,165.69
7/10/2022,7,214.1
7/10/2022,8,309.05
7/10/2022,9,246.51
7/10/2022,10,205.8
7/10/2022,11,186.81
7/10/2022,12,145.28
7/10/2022,13,120.82
7/10/2022,14,88.21
7/10/2022,15,86.52
7/10/2022,16,114
7/10/2022,17,170.88
7/10/2022,18,205.58
7/10/2022,19,224.11
7/10/2022,20,256.66
7/10/2022,21,229.61
7/10/2022,22,175.73
7/10/2022,23,167.05
7/10/2022,24,119.32
8/10/2022,1,131.91
8/10/2022,2,122.1
8/10/2022,3,124.56
8/10/2022,4,128.62
8/10/2022,5,126.4
8/10/2022,6,134.97
8/10/2022,7,104.4
8/10/2022,8,134.61
8/10/2022,9,151.26
8/10/2022,10,188.52
8/10/2022,11,168.71
8/10/2022,12,127.36
8/10/2022,13,111.83
8/10/2022,14,116.16
8/10/2022,15,125.34
8/10/2022,16,143.71
8/10/2022,17,128.62
8/10/2022,18,210.4
8/10/2022,19,263.05
8/10/2022,20,288.42
8/10/2022,21,242.4
8/10/2022,22,230.99
8/10/2022,23,192.36
8/10/2022,24,186.62
9/10/2022,1,216.13
9/10/2022,2,195.02
9/10/2022,3,189.54
9/10/2022,4,162.1
9/10/2022,5,141.95
9/10/2022,6,147.12
9/10/2022,7,153
9/10/2022,8,195.68
9/10/2022,9,196.7
9/10/2022,10,150.85
9/10/2022,11,116
9/10/2022,12,95.01
9/10/2022,13,136.6
9/10/2022,14,87.36
9/10/2022,15,82.72
9/10/2022,16,92.04
9/10/2022,17,140.68
9/10/2022,18,180.44
9/10/2022,19,198.84
9/10/2022,20,269.63
9/10/2022,21,206.03
9/10/2022,22,125.07
9/10/2022,23,98.83
9/10/2022,24,74.11
10/10/2022,1,78.57
10/10/2022,2,77.21
10/10/2022,3,83.23
10/10/2022,4,77.21
10/10/2022,5,78.86
10/10/2022,6,141.4
10/10/2022,7,230.96
10/10/2022,8,227.26
10/10/2022,9,269.64
10/10/2022,10,185.21
10/10/2022,11,159.46
10/10/2022,12,152.8
10/10/2022,13,145.25
10/10/2022,14,172.46
10/10/2022,15,195.14
10/10/2022,16,205.03
10/10/2022,17,213.93
10/10/2022,18,248.12
10/10/2022,19,268.72
10/10/2022,20,308.72
10/10/2022,21,230
10/10/2022,22,194.36
10/10/2022,23,173.54
10/10/2022,24,159.34
11/10/2022,1,186.01
11/10/2022,2,174.3
11/10/2022,3,174.3
11/10/2022,4,171.54
11/10/2022,5,173.62
11/10/2022,6,189.12
11/10/2022,7,282.58
11/10/2022,8,263.84
11/10/2022,9,345.64
11/10/2022,10,297.93
11/10/2022,11,253.55
11/10/2022,12,240.4
11/10/2022,13,211.76
11/10/2022,14,212.61
11/10/2022,15,208.45
11/10/2022,16,230.25
11/10/2022,17,259.53
11/10/2022,18,323.9
11/10/2022,19,440
11/10/2022,20,482.06
11/10/2022,21,315
11/10/2022,22,295.02
11/10/2022,23,262.03
11/10/2022,24,258.54
12/10/2022,1,236.57
12/10/2022,2,222.21
12/10/2022,3,207.95
12/10/2022,4,198.99
12/10/2022,5,219.9
12/10/2022,6,240.37
12/10/2022,7,307.03
12/10/2022,8,479.08
12/10/2022,9,477.08
12/10/2022,10,330
12/10/2022,11,283.71
12/10/2022,12,249.24
12/10/2022,13,218.14
12/10/2022,14,220.87
12/10/2022,15,219
12/10/2022,16,223.92
12/10/2022,17,254.49
12/10/2022,18,295.09
12/10/2022,19,378.4
12/10/2022,20,479.97
12/10/2022,21,323.73
12/10/2022,22,273.02
12/10/2022,23,243.63
12/10/2022,24,228.57
13/10/2022,1,218.66
13/10/2022,2,210
13/10/2022,3,193.8
13/10/2022,4,182.96
13/10/2022,5,195.02
13/10/2022,6,218.46
13/10/2022,7,259.36
13/10/2022,8,271.49
13/10/2022,9,332.41
13/10/2022,10,301.56
13/10/2022,11,271.49
13/10/2022,12,277.7
13/10/2022,13,262.7
13/10/2022,14,254.99
13/10/2022,15,255
13/10/2022,16,263.58
13/10/2022,17,266.65
13/10/2022,18,277.61
13/10/2022,19,319.24
13/10/2022,20,343.77
13/10/2022,21,290.1
13/10/2022,22,248.65
13/10/2022,23,226.8
13/10/2022,24,179.7
14/10/2022,1,231.32
14/10/2022,2,219.6
14/10/2022,3,212.12
14/10/2022,4,211.62
14/10/2022,5,218.92
14/10/2022,6,229.49
14/10/2022,7,283.83
14/10/2022,8,350
14/10/2022,9,355
14/10/2022,10,327.39
14/10/2022,11,297.26
14/10/2022,12,247.54
14/10/2022,13,262.01
14/10/2022,14,238.37
14/10/2022,15,221.42
14/10/2022,16,242.69
14/10/2022,17,258.6
14/10/2022,18,274
14/10/2022,19,290
14/10/2022,20,303.43
14/10/2022,21,266.99
14/10/2022,22,217.94
14/10/2022,23,220.03
14/10/2022,24,193
15/10/2022,1,191.76
15/10/2022,2,174
15/10/2022,3,163.8
15/10/2022,4,144.74
15/10/2022,5,139.9
15/10/2022,6,133.36
15/10/2022,7,147.49
15/10/2022,8,153.06
15/10/2022,9,189.3
15/10/2022,10,199.33
15/10/2022,11,185.09
15/10/2022,12,160
15/10/2022,13,144.91
15/10/2022,14,136.57
15/10/2022,15,125.44
15/10/2022,16,137.91
15/10/2022,17,152.44
15/10/2022,18,135.78
15/10/2022,19,220
15/10/2022,20,217.84
15/10/2022,21,189.45
15/10/2022,22,156.02
15/10/2022,23,145.64
15/10/2022,24,134.76
16/10/2022,1,90.33
16/10/2022,2,77.12
16/10/2022,3,83.58
16/10/2022,4,73.28
16/10/2022,5,81.02
16/10/2022,6,91.58
16/10/2022,7,85.82
16/10/2022,8,34.84
16/10/2022,9,80.4
16/10/2022,10,98.94
16/10/2022,11,88.47
16/10/2022,12,84.17
16/10/2022,13,63.63
16/10/2022,14,46.92
16/10/2022,15,45.61
16/10/2022,16,73.6
16/10/2022,17,96.62
16/10/2022,18,167.78
16/10/2022,19,168.58
16/10/2022,20,200
16/10/2022,21,167.19
16/10/2022,22,144.96
16/10/2022,23,140.04
16/10/2022,24,134.55
17/10/2022,1,128.31
17/10/2022,2,114.41
17/10/2022,3,105.65
17/10/2022,4,89.64
17/10/2022,5,94.02
17/10/2022,6,124.68
17/10/2022,7,165.02
17/10/2022,8,232.37
17/10/2022,9,262.49
17/10/2022,10,202.23
17/10/2022,11,132.79
17/10/2022,12,122.81
17/10/2022,13,106.34
17/10/2022,14,125.69
17/10/2022,15,131.6
17/10/2022,16,152.22
17/10/2022,17,184.31
17/10/2022,18,234.95
17/10/2022,19,277.19
17/10/2022,20,266.48
17/10/2022,21,249.49
17/10/2022,22,198.62
17/10/2022,23,163.35
17/10/2022,24,145.29
18/10/2022,1,141.64
18/10/2022,2,135.71
18/10/2022,3,140.35
18/10/2022,4,139.95
18/10/2022,5,150.54
18/10/2022,6,154.85
18/10/2022,7,207.72
18/10/2022,8,272.55
18/10/2022,9,286.73
18/10/2022,10,245.8
18/10/2022,11,202.56
18/10/2022,12,180.56
18/10/2022,13,167.39
18/10/2022,14,153.92
18/10/2022,15,154.82
18/10/2022,16,170.24
18/10/2022,17,203.98
18/10/2022,18,230.8
18/10/2022,19,264.24
18/10/2022,20,276.12
18/10/2022,21,225
18/10/2022,22,176.92
18/10/2022,23,163.24
18/10/2022,24,154.14
19/10/2022,1,134.34
19/10/2022,2,125.18
19/10/2022,3,121.42
19/10/2022,4,125.18
19/10/2022,5,133.39
19/10/2022,6,148.76
19/10/2022,7,169.93
19/10/2022,8,239.81
19/10/2022,9,247.74
19/10/2022,10,211.59
19/10/2022,11,182.47
19/10/2022,12,172.73
19/10/2022,13,152.41
19/10/2022,14,146.73
19/10/2022,15,142.91
19/10/2022,16,156.26
19/10/2022,17,169.84
19/10/2022,18,197.44
19/10/2022,19,240.55
19/10/2022,20,235.33
19/10/2022,21,192.01
19/10/2022,22,156.27
19/10/2022,23,152.72
19/10/2022,24,135.47
20/10/2022,1,128.37
20/10/2022,2,116.03
20/10/2022,3,86.78
20/10/2022,4,100.93
20/10/2022,5,104.96
20/10/2022,6,136.26
20/10/2022,7,190.82
20/10/2022,8,210
20/10/2022,9,214.91
20/10/2022,10,167.65
20/10/2022,11,169.83
20/10/2022,12,157.98
20/10/2022,13,156.43
20/10/2022,14,147.67
20/10/2022,15,146.5
20/10/2022,16,168.9
20/10/2022,17,178.33
20/10/2022,18,229.84
20/10/2022,19,227.48
20/10/2022,20,237.83
20/10/2022,21,199.98
20/10/2022,22,174.74
20/10/2022,23,166.27
20/10/2022,24,149.33
21/10/2022,1,132.61
21/10/2022,2,118.62
21/10/2022,3,113.36
21/10/2022,4,111.01
21/10/2022,5,114.08
21/10/2022,6,133.24
21/10/2022,7,170.18
21/10/2022,8,232.38
21/10/2022,9,239.46
21/10/2022,10,221.29
21/10/2022,11,186.24
21/10/2022,12,179.28
21/10/2022,13,174.91
21/10/2022,14,166.59
21/10/2022,15,178.22
21/10/2022,16,188.38
21/10/2022,17,216.65
21/10/2022,18,220.38
21/10/2022,19,229.9
21/10/2022,20,230.94
21/10/2022,21,200.91
21/10/2022,22,178.38
21/10/2022,23,164.21
21/10/2022,24,144.39
22/10/2022,1,146.16
22/10/2022,2,134.74
22/10/2022,3,128.69
22/10/2022,4,132.08
22/10/2022,5,131.99
22/10/2022,6,134.19
22/10/2022,7,134.17
22/10/2022,8,145.61
22/10/2022,9,154.53
22/10/2022,10,156.7
22/10/2022,11,156.39
22/10/2022,12,150.16
22/10/2022,13,144.52
22/10/2022,14,137.01
22/10/2022,15,130.58
22/10/2022,16,130.32
22/10/2022,17,142.89
22/10/2022,18,167.82
22/10/2022,19,181.99
22/10/2022,20,184.37
22/10/2022,21,168.33
22/10/2022,22,143
22/10/2022,23,137.01
22/10/2022,24,132.42
23/10/2022,1,110.66
23/10/2022,2,99.15
23/10/2022,3,93.54
23/10/2022,4,90
23/10/2022,5,91.73
23/10/2022,6,88.56
23/10/2022,7,102.81
23/10/2022,8,109.56
23/10/2022,9,121.19
23/10/2022,10,114.81
23/10/2022,11,96
23/10/2022,12,93.29
23/10/2022,13,83.77
23/10/2022,14,76.17
23/10/2022,15,78.31
23/10/2022,16,88.64
23/10/2022,17,102.37
23/10/2022,18,120.76
23/10/2022,19,132.61
23/10/2022,20,134.88
23/10/2022,21,120.47
23/10/2022,22,107.49
23/10/2022,23,100.97
23/10/2022,24,86.11
24/10/2022,1,73.62
24/10/2022,2,81.97
24/10/2022,3,64.87
24/10/2022,4,64.87
24/10/2022,5,73.38
24/10/2022,6,85.97
24/10/2022,7,145
24/10/2022,8,188.09
24/10/2022,9,180
24/10/2022,10,154.01
24/10/2022,11,135.42
24/10/2022,12,122.77
24/10/2022,13,119.56
24/10/2022,14,110.53
24/10/2022,15,114.07
24/10/2022,16,125.08
24/10/2022,17,176.94
24/10/2022,18,189.42
24/10/2022,19,212.62
24/10/2022,20,209.74
24/10/2022,21,167.24
24/10/2022,22,142.66
24/10/2022,23,124.41
24/10/2022,24,109.79
25/10/2022,1,109.06
25/10/2022,2,98.25
25/10/2022,3,87.12
25/10/2022,4,79.22
25/10/2022,5,87.62
25/10/2022,6,100.71
25/10/2022,7,130.51
25/10/2022,8,178.1
25/10/2022,9,180.16
25/10/2022,10,151
25/10/2022,11,138.14
25/10/2022,12,130.43
25/10/2022,13,127.56
25/10/2022,14,111.36
25/10/2022,15,104.08
25/10/2022,16,113.69
25/10/2022,17,131.21
25/10/2022,18,174.14
25/10/2022,19,195.52
25/10/2022,20,201.62
25/10/2022,21,160.44
25/10/2022,22,134.69
25/10/2022,23,124.61
25/10/2022,24,112.33
26/10/2022,1,98.12
26/10/2022,2,91.75
26/10/2022,3,88.61
26/10/2022,4,90.83
26/10/2022,5,98.41
26/10/2022,6,113.84
26/10/2022,7,149.38
26/10/2022,8,155
26/10/2022,9,176.1
26/10/2022,10,154.52
26/10/2022,11,134.6
26/10/2022,12,130.75
26/10/2022,13,125.38
26/10/2022,14,114.57
26/10/2022,15,117.43
26/10/2022,16,133.6
26/10/2022,17,145.67
26/10/2022,18,156.1
26/10/2022,19,207.48
26/10/2022,20,205.5
26/10/2022,21,171.72
26/10/2022,22,168.91
26/10/2022,23,115.41
26/10/2022,24,103.27
27/10/2022,1,115.02
27/10/2022,2,103.99
27/10/2022,3,101
27/10/2022,4,101.67
27/10/2022,5,105.24
27/10/2022,6,133.12
27/10/2022,7,156.21
27/10/2022,8,211.3
27/10/2022,9,211.26
27/10/2022,10,164.94
27/10/2022,11,137.61
27/10/2022,12,128.02
27/10/2022,13,120.26
27/10/2022,14,114.13
27/10/2022,15,119.25
27/10/2022,16,133.11
27/10/2022,17,147.91
27/10/2022,18,173.27
27/10/2022,19,203.35
27/10/2022,20,166.67
27/10/2022,21,150.3
27/10/2022,22,137.32
27/10/2022,23,135.94
27/10/2022,24,109.11
28/10/2022,1,100.01
28/10/2022,2,101.82
28/10/2022,3,94.42
28/10/2022,4,89.17
28/10/2022,5,97.26
28/10/2022,6,108.12
28/10/2022,7,124.6
28/10/2022,8,137.56
28/10/2022,9,148.83
28/10/2022,10,137.21
28/10/2022,11,132.05
28/10/2022,12,123.08
28/10/2022,13,113.87
28/10/2022,14,104.64
28/10/2022,15,111.11
28/10/2022,16,120.01
28/10/2022,17,126.01
28/10/2022,18,133.43
28/10/2022,19,142.08
28/10/2022,20,147.2
28/10/2022,21,128.07
28/10/2022,22,114.46
28/10/2022,23,107.99
28/10/2022,24,97.07
29/10/2022,1,94.68
29/10/2022,2,92.77
29/10/2022,3,90.41
29/10/2022,4,87.98
29/10/2022,5,87
29/10/2022,6,87.46
29/10/2022,7,91.7
29/10/2022,8,100.25
29/10/2022,9,115.04
29/10/2022,10,109
29/10/2022,11,95.48
29/10/2022,12,87
29/10/2022,13,84.74
29/10/2022,14,82.16
29/10/2022,15,84.46
29/10/2022,16,92.44
29/10/2022,17,112.27
29/10/2022,18,134.24
29/10/2022,19,141.2
29/10/2022,20,140.64
29/10/2022,21,121.57
29/10/2022,22,109.9
29/10/2022,23,104.06
29/10/2022,24,97.49
30/10/2022,1,102.97
30/10/2022,2,100.45
30/10/2022,3,100.12
30/10/2022,4,99.37
30/10/2022,5,98.16
30/10/2022,6,98.4
30/10/2022,7,98.98
30/10/2022,8,100.55
30/10/2022,9,109.57
30/10/2022,10,112.24
30/10/2022,11,103.78
30/10/2022,12,97.81
30/10/2022,13,100.03
30/10/2022,14,100
30/10/2022,15,100
30/10/2022,16,109.43
30/10/2022,17,124.61
30/10/2022,18,140.69
30/10/2022,19,156
30/10/2022,20,170.38
30/10/2022,21,165
30/10/2022,22,147.52
30/10/2022,23,139.87
30/10/2022,24,127
30/10/2022,25,109.26
31/10/2022,1,129.86
31/10/2022,2,119.09
31/10/2022,3,116.32
31/10/2022,4,114.6
31/10/2022,5,115.07
31/10/2022,6,122.55
31/10/2022,7,146.56
31/10/2022,8,166.1
31/10/2022,9,168
31/10/2022,10,153.3
31/10/2022,11,143.35
31/10/2022,12,141.95
31/10/2022,13,141.96
31/10/2022,14,145.96
31/10/2022,15,155
31/10/2022,16,169.15
31/10/2022,17,177.12
31/10/2022,18,200.08
31/10/2022,19,182.16
31/10/2022,20,167.9
31/10/2022,21,147.14
31/10/2022,22,136.78
31/10/2022,23,124.88
31/10/2022,24,105.59
1/11/2022,1,98.07
1/11/2022,2,97.68
1/11/2022,3,93.59
1/11/2022,4,79.67
1/11/2022,5,84.65
1/11/2022,6,96.89
1/11/2022,7,135
1/11/2022,8,115.5
1/11/2022,9,118
1/11/2022,10,135
1/11/2022,11,118.9
1/11/2022,12,107.26
1/11/2022,13,100.77
1/11/2022,14,101.81
1/11/2022,15,114.47
1/11/2022,16,153.5
1/11/2022,17,161.3
1/11/2022,18,160.43
1/11/2022,19,160.14
1/11/2022,20,171.71
1/11/2022,21,126.5
1/11/2022,22,110.26
1/11/2022,23,94.36
1/11/2022,24,53.63
2/11/2022,1,84.96
2/11/2022,2,72.08
2/11/2022,3,52.66
2/11/2022,4,72.08
2/11/2022,5,74.41
2/11/2022,6,92.36
2/11/2022,7,122.67
2/11/2022,8,157.91
2/11/2022,9,166.64
2/11/2022,10,150.38
2/11/2022,11,126.48
2/11/2022,12,103.5
2/11/2022,13,113
2/11/2022,14,130.02
2/11/2022,15,138.73
2/11/2022,16,196.25
2/11/2022,17,192.37
2/11/2022,18,175.26
2/11/2022,19,151.9
2/11/2022,20,137.04
2/11/2022,21,114.55
2/11/2022,22,101.43
2/11/2022,23,98.39
2/11/2022,24,90.34
3/11/2022,1,94.44
3/11/2022,2,96.79
3/11/2022,3,93.73
3/11/2022,4,95.66
3/11/2022,5,106.23
3/11/2022,6,111.59
3/11/2022,7,137.37
3/11/2022,8,160
3/11/2022,9,170
3/11/2022,10,150.02
3/11/2022,11,125.3
3/11/2022,12,124.21
3/11/2022,13,124.05
3/11/2022,14,129.47
3/11/2022,15,150.92
3/11/2022,16,153.71
3/11/2022,17,168.42
3/11/2022,18,176.98
3/11/2022,19,149.07
3/11/2022,20,152.98
3/11/2022,21,140
3/11/2022,22,110.33
3/11/2022,23,124.54
3/11/2022,24,113.09
4/11/2022,1,119.69
4/11/2022,2,106.93
4/11/2022,3,89.18
4/11/2022,4,95
4/11/2022,5,123.73
4/11/2022,6,130.52
4/11/2022,7,174.79
4/11/2022,8,206.05
4/11/2022,9,215.15
4/11/2022,10,209.9
4/11/2022,11,204.96
4/11/2022,12,199.33
4/11/2022,13,200.67
4/11/2022,14,189.01
4/11/2022,15,205.25
4/11/2022,16,212.59
4/11/2022,17,216.99
4/11/2022,18,239.99
4/11/2022,19,240.55
4/11/2022,20,217.74
4/11/2022,21,195.58
4/11/2022,22,187
4/11/2022,23,179.8
4/11/2022,24,172.1
5/11/2022,1,150.59
5/11/2022,2,137.97
5/11/2022,3,132.66
5/11/2022,4,130.65
5/11/2022,5,130.65
5/11/2022,6,135
5/11/2022,7,136.83
5/11/2022,8,142.2
5/11/2022,9,142.82
5/11/2022,10,144.35
5/11/2022,11,137.12
5/11/2022,12,128.4
5/11/2022,13,125.56
5/11/2022,14,115.71
5/11/2022,15,128.48
5/11/2022,16,138.03
5/11/2022,17,152.48
5/11/2022,18,170
5/11/2022,19,170
5/11/2022,20,163.29
5/11/2022,21,126.1
5/11/2022,22,105.44
5/11/2022,23,98.1
5/11/2022,24,78.82
6/11/2022,1,67.5
6/11/2022,2,36.8
6/11/2022,3,48.83
6/11/2022,4,33.98
6/11/2022,5,67.11
6/11/2022,6,37.78
6/11/2022,7,62.41
6/11/2022,8,69.31
6/11/2022,9,62.89
6/11/2022,10,69.42
6/11/2022,11,76
6/11/2022,12,74.7
6/11/2022,13,80.66
6/11/2022,14,82.15
6/11/2022,15,102.76
6/11/2022,16,114.63
6/11/2022,17,140.12
6/11/2022,18,160
6/11/2022,19,160
6/11/2022,20,170
6/11/2022,21,155
6/11/2022,22,89.88
6/11/2022,23,41.54
6/11/2022,24,69.66
7/11/2022,1,0.09
7/11/2022,2,0.09
7/11/2022,3,0.09
7/11/2022,4,0.3
7/11/2022,5,5
7/11/2022,6,56.66
7/11/2022,7,133.7
7/11/2022,8,176.93
7/11/2022,9,179.57
7/11/2022,10,140.07
7/11/2022,11,130.09
7/11/2022,12,130.04
7/11/2022,13,130.07
7/11/2022,14,133.7
7/11/2022,15,154.24
7/11/2022,16,157.64
7/11/2022,17,175
7/11/2022,18,190
7/11/2022,19,198.65
7/11/2022,20,180
7/11/2022,21,130.06
7/11/2022,22,126.72
7/11/2022,23,112.82
7/11/2022,24,71.38
8/11/2022,1,103.44
8/11/2022,2,111.08
8/11/2022,3,103.75
8/11/2022,4,105
8/11/2022,5,109.14
8/11/2022,6,127.12
8/11/2022,7,161.29
8/11/2022,8,170
8/11/2022,9,172.78
8/11/2022,10,155.96
8/11/2022,11,127.32
8/11/2022,12,124.72
8/11/2022,13,126.16
8/11/2022,14,134.29
8/11/2022,15,136.6
8/11/2022,16,154.94
8/11/2022,17,173.04
8/11/2022,18,185.55
8/11/2022,19,184.85
8/11/2022,20,190
8/11/2022,21,170
8/11/2022,22,145.54
8/11/2022,23,155.51
8/11/2022,24,158.53
9/11/2022,1,177.63
9/11/2022,2,114.32
9/11/2022,3,130.01
9/11/2022,4,128.01
9/11/2022,5,131.01
9/11/2022,6,175.92
9/11/2022,7,183.37
9/11/2022,8,201.72
9/11/2022,9,207.3
9/11/2022,10,196.05
9/11/2022,11,186.18
9/11/2022,12,181.82
9/11/2022,13,167.99
9/11/2022,14,175.31
9/11/2022,15,191.55
9/11/2022,16,202.72
9/11/2022,17,220.95
9/11/2022,18,230.87
9/11/2022,19,238.72
9/11/2022,20,252.77
9/11/2022,21,221.6
9/11/2022,22,186.8
9/11/2022,23,164.33
9/11/2022,24,144
10/11/2022,1,158.06
10/11/2022,2,150
10/11/2022,3,129.6
10/11/2022,4,131.94
10/11/2022,5,157.33
10/11/2022,6,161.92
10/11/2022,7,209.32
10/11/2022,8,237
10/11/2022,9,246.2
10/11/2022,10,258.39
10/11/2022,11,231.55
10/11/2022,12,239.68
10/11/2022,13,211.94
10/11/2022,14,220
10/11/2022,15,258
10/11/2022,16,297
10/11/2022,17,338.73
10/11/2022,18,376.94
10/11/2022,19,278.73
10/11/2022,20,219
10/11/2022,21,210.6
10/11/2022,22,186.81
10/11/2022,23,200
10/11/2022,24,133.57
11/11/2022,1,126.38
11/11/2022,2,126.43
11/11/2022,3,113.2
11/11/2022,4,126.2
11/11/2022,5,116.52
11/11/2022,6,133
11/11/2022,7,190.66
11/11/2022,8,201.99
11/11/2022,9,210.33
11/11/2022,10,205.9
11/11/2022,11,180
11/11/2022,12,183.42
11/11/2022,13,175.57
11/11/2022,14,180
11/11/2022,15,184.14
11/11/2022,16,208.79
11/11/2022,17,220.62
11/11/2022,18,231.1
11/11/2022,19,219.87
11/11/2022,20,200.73
11/11/2022,21,188.34
11/11/2022,22,171.48
11/11/2022,23,157.79
11/11/2022,24,142.46
12/11/2022,1,142.99
12/11/2022,2,134.21
12/11/2022,3,130.01
12/11/2022,4,126.8
12/11/2022,5,129.44
12/11/2022,6,129.68
12/11/2022,7,158
12/11/2022,8,175.98
12/11/2022,9,183.75
12/11/2022,10,181.57
12/11/2022,11,169.28
12/11/2022,12,163.53
12/11/2022,13,163.61
12/11/2022,14,164.34
12/11/2022,15,172.05
12/11/2022,16,206.11
12/11/2022,17,228.17
12/11/2022,18,240
12/11/2022,19,238
12/11/2022,20,208.91
12/11/2022,21,190.61
12/11/2022,22,181.88
12/11/2022,23,175.68
12/11/2022,24,159.08
13/11/2022,1,168.8
13/11/2022,2,152.21
13/11/2022,3,143
13/11/2022,4,127
13/11/2022,5,134.07
13/11/2022,6,135.29
13/11/2022,7,135.29
13/11/2022,8,150.75
13/11/2022,9,155.96
13/11/2022,10,150.54
13/11/2022,11,144.63
13/11/2022,12,149.9
13/11/2022,13,150.16
13/11/2022,14,146.23
13/11/2022,15,159.7
13/11/2022,16,163.75
13/11/2022,17,176.56
13/11/2022,18,207.05
13/11/2022,19,209.35
13/11/2022,20,193.94
13/11/2022,21,176.74
13/11/2022,22,163.03
13/11/2022,23,157.46
13/11/2022,24,139.8
14/11/2022,1,123.42
14/11/2022,2,120.3
14/11/2022,3,121.43
14/11/2022,4,115.35
14/11/2022,5,122.79
14/11/2022,6,155.66
14/11/2022,7,200.17
14/11/2022,8,217.33
14/11/2022,9,214.2
14/11/2022,10,186.86
14/11/2022,11,164.72
14/11/2022,12,147.08
14/11/2022,13,172.37
14/11/2022,14,185.35
14/11/2022,15,207.32
14/11/2022,16,229.17
14/11/2022,17,238.23
14/11/2022,18,268.92
14/11/2022,19,244.66
14/11/2022,20,226.75
14/11/2022,21,165.88
14/11/2022,22,204.16
14/11/2022,23,174.71
14/11/2022,24,130.93
15/11/2022,1,132
15/11/2022,2,118.29
15/11/2022,3,112.81
15/11/2022,4,103.64
15/11/2022,5,112.81
15/11/2022,6,155.3
15/11/2022,7,232.88
15/11/2022,8,242.89
15/11/2022,9,269.38
15/11/2022,10,248.68
15/11/2022,11,221.26
15/11/2022,12,236.01
15/11/2022,13,232
15/11/2022,14,241.33
15/11/2022,15,245
15/11/2022,16,250
15/11/2022,17,272.53
15/11/2022,18,270.39
15/11/2022,19,263.52
15/11/2022,20,297.31
15/11/2022,21,264.97
15/11/2022,22,174.32
15/11/2022,23,182.69
15/11/2022,24,115.26
16/11/2022,1,96.18
16/11/2022,2,88.34
16/11/2022,3,79.15
16/11/2022,4,75.99
16/11/2022,5,100.5
16/11/2022,6,90.92
16/11/2022,7,153.39
16/11/2022,8,212.04
16/11/2022,9,218.65
16/11/2022,10,193.99
16/11/2022,11,235
16/11/2022,12,245
16/11/2022,13,246.29
16/11/2022,14,232.15
16/11/2022,15,218.73
16/11/2022,16,245
16/11/2022,17,265
16/11/2022,18,265
16/11/2022,19,255.22
16/11/2022,20,244.38
16/11/2022,21,176.25
16/11/2022,22,135.4
16/11/2022,23,110.33
16/11/2022,24,64.91
17/11/2022,1,46.86
17/11/2022,2,13.36
17/11/2022,3,3.93
17/11/2022,4,4.15
17/11/2022,5,9.88
17/11/2022,6,28.59
17/11/2022,7,66.55
17/11/2022,8,111.09
17/11/2022,9,110.07
17/11/2022,10,175
17/11/2022,11,197.55
17/11/2022,12,197.76
17/11/2022,13,185
17/11/2022,14,172.39
17/11/2022,15,185
17/11/2022,16,163.92
17/11/2022,17,170
17/11/2022,18,243.08
17/11/2022,19,252.31
17/11/2022,20,229.96
17/11/2022,21,217.82
17/11/2022,22,205.62
17/11/2022,23,193.69
17/11/2022,24,114.12
18/11/2022,1,136.93
18/11/2022,2,110
18/11/2022,3,113.36
18/11/2022,4,113.36
18/11/2022,5,110
18/11/2022,6,170.23
18/11/2022,7,230.56
18/11/2022,8,267.05
18/11/2022,9,264.15
18/11/2022,10,240
18/11/2022,11,260
18/11/2022,12,258.5
18/11/2022,13,244.16
18/11/2022,14,238.04
18/11/2022,15,243.35
18/11/2022,16,236.74
18/11/2022,17,253.67
18/11/2022,18,244
18/11/2022,19,220.84
18/11/2022,20,217.1
18/11/2022,21,180.06
18/11/2022,22,167.98
18/11/2022,23,136.33
18/11/2022,24,121.16
19/11/2022,1,155.67
19/11/2022,2,157.23
19/11/2022,3,158.5
19/11/2022,4,152.6
19/11/2022,5,143.85
19/11/2022,6,149.96
19/11/2022,7,157.57
19/11/2022,8,191.65
19/11/2022,9,205.7
19/11/2022,10,215.07
19/11/2022,11,198.84
19/11/2022,12,209.56
19/11/2022,13,202.52
19/11/2022,14,200.39
19/11/2022,15,213.34
19/11/2022,16,227.11
19/11/2022,17,243.39
19/11/2022,18,281.98
19/11/2022,19,287.29
19/11/2022,20,260.7
19/11/2022,21,240
19/11/2022,22,232.33
19/11/2022,23,219.51
19/11/2022,24,204.67
20/11/2022,1,193.53
20/11/2022,2,176.14
20/11/2022,3,182.72
20/11/2022,4,176.92
20/11/2022,5,170.47
20/11/2022,6,175.88
20/11/2022,7,180.08
20/11/2022,8,194.19
20/11/2022,9,200.03
20/11/2022,10,215.03
20/11/2022,11,212.03
20/11/2022,12,217.99
20/11/2022,13,210.05
20/11/2022,14,198.85
20/11/2022,15,205.15
20/11/2022,16,224.6
20/11/2022,17,241.95
20/11/2022,18,267.37
20/11/2022,19,273
20/11/2022,20,266.44
20/11/2022,21,244.9
20/11/2022,22,215.1
20/11/2022,23,212.03
20/11/2022,24,162.7
21/11/2022,1,133.83
21/11/2022,2,133.97
21/11/2022,3,141.84
21/11/2022,4,135.2
21/11/2022,5,144.21
21/11/2022,6,164.92
21/11/2022,7,270.28
21/11/2022,8,314.69
21/11/2022,9,324.05
21/11/2022,10,308.38
21/11/2022,11,295.44
21/11/2022,12,308.58
21/11/2022,13,300.89
21/11/2022,14,302.05
21/11/2022,15,331.4
21/11/2022,16,328.09
21/11/2022,17,330.77
21/11/2022,18,333.95
21/11/2022,19,315.41
21/11/2022,20,289.8
21/11/2022,21,256
21/11/2022,22,220
21/11/2022,23,199.93
21/11/2022,24,158.17
22/11/2022,1,136.75
22/11/2022,2,121.62
22/11/2022,3,99.97
22/11/2022,4,82.85
22/11/2022,5,91.51
22/11/2022,6,136.62
22/11/2022,7,210.67
22/11/2022,8,250.35
22/11/2022,9,258.57
22/11/2022,10,245.32
22/11/2022,11,242.2
22/11/2022,12,252.49
22/11/2022,13,256.02
22/11/2022,14,261.53
22/11/2022,15,263.61
22/11/2022,16,261.4
22/11/2022,17,259.57
22/11/2022,18,284.96
22/11/2022,19,294.9
22/11/2022,20,280.1
22/11/2022,21,250.75
22/11/2022,22,207.27
22/11/2022,23,195.58
22/11/2022,24,158.73
23/11/2022,1,130.31
23/11/2022,2,126.47
23/11/2022,3,111.56
23/11/2022,4,106.22
23/11/2022,5,110.87
23/11/2022,6,137.75
23/11/2022,7,209.97
23/11/2022,8,258.46
23/11/2022,9,268.55
23/11/2022,10,243.57
23/11/2022,11,245
23/11/2022,12,239.93
23/11/2022,13,232.98
23/11/2022,14,226.14
23/11/2022,15,231.95
23/11/2022,16,239.46
23/11/2022,17,260.7
23/11/2022,18,260
23/11/2022,19,264.36
23/11/2022,20,259.31
23/11/2022,21,212.87
23/11/2022,22,209.34
23/11/2022,23,186.78
23/11/2022,24,157.1
24/11/2022,1,157.16
24/11/2022,2,149.26
24/11/2022,3,143.86
24/11/2022,4,138.49
24/11/2022,5,152
24/11/2022,6,185.8
24/11/2022,7,270.15
24/11/2022,8,300.45
24/11/2022,9,303.42
24/11/2022,10,294.94
24/11/2022,11,295.02
24/11/2022,12,289.9
24/11/2022,13,279.73
24/11/2022,14,276.6
24/11/2022,15,288.23
24/11/2022,16,303.27
24/11/2022,17,305.51
24/11/2022,18,316.94
24/11/2022,19,291.03
24/11/2022,20,284.16
24/11/2022,21,261.56
24/11/2022,22,229.94
24/11/2022,23,217.1
24/11/2022,24,191.19
25/11/2022,1,194.93
25/11/2022,2,175.19
25/11/2022,3,163.07
25/11/2022,4,151.82
25/11/2022,5,168.23
25/11/2022,6,206.79
25/11/2022,7,257.98
25/11/2022,8,303.49
25/11/2022,9,315.91
25/11/2022,10,300.42
25/11/2022,11,289.86
25/11/2022,12,300.47
25/11/2022,13,287.17
25/11/2022,14,286.54
25/11/2022,15,290.82
25/11/2022,16,317.7
25/11/2022,17,327.36
25/11/2022,18,349.9
25/11/2022,19,337.95
25/11/2022,20,316.75
25/11/2022,21,283.86
25/11/2022,22,266.32
25/11/2022,23,269.92
25/11/2022,24,226.03
26/11/2022,1,212.77
26/11/2022,2,210.7
26/11/2022,3,199.98
26/11/2022,4,200
26/11/2022,5,197.99
26/11/2022,6,211.94
26/11/2022,7,214.94
26/11/2022,8,228.07
26/11/2022,9,264.96
26/11/2022,10,280
26/11/2022,11,257.83
26/11/2022,12,254.04
26/11/2022,13,249.99
26/11/2022,14,239.83
26/11/2022,15,257.61
26/11/2022,16,264.02
26/11/2022,17,288.2
26/11/2022,18,315.92
26/11/2022,19,306.1
26/11/2022,20,270.08
26/11/2022,21,232.22
26/11/2022,22,213.37
26/11/2022,23,200
26/11/2022,24,173.69
27/11/2022,1,144.88
27/11/2022,2,135
27/11/2022,3,122.01
27/11/2022,4,99.4
27/11/2022,5,99.4
27/11/2022,6,105.64
27/11/2022,7,129.57
27/11/2022,8,144.02
27/11/2022,9,154
27/11/2022,10,171.71
27/11/2022,11,171.21
27/11/2022,12,186.6
27/11/2022,13,184.01
27/11/2022,14,180
27/11/2022,15,184.47
27/11/2022,16,188.84
27/11/2022,17,215.35
27/11/2022,18,230
27/11/2022,19,228.73
27/11/2022,20,217.64
27/11/2022,21,201.01
27/11/2022,22,183.19
27/11/2022,23,171.05
27/11/2022,24,158.51
28/11/2022,1,131.5
28/11/2022,2,132.48
28/11/2022,3,127.72
28/11/2022,4,121.82
28/11/2022,5,126.91
28/11/2022,6,152
28/11/2022,7,242.38
28/11/2022,8,325.68
28/11/2022,9,358.98
28/11/2022,10,367.7
28/11/2022,11,370
28/11/2022,12,365.91
28/11/2022,13,360.1
28/11/2022,14,367.2
28/11/2022,15,383.91
28/11/2022,16,397.91
28/11/2022,17,391.7
28/11/2022,18,415.58
28/11/2022,19,399.84
28/11/2022,20,377.5
28/11/2022,21,333.8
28/11/2022,22,312
28/11/2022,23,294.98
28/11/2022,24,261.49
29/11/2022,1,272.34
29/11/2022,2,250.95
29/11/2022,3,229.46
29/11/2022,4,226.01
29/11/2022,5,234.9
29/11/2022,6,271.98
29/11/2022,7,303.14
29/11/2022,8,396.22
29/11/2022,9,444.92
29/11/2022,10,445.32
29/11/2022,11,445.91
29/11/2022,12,435.6
29/11/2022,13,418.05
29/11/2022,14,424.26
29/11/2022,15,446.38
29/11/2022,16,450.7
29/11/2022,17,460.04
29/11/2022,18,501.1
29/11/2022,19,486.86
29/11/2022,20,463.82
29/11/2022,21,400
29/11/2022,22,334.9
29/11/2022,23,297.66
29/11/2022,24,281.9
30/11/2022,1,288.93
30/11/2022,2,279.5
30/11/2022,3,265.37
30/11/2022,4,261.52
30/11/2022,5,267.63
30/11/2022,6,290
30/11/2022,7,332.72
30/11/2022,8,434.43
30/11/2022,9,478.1
30/11/2022,10,478.6
30/11/2022,11,474.71
30/11/2022,12,482.51
30/11/2022,13,449.99
30/11/2022,14,450.47
30/11/2022,15,464.24
30/11/2022,16,458.76
30/11/2022,17,478.4
30/11/2022,18,503.55
30/11/2022,19,495.2
30/11/2022,20,465.14
30/11/2022,21,414.94
30/11/2022,22,344.73
30/11/2022,23,317.1
30/11/2022,24,275.65
1/12/2022,1,293.48
1/12/2022,2,293.18
1/12/2022,3,287.79
1/12/2022,4,277.74
1/12/2022,5,274.22
1/12/2022,6,283.48
1/12/2022,7,353.7
1/12/2022,8,450.24
1/12/2022,9,462.83
1/12/2022,10,459.54
1/12/2022,11,451.53
1/12/2022,12,445.49
1/12/2022,13,436.56
1/12/2022,14,446.3
1/12/2022,15,463.85
1/12/2022,16,462.36
1/12/2022,17,458.12
1/12/2022,18,484.07
1/12/2022,19,469.79
1/12/2022,20,457.89
1/12/2022,21,430.49
1/12/2022,22,378.34
1/12/2022,23,340.43
1/12/2022,24,305.7
2/12/2022,1,307.71
2/12/2022,2,295.66
2/12/2022,3,301.16
2/12/2022,4,300.45
2/12/2022,5,300.72
2/12/2022,6,314.86
2/12/2022,7,364.88
2/12/2022,8,421.47
2/12/2022,9,443.65
2/12/2022,10,436.8
2/12/2022,11,428.67
2/12/2022,12,419.4
2/12/2022,13,412.81
2/12/2022,14,402.64
2/12/2022,15,399.61
2/12/2022,16,180.89
2/12/2022,17,387.42
2/12/2022,18,376.71
2/12/2022,19,385.9
2/12/2022,20,390.94
2/12/2022,21,341.56
2/12/2022,22,346.1
2/12/2022,23,314.73
2/12/2022,24,261.45
3/12/2022,1,261.04
3/12/2022,2,244.82
3/12/2022,3,228.89
3/12/2022,4,222.26
3/12/2022,5,230.73
3/12/2022,6,251.86
3/12/2022,7,258.92
3/12/2022,8,288.66
3/12/2022,9,308.09
3/12/2022,10,332.73
3/12/2022,11,326.27
3/12/2022,12,326.78
3/12/2022,13,319.16
3/12/2022,14,313.23
3/12/2022,15,315.91
3/12/2022,16,315.91
3/12/2022,17,330.57
3/12/2022,18,358.73
3/12/2022,19,342.71
3/12/2022,20,310
3/12/2022,21,291.49
3/12/2022,22,289.9
3/12/2022,23,279.61
3/12/2022,24,244.47
4/12/2022,1,237.72
4/12/2022,2,227.1
4/12/2022,3,235.76
4/12/2022,4,213.49
4/12/2022,5,211.46
4/12/2022,6,214.94
4/12/2022,7,213.79
4/12/2022,8,220.76
4/12/2022,9,258.58
4/12/2022,10,289.03
4/12/2022,11,301.39
4/12/2022,12,307.67
4/12/2022,13,306.17
4/12/2022,14,301.98
4/12/2022,15,306.09
4/12/2022,16,308.24
4/12/2022,17,324.95
4/12/2022,18,349.68
4/12/2022,19,314.09
4/12/2022,20,310.58
4/12/2022,21,285.96
4/12/2022,22,281.95
4/12/2022,23,263.02
4/12/2022,24,242.74
5/12/2022,1,123.79
5/12/2022,2,103.2
5/12/2022,3,104
5/12/2022,4,103.97
5/12/2022,5,96.77
5/12/2022,6,248.59
5/12/2022,7,304.6
5/12/2022,8,372.08
5/12/2022,9,410.73
5/12/2022,10,406.35
5/12/2022,11,401.7
5/12/2022,12,423.5
5/12/2022,13,404.91
5/12/2022,14,392.96
5/12/2022,15,413.46
5/12/2022,16,429.91
5/12/2022,17,430.91
5/12/2022,18,444.98
5/12/2022,19,435.82
5/12/2022,20,430.89
5/12/2022,21,392.48
5/12/2022,22,333.11
5/12/2022,23,324.56
5/12/2022,24,293.52
6/12/2022,1,300.65
6/12/2022,2,275.52
6/12/2022,3,272.05
6/12/2022,4,275.49
6/12/2022,5,287.38
6/12/2022,6,309.23
6/12/2022,7,370.65
6/12/2022,8,451.99
6/12/2022,9,173.77
6/12/2022,10,390.09
6/12/2022,11,436.41
6/12/2022,12,436.96
6/12/2022,13,453.97
6/12/2022,14,446.1
6/12/2022,15,459.26
6/12/2022,16,412.93
6/12/2022,17,465.36
6/12/2022,18,479.4
6/12/2022,19,458.31
6/12/2022,20,426.62
6/12/2022,21,378.1
6/12/2022,22,321.29
6/12/2022,23,307.99
6/12/2022,24,270.72
7/12/2022,1,262.49
7/12/2022,2,233.4
7/12/2022,3,198.9
7/12/2022,4,196.11
7/12/2022,5,228.77
7/12/2022,6,257.83
7/12/2022,7,303.92
7/12/2022,8,394.61
7/12/2022,9,411.05
7/12/2022,10,402.05
7/12/2022,11,380
7/12/2022,12,360.66
7/12/2022,13,346.34
7/12/2022,14,347.28
7/12/2022,15,410.09
7/12/2022,16,436.74
7/12/2022,17,454.07
7/12/2022,18,365
7/12/2022,19,400
7/12/2022,20,365
7/12/2022,21,414.31
7/12/2022,22,327.18
7/12/2022,23,296.23
7/12/2022,24,273.84
8/12/2022,1,281.21
8/12/2022,2,274.87
8/12/2022,3,263.49
8/12/2022,4,249.16
8/12/2022,5,273.04
8/12/2022,6,300.01
8/12/2022,7,328.86
8/12/2022,8,407.71
8/12/2022,9,447.64
8/12/2022,10,454.02
8/12/2022,11,447.54
8/12/2022,12,448.77
8/12/2022,13,448.4
8/12/2022,14,448.1
8/12/2022,15,454.03
8/12/2022,16,456.99
8/12/2022,17,462.92
8/12/2022,18,498.21
8/12/2022,19,465.41
8/12/2022,20,460.8
8/12/2022,21,437.45
8/12/2022,22,353.8
8/12/2022,23,318.89
8/12/2022,24,290.01
9/12/2022,1,328.65
9/12/2022,2,304.25
9/12/2022,3,288.8
9/12/2022,4,273.2
9/12/2022,5,291.72
9/12/2022,6,312.17
9/12/2022,7,361
9/12/2022,8,455.72
9/12/2022,9,475
9/12/2022,10,476.97
9/12/2022,11,471.33
9/12/2022,12,487.56
9/12/2022,13,481.1
9/12/2022,14,470
9/12/2022,15,476.44
9/12/2022,16,463.76
9/12/2022,17,361.8
9/12/2022,18,507.91
9/12/2022,19,475
9/12/2022,20,453.2
9/12/2022,21,443.42
9/12/2022,22,380.31
9/12/2022,23,277.09
9/12/2022,24,301.64
10/12/2022,1,304.61
10/12/2022,2,283.24
10/12/2022,3,270.63
10/12/2022,4,267.47
10/12/2022,5,267.06
10/12/2022,6,281.45
10/12/2022,7,290.35
10/12/2022,8,307.65
10/12/2022,9,344.58
10/12/2022,10,396.61
10/12/2022,11,419.33
10/12/2022,12,412.38
10/12/2022,13,398.1
10/12/2022,14,375.9
10/12/2022,15,377.07
10/12/2022,16,393.5
10/12/2022,17,420.59
10/12/2022,18,449.92
10/12/2022,19,442.7
10/12/2022,20,416.13
10/12/2022,21,358.33
10/12/2022,22,320.16
10/12/2022,23,292.17
10/12/2022,24,269.08
11/12/2022,1,200.5
11/12/2022,2,197.94
11/12/2022,3,200.5
11/12/2022,4,205.6
11/12/2022,5,202.76
11/12/2022,6,196.72
11/12/2022,7,204.07
11/12/2022,8,261.09
11/12/2022,9,283.11
11/12/2022,10,315.77
11/12/2022,11,325.34
11/12/2022,12,346.85
11/12/2022,13,336.06
11/12/2022,14,324.74
11/12/2022,15,328.07
11/12/2022,16,336.51
11/12/2022,17,361.6
11/12/2022,18,413.94
11/12/2022,19,430.1
11/12/2022,20,412.99
11/12/2022,21,384.26
11/12/2022,22,335.35
11/12/2022,23,323.15
11/12/2022,24,294.52
12/12/2022,1,103.49
12/12/2022,2,104.45
12/12/2022,3,102.96
12/12/2022,4,105.02
12/12/2022,5,102.38
12/12/2022,6,241.39
12/12/2022,7,385.26
12/12/2022,8,505
12/12/2022,9,466
12/12/2022,10,268.33
12/12/2022,11,505.3
12/12/2022,12,496.32
12/12/2022,13,491.29
12/12/2022,14,487.25
12/12/2022,15,505.66
12/12/2022,16,535.73
12/12/2022,17,560.42
12/12/2022,18,580
12/12/2022,19,552.62
12/12/2022,20,499.97
12/12/2022,21,459.41
12/12/2022,22,408.9
12/12/2022,23,321.96
12/12/2022,24,152.05
13/12/2022,1,300.01
13/12/2022,2,265.3
13/12/2022,3,252.75
13/12/2022,4,249.03
13/12/2022,5,266.64
13/12/2022,6,316.07
13/12/2022,7,368.9
13/12/2022,8,499.7
13/12/2022,9,571.76
13/12/2022,10,553.29
13/12/2022,11,522.87
13/12/2022,12,514.29
13/12/2022,13,487.18
13/12/2022,14,506.03
13/12/2022,15,552.71
13/12/2022,16,570.25
13/12/2022,17,590
13/12/2022,18,665.01
13/12/2022,19,600
13/12/2022,20,525
13/12/2022,21,458.47
13/12/2022,22,361.35
13/12/2022,23,327.26
13/12/2022,24,280.76
14/12/2022,1,273.94
14/12/2022,2,269.16
14/12/2022,3,267.17
14/12/2022,4,277.98
14/12/2022,5,279.88
14/12/2022,6,311.23
14/12/2022,7,368.82
14/12/2022,8,494.97
14/12/2022,9,539.99
14/12/2022,10,569.72
14/12/2022,11,565.18
14/12/2022,12,568.01
14/12/2022,13,524.6
14/12/2022,14,514.16
14/12/2022,15,514.95
14/12/2022,16,528.53
14/12/2022,17,545
14/12/2022,18,590
14/12/2022,19,557
14/12/2022,20,520.57
14/12/2022,21,487.9
14/12/2022,22,396.67
14/12/2022,23,351.72
14/12/2022,24,328.75
15/12/2022,1,299.89
15/12/2022,2,290.62
15/12/2022,3,275.36
15/12/2022,4,268.63
15/12/2022,5,274.14
15/12/2022,6,290.16
15/12/2022,7,339.21
15/12/2022,8,443.42
15/12/2022,9,490.03
15/12/2022,10,489.66
15/12/2022,11,474.55
15/12/2022,12,453.18
15/12/2022,13,410.65
15/12/2022,14,401.15
15/12/2022,15,455.05
15/12/2022,16,469.93
15/12/2022,17,485.03
15/12/2022,18,500
15/12/2022,19,499.91
15/12/2022,20,485.53
15/12/2022,21,439.9
15/12/2022,22,367.72
15/12/2022,23,338.8
15/12/2022,24,305.88
16/12/2022,1,296.3
16/12/2022,2,289.17
16/12/2022,3,281.34
16/12/2022,4,271.51
16/12/2022,5,282.76
16/12/2022,6,296.82
16/12/2022,7,344.23
16/12/2022,8,458.42
16/12/2022,9,543.49
16/12/2022,10,562.72
16/12/2022,11,543.99
16/12/2022,12,543.38
16/12/2022,13,494.64
16/12/2022,14,471.1
16/12/2022,15,465.8
16/12/2022,16,465.14
16/12/2022,17,478.55
16/12/2022,18,505
16/12/2022,19,490.43
16/12/2022,20,467.86
16/12/2022,21,401.49
16/12/2022,22,334.72
16/12/2022,23,308.04
16/12/2022,24,270.78
17/12/2022,1,270.77
17/12/2022,2,268.63
17/12/2022,3,242.69
17/12/2022,4,217.55
17/12/2022,5,218.94
17/12/2022,6,229.2
17/12/2022,7,232.06
17/12/2022,8,243.3
17/12/2022,9,291.1
17/12/2022,10,299.81
17/12/2022,11,302.13
17/12/2022,12,282.5
17/12/2022,13,270.07
17/12/2022,14,255.12
17/12/2022,15,267
17/12/2022,16,283.5
17/12/2022,17,305.13
17/12/2022,18,335.42
17/12/2022,19,326.13
17/12/2022,20,296.81
17/12/2022,21,266.7
17/12/2022,22,247.43
17/12/2022,23,197.89
17/12/2022,24,183.15
18/12/2022,1,176.68
18/12/2022,2,168.79
18/12/2022,3,163.41
18/12/2022,4,138.69
18/12/2022,5,154.28
18/12/2022,6,159.92
18/12/2022,7,165.61
18/12/2022,8,172.53
18/12/2022,9,204.97
18/12/2022,10,192.64
18/12/2022,11,218.59
18/12/2022,12,191.96
18/12/2022,13,228.38
18/12/2022,14,224.43
18/12/2022,15,229.5
18/12/2022,16,239.86
18/12/2022,17,234.26
18/12/2022,18,233.85
18/12/2022,19,225.14
18/12/2022,20,209.04
18/12/2022,21,166.1
18/12/2022,22,163.08
18/12/2022,23,134.03
18/12/2022,24,103.66
19/12/2022,1,109.25
19/12/2022,2,96.8
19/12/2022,3,82.99
19/12/2022,4,71.75
19/12/2022,5,78.21
19/12/2022,6,109.11
19/12/2022,7,188.99
19/12/2022,8,240.03
19/12/2022,9,256.35
19/12/2022,10,249.03
19/12/2022,11,248.85
19/12/2022,12,247.05
19/12/2022,13,248.7
19/12/2022,14,245.8
19/12/2022,15,249.43
19/12/2022,16,274.54
19/12/2022,17,280.68
19/12/2022,18,279.39
19/12/2022,19,293.55
19/12/2022,20,291.62
19/12/2022,21,277.91
19/12/2022,22,195.81
19/12/2022,23,166.33
19/12/2022,24,104.64
20/12/2022,1,108.19
20/12/2022,2,92.41
20/12/2022,3,92.45
20/12/2022,4,76.35
20/12/2022,5,81.94
20/12/2022,6,129.42
20/12/2022,7,194.52
20/12/2022,8,240.8
20/12/2022,9,250.25
20/12/2022,10,243.61
20/12/2022,11,235.29
20/12/2022,12,236.48
20/12/2022,13,232.06
20/12/2022,14,238.94
20/12/2022,15,255
20/12/2022,16,259.03
20/12/2022,17,272.77
20/12/2022,18,265
20/12/2022,19,262.71
20/12/2022,20,259.45
20/12/2022,21,245.71
20/12/2022,22,229.49
20/12/2022,23,205.34
20/12/2022,24,171.5
21/12/2022,1,174.46
21/12/2022,2,175.27
21/12/2022,3,180.54
21/12/2022,4,167.93
21/12/2022,5,168.96
21/12/2022,6,180
21/12/2022,7,227.88
21/12/2022,8,257.42
21/12/2022,9,273
21/12/2022,10,269.84
21/12/2022,11,251.93
21/12/2022,12,248.24
21/12/2022,13,238.96
21/12/2022,14,237.78
21/12/2022,15,245
21/12/2022,16,240.91
21/12/2022,17,237.47
21/12/2022,18,251.8
21/12/2022,19,240.67
21/12/2022,20,231.87
21/12/2022,21,212.92
21/12/2022,22,189.13
21/12/2022,23,170.58
21/12/2022,24,135.7
22/12/2022,1,159.01
22/12/2022,2,146.38
22/12/2022,3,140.56
22/12/2022,4,137.29
22/12/2022,5,134.79
22/12/2022,6,159.62
22/12/2022,7,196.01
22/12/2022,8,230.65
22/12/2022,9,232.45
22/12/2022,10,234.7
22/12/2022,11,233.26
22/12/2022,12,229.82
22/12/2022,13,228.69
22/12/2022,14,223.9
22/12/2022,15,224
22/12/2022,16,221.41
22/12/2022,17,225
22/12/2022,18,220.27
22/12/2022,19,229.78
22/12/2022,20,221.9
22/12/2022,21,203.48
22/12/2022,22,184.65
22/12/2022,23,172.24
22/12/2022,24,164.89
23/12/2022,1,148.72
23/12/2022,2,148.72
23/12/2022,3,146.39
23/12/2022,4,137.87
23/12/2022,5,141
23/12/2022,6,148.55
23/12/2022,7,169.45
23/12/2022,8,189.19
23/12/2022,9,217
23/12/2022,10,222.2
23/12/2022,11,225.09
23/12/2022,12,219.51
23/12/2022,13,222.53
23/12/2022,14,225.35
23/12/2022,15,223.46
23/12/2022,16,217.1
23/12/2022,17,221.33
23/12/2022,18,213.98
23/12/2022,19,209.93
23/12/2022,20,198.44
23/12/2022,21,181.34
23/12/2022,22,153.09
23/12/2022,23,148.74
23/12/2022,24,119.9
24/12/2022,1,81.2
24/12/2022,2,50.4
24/12/2022,3,50
24/12/2022,4,32.52
24/12/2022,5,36
24/12/2022,6,48.48
24/12/2022,7,57.53
24/12/2022,8,98.2
24/12/2022,9,122.2
24/12/2022,10,145.87
24/12/2022,11,142.1
24/12/2022,12,143.52
24/12/2022,13,140.7
24/12/2022,14,141.44
24/12/2022,15,151.01
24/12/2022,16,159.99
24/12/2022,17,163.05
24/12/2022,18,166.34
24/12/2022,19,148.97
24/12/2022,20,138.16
24/12/2022,21,129.67
24/12/2022,22,120
24/12/2022,23,116.7
24/12/2022,24,110.78
25/12/2022,1,120.28
25/12/2022,2,112.11
25/12/2022,3,106.65
25/12/2022,4,90.84
25/12/2022,5,85.7
25/12/2022,6,85.65
25/12/2022,7,85.64
25/12/2022,8,92.7
25/12/2022,9,110.1
25/12/2022,10,113.28
25/12/2022,11,120.16
25/12/2022,12,121.4
25/12/2022,13,101.2
25/12/2022,14,95.6
25/12/2022,15,92.99
25/12/2022,16,110.08
25/12/2022,17,113.18
25/12/2022,18,131.43
25/12/2022,19,122.22
25/12/2022,20,109.33
25/12/2022,21,118.95
25/12/2022,22,107.13
25/12/2022,23,102.43
25/12/2022,24,-15
26/12/2022,1,50.3
26/12/2022,2,36.98
26/12/2022,3,26.31
26/12/2022,4,21.3
26/12/2022,5,17.9
26/12/2022,6,16.33
26/12/2022,7,18.11
26/12/2022,8,23.29
26/12/2022,9,38.68
26/12/2022,10,53.57
26/12/2022,11,59.3
26/12/2022,12,59
26/12/2022,13,54.9
26/12/2022,14,29.9
26/12/2022,15,31.66
26/12/2022,16,27.52
26/12/2022,17,67.2
26/12/2022,18,72.05
26/12/2022,19,79.65
26/12/2022,20,60.36
26/12/2022,21,69.28
26/12/2022,22,48.79
26/12/2022,23,34.55
26/12/2022,24,15.94
27/12/2022,1,21.26
27/12/2022,2,7.26
27/12/2022,3,3.2
27/12/2022,4,3.09
27/12/2022,5,10.3
27/12/2022,6,18.39
27/12/2022,7,31.24
27/12/2022,8,85.75
27/12/2022,9,102.22
27/12/2022,10,103.73
27/12/2022,11,95.38
27/12/2022,12,110
27/12/2022,13,110.87
27/12/2022,14,124.58
27/12/2022,15,139.08
27/12/2022,16,143.32
27/12/2022,17,147.4
27/12/2022,18,158.69
27/12/2022,19,164.69
27/12/2022,20,156.78
27/12/2022,21,147.56
27/12/2022,22,128.8
27/12/2022,23,107.84
27/12/2022,24,85.19
28/12/2022,1,40.28
28/12/2022,2,33.13
28/12/2022,3,17.33
28/12/2022,4,10.24
28/12/2022,5,17.24
28/12/2022,6,33.51
28/12/2022,7,53.7
28/12/2022,8,59.73
28/12/2022,9,68.77
28/12/2022,10,79.67
28/12/2022,11,82.5
28/12/2022,12,77.35
28/12/2022,13,69.17
28/12/2022,14,72.92
28/12/2022,15,91.2
28/12/2022,16,90.54
28/12/2022,17,88.12
28/12/2022,18,100.54
28/12/2022,19,96.19
28/12/2022,20,91.49
28/12/2022,21,79.21
28/12/2022,22,70.21
28/12/2022,23,65.02
28/12/2022,24,40.21
29/12/2022,1,6.1
29/12/2022,2,5.55
29/12/2022,3,5.93
29/12/2022,4,3.51
29/12/2022,5,3.5
29/12/2022,6,5.08
29/12/2022,7,7.59
29/12/2022,8,23.96
29/12/2022,9,37.98
29/12/2022,10,38.98
29/12/2022,11,40.18
29/12/2022,12,45.17
29/12/2022,13,46.07
29/12/2022,14,48.69
29/12/2022,15,51.32
29/12/2022,16,50.63
29/12/2022,17,49.13
29/12/2022,18,56.82
29/12/2022,19,68.13
29/12/2022,20,63.21
29/12/2022,21,48.29
29/12/2022,22,46.89
29/12/2022,23,31.34
29/12/2022,24,22.95
30/12/2022,1,11.18
30/12/2022,2,5.09
30/12/2022,3,3.09
30/12/2022,4,0.65
30/12/2022,5,0.57
30/12/2022,6,4.88
30/12/2022,7,11.22
30/12/2022,8,25.21
30/12/2022,9,44.16
30/12/2022,10,43.86
30/12/2022,11,46.54
30/12/2022,12,46.31
30/12/2022,13,43.19
30/12/2022,14,43.51
30/12/2022,15,48.25
30/12/2022,16,37.83
30/12/2022,17,32.25
30/12/2022,18,34.1
30/12/2022,19,36.75
30/12/2022,20,32.28
30/12/2022,21,33.71
30/12/2022,22,15.42
30/12/2022,23,2.66
30/12/2022,24,1.76
31/12/2022,1,0.29
31/12/2022,2,-0.14
31/12/2022,3,0.01
31/12/2022,4,-0.03
31/12/2022,5,0
31/12/2022,6,0.06
31/12/2022,7,0.12
31/12/2022,8,0.17
31/12/2022,9,-1.33
31/12/2022,10,2.68
31/12/2022,11,1.55
31/12/2022,12,1.23
31/12/2022,13,0.3
31/12/2022,14,0
31/12/2022,15,2.28
31/12/2022,16,7.35
31/12/2022,17,-22.45
31/12/2022,18,-17.88
31/12/2022,19,-16.94
31/12/2022,20,-11.67
31/12/2022,21,0.66
31/12/2022,22,2.76
31/12/2022,23,1.19
31/12/2022,24,0.68
