day,hour,cost
1/1/2024,1,0.1
1/1/2024,2,0.01
1/1/2024,3,0.02
1/1/2024,4,0
1/1/2024,5,-0.01
1/1/2024,6,-0.01
1/1/2024,7,0
1/1/2024,8,0
1/1/2024,9,0
1/1/2024,10,0.04
1/1/2024,11,0.06
1/1/2024,12,0.54
1/1/2024,13,2.24
1/1/2024,14,2.53
1/1/2024,15,4.89
1/1/2024,16,24.04
1/1/2024,17,49.26
1/1/2024,18,57.21
1/1/2024,19,59.85
1/1/2024,20,54.76
1/1/2024,21,48.41
1/1/2024,22,42.27
1/1/2024,23,46.32
1/1/2024,24,35.55
2/1/2024,1,30.07
2/1/2024,2,19.89
2/1/2024,3,29.6
2/1/2024,4,17.54
2/1/2024,5,10.55
2/1/2024,6,28.22
2/1/2024,7,47.13
2/1/2024,8,65.43
2/1/2024,9,71.3
2/1/2024,10,70.16
2/1/2024,11,71.77
2/1/2024,12,75.33
2/1/2024,13,79.71
2/1/2024,14,80.61
2/1/2024,15,82.18
2/1/2024,16,83.04
2/1/2024,17,85.91
2/1/2024,18,84.07
2/1/2024,19,78.11
2/1/2024,20,68.82
2/1/2024,21,58.56
2/1/2024,22,47.61
2/1/2024,23,40.62
2/1/2024,24,17.77
3/1/2024,1,11.81
3/1/2024,2,10.64
3/1/2024,3,10.09
3/1/2024,4,9.76
3/1/2024,5,10.42
3/1/2024,6,11.72
3/1/2024,7,36.04
3/1/2024,8,43.58
3/1/2024,9,62.66
3/1/2024,10,65.47
3/1/2024,11,60
3/1/2024,12,56.99
3/1/2024,13,55.99
3/1/2024,14,56.02
3/1/2024,15,62.14
3/1/2024,16,70.55
3/1/2024,17,77.63
3/1/2024,18,84.23
3/1/2024,19,85.17
3/1/2024,20,81.94
3/1/2024,21,73.23
3/1/2024,22,67.41
3/1/2024,23,65
3/1/2024,24,58.12
4/1/2024,1,57.3
4/1/2024,2,50.46
4/1/2024,3,40
4/1/2024,4,25.48
4/1/2024,5,35
4/1/2024,6,57.73
4/1/2024,7,72.65
4/1/2024,8,85.02
4/1/2024,9,91.47
4/1/2024,10,94.2
4/1/2024,11,91.83
4/1/2024,12,90.27
4/1/2024,13,86.5
4/1/2024,14,85.96
4/1/2024,15,92.11
4/1/2024,16,98.62
4/1/2024,17,105
4/1/2024,18,118.88
4/1/2024,19,123.53
4/1/2024,20,115.09
4/1/2024,21,101.98
4/1/2024,22,96.84
4/1/2024,23,93.18
4/1/2024,24,88.74
5/1/2024,1,86.08
5/1/2024,2,80.51
5/1/2024,3,77.01
5/1/2024,4,73.1
5/1/2024,5,73.53
5/1/2024,6,75.73
5/1/2024,7,87.56
5/1/2024,8,95.84
5/1/2024,9,98.14
5/1/2024,10,97.74
5/1/2024,11,96.88
5/1/2024,12,98.37
5/1/2024,13,94.62
5/1/2024,14,97.01
5/1/2024,15,103.06
5/1/2024,16,105.83
5/1/2024,17,108.14
5/1/2024,18,111.5
5/1/2024,19,110.41
5/1/2024,20,106.7
5/1/2024,21,102.71
5/1/2024,22,95.54
5/1/2024,23,94.92
5/1/2024,24,86.8
6/1/2024,1,82.25
6/1/2024,2,80.2
6/1/2024,3,76.13
6/1/2024,4,73.01
6/1/2024,5,73.01
6/1/2024,6,74.59
6/1/2024,7,75.1
6/1/2024,8,81.39
6/1/2024,9,88.4
6/1/2024,10,92.23
6/1/2024,11,97.3
6/1/2024,12,100.47
6/1/2024,13,99.16
6/1/2024,14,95
6/1/2024,15,92.52
6/1/2024,16,94.75
6/1/2024,17,99.28
6/1/2024,18,104.29
6/1/2024,19,103.63
6/1/2024,20,99
6/1/2024,21,92.14
6/1/2024,22,88
6/1/2024,23,86.57
6/1/2024,24,79.87
7/1/2024,1,84.08
7/1/2024,2,79.82
7/1/2024,3,76.76
7/1/2024,4,73.46
7/1/2024,5,71.86
7/1/2024,6,72.08
7/1/2024,7,74.9
7/1/2024,8,77.69
7/1/2024,9,81.79
7/1/2024,10,84.86
7/1/2024,11,87.17
7/1/2024,12,89.18
7/1/2024,13,88.66
7/1/2024,14,84.81
7/1/2024,15,84.34
7/1/2024,16,88.01
7/1/2024,17,93.42
7/1/2024,18,101.77
7/1/2024,19,104.85
7/1/2024,20,103.56
7/1/2024,21,100.5
7/1/2024,22,93.31
7/1/2024,23,91.17
7/1/2024,24,83.86
8/1/2024,1,82.54
8/1/2024,2,83.07
8/1/2024,3,78.64
8/1/2024,4,75.97
8/1/2024,5,78.41
8/1/2024,6,82.1
8/1/2024,7,94.3
8/1/2024,8,111.16
8/1/2024,9,121.11
8/1/2024,10,117.83
8/1/2024,11,110.66
8/1/2024,12,103.02
8/1/2024,13,95.48
8/1/2024,14,92.84
8/1/2024,15,100
8/1/2024,16,107.98
8/1/2024,17,119.27
8/1/2024,18,129.83
8/1/2024,19,130
8/1/2024,20,122.06
8/1/2024,21,114.19
8/1/2024,22,102.8
8/1/2024,23,99.96
8/1/2024,24,91.49
9/1/2024,1,87.67
9/1/2024,2,86.54
9/1/2024,3,85
9/1/2024,4,84.11
9/1/2024,5,85.28
9/1/2024,6,89.43
9/1/2024,7,107.7
9/1/2024,8,122.48
9/1/2024,9,132.89
9/1/2024,10,120.87
9/1/2024,11,112.52
9/1/2024,12,105.14
9/1/2024,13,99.64
9/1/2024,14,100.21
9/1/2024,15,110.47
9/1/2024,16,119
9/1/2024,17,127.84
9/1/2024,18,137.79
9/1/2024,19,137.56
9/1/2024,20,130.23
9/1/2024,21,119.91
9/1/2024,22,111.61
9/1/2024,23,105.68
9/1/2024,24,96.74
10/1/2024,1,89.04
10/1/2024,2,86.76
10/1/2024,3,86.73
10/1/2024,4,85.89
10/1/2024,5,86.95
10/1/2024,6,90.05
10/1/2024,7,109.73
10/1/2024,8,127
10/1/2024,9,141.27
10/1/2024,10,130.39
10/1/2024,11,118.65
10/1/2024,12,109.13
10/1/2024,13,101.81
10/1/2024,14,106.47
10/1/2024,15,113.64
10/1/2024,16,124.39
10/1/2024,17,135.22
10/1/2024,18,143.79
10/1/2024,19,140
10/1/2024,20,132.15
10/1/2024,21,120
10/1/2024,22,109.5
10/1/2024,23,104.45
10/1/2024,24,95.79
11/1/2024,1,91.75
11/1/2024,2,88.59
11/1/2024,3,87.25
11/1/2024,4,82.38
11/1/2024,5,82.12
11/1/2024,6,88.98
11/1/2024,7,101.57
11/1/2024,8,116.82
11/1/2024,9,141
11/1/2024,10,129.16
11/1/2024,11,113.65
11/1/2024,12,106.48
11/1/2024,13,99.38
11/1/2024,14,99
11/1/2024,15,105.98
11/1/2024,16,117.81
11/1/2024,17,133.94
11/1/2024,18,148.44
11/1/2024,19,136.64
11/1/2024,20,132.31
11/1/2024,21,117.24
11/1/2024,22,107.19
11/1/2024,23,100
11/1/2024,24,96.63
12/1/2024,1,90.76
12/1/2024,2,87.98
12/1/2024,3,85.43
12/1/2024,4,84.92
12/1/2024,5,85.93
12/1/2024,6,89.34
12/1/2024,7,98.9
12/1/2024,8,120
12/1/2024,9,140.74
12/1/2024,10,134.96
12/1/2024,11,122.01
12/1/2024,12,114.73
12/1/2024,13,106.98
12/1/2024,14,103.08
12/1/2024,15,104.54
12/1/2024,16,110
12/1/2024,17,120
12/1/2024,18,127.5
12/1/2024,19,126
12/1/2024,20,119.47
12/1/2024,21,108.96
12/1/2024,22,99.19
12/1/2024,23,94.22
12/1/2024,24,85.67
13/1/2024,1,90
13/1/2024,2,84.73
13/1/2024,3,82
13/1/2024,4,78.47
13/1/2024,5,75
13/1/2024,6,74.85
13/1/2024,7,76.76
13/1/2024,8,82.4
13/1/2024,9,89.08
13/1/2024,10,82.46
13/1/2024,11,80
13/1/2024,12,75.13
13/1/2024,13,70.96
13/1/2024,14,76.16
13/1/2024,15,96.46
13/1/2024,16,115
13/1/2024,17,112.24
13/1/2024,18,106.04
13/1/2024,19,94.91
13/1/2024,20,92.38
13/1/2024,21,78.81
13/1/2024,22,73.49
13/1/2024,23,68.53
13/1/2024,24,67.13
14/1/2024,1,66.76
14/1/2024,2,65.12
14/1/2024,3,64.74
14/1/2024,4,65.24
14/1/2024,5,65.7
14/1/2024,6,66.54
14/1/2024,7,67.74
14/1/2024,8,72.15
14/1/2024,9,76.86
14/1/2024,10,81.75
14/1/2024,11,81.95
14/1/2024,12,83.17
14/1/2024,13,81.2
14/1/2024,14,77.04
14/1/2024,15,79.15
14/1/2024,16,82.32
14/1/2024,17,86.62
14/1/2024,18,91.86
14/1/2024,19,97.38
14/1/2024,20,89.37
14/1/2024,21,81.68
14/1/2024,22,78.62
14/1/2024,23,75.23
14/1/2024,24,67.08
15/1/2024,1,69.81
15/1/2024,2,66.37
15/1/2024,3,64.41
15/1/2024,4,62.04
15/1/2024,5,62.36
15/1/2024,6,69.59
15/1/2024,7,87.06
15/1/2024,8,102
15/1/2024,9,99.39
15/1/2024,10,100.25
15/1/2024,11,94.83
15/1/2024,12,90.27
15/1/2024,13,84.19
15/1/2024,14,83.42
15/1/2024,15,86.9
15/1/2024,16,93.45
15/1/2024,17,100
15/1/2024,18,105.62
15/1/2024,19,112.59
15/1/2024,20,110.75
15/1/2024,21,103.39
15/1/2024,22,93.32
15/1/2024,23,90.94
15/1/2024,24,87.48
16/1/2024,1,82.41
16/1/2024,2,81.49
16/1/2024,3,80.11
16/1/2024,4,78.28
16/1/2024,5,77.35
16/1/2024,6,82.47
16/1/2024,7,100.69
16/1/2024,8,119.65
16/1/2024,9,144.11
16/1/2024,10,138.6
16/1/2024,11,122
16/1/2024,12,110
16/1/2024,13,103.24
16/1/2024,14,102.29
16/1/2024,15,107.16
16/1/2024,16,120.41
16/1/2024,17,123.95
16/1/2024,18,135.23
16/1/2024,19,131.29
16/1/2024,20,119.78
16/1/2024,21,108.24
16/1/2024,22,96.28
16/1/2024,23,90.58
16/1/2024,24,83.3
17/1/2024,1,77.15
17/1/2024,2,74.53
17/1/2024,3,70.4
17/1/2024,4,69.47
17/1/2024,5,69.73
17/1/2024,6,77.35
17/1/2024,7,84.97
17/1/2024,8,94.67
17/1/2024,9,101.17
17/1/2024,10,106.07
17/1/2024,11,110.33
17/1/2024,12,111.1
17/1/2024,13,116.33
17/1/2024,14,119.65
17/1/2024,15,119.72
17/1/2024,16,122
17/1/2024,17,124.6
17/1/2024,18,135.47
17/1/2024,19,122.33
17/1/2024,20,114.2
17/1/2024,21,108.9
17/1/2024,22,100.55
17/1/2024,23,93.52
17/1/2024,24,83.86
18/1/2024,1,80.8
18/1/2024,2,77.12
18/1/2024,3,75.04
18/1/2024,4,74.58
18/1/2024,5,76.83
18/1/2024,6,81.15
18/1/2024,7,96.1
18/1/2024,8,112.13
18/1/2024,9,127.34
18/1/2024,10,122.77
18/1/2024,11,114.18
18/1/2024,12,110.45
18/1/2024,13,102.6
18/1/2024,14,95.31
18/1/2024,15,95.18
18/1/2024,16,100.5
18/1/2024,17,105.43
18/1/2024,18,109.23
18/1/2024,19,105.86
18/1/2024,20,100.37
18/1/2024,21,93.5
18/1/2024,22,83.79
18/1/2024,23,81.8
18/1/2024,24,73.61
19/1/2024,1,70.88
19/1/2024,2,67.2
19/1/2024,3,66
19/1/2024,4,62.76
19/1/2024,5,63.32
19/1/2024,6,67.52
19/1/2024,7,78.12
19/1/2024,8,89.92
19/1/2024,9,104.27
19/1/2024,10,103.32
19/1/2024,11,95.94
19/1/2024,12,86.6
19/1/2024,13,77.62
19/1/2024,14,73.72
19/1/2024,15,75.56
19/1/2024,16,84.93
19/1/2024,17,91.21
19/1/2024,18,98.08
19/1/2024,19,96.24
19/1/2024,20,90.34
19/1/2024,21,81.63
19/1/2024,22,73.24
19/1/2024,23,73.94
19/1/2024,24,66.67
20/1/2024,1,68.33
20/1/2024,2,64.06
20/1/2024,3,64.79
20/1/2024,4,62.44
20/1/2024,5,62.12
20/1/2024,6,62.39
20/1/2024,7,63.99
20/1/2024,8,68.59
20/1/2024,9,76.63
20/1/2024,10,79.94
20/1/2024,11,73.95
20/1/2024,12,71.92
20/1/2024,13,69.09
20/1/2024,14,68.97
20/1/2024,15,73.39
20/1/2024,16,79.02
20/1/2024,17,85.88
20/1/2024,18,93.36
20/1/2024,19,99.07
20/1/2024,20,92.56
20/1/2024,21,86.14
20/1/2024,22,76.15
20/1/2024,23,75.25
20/1/2024,24,69.13
21/1/2024,1,68.49
21/1/2024,2,57.8
21/1/2024,3,55.15
21/1/2024,4,50.89
21/1/2024,5,51.55
21/1/2024,6,55.47
21/1/2024,7,54.78
21/1/2024,8,75.06
21/1/2024,9,74.72
21/1/2024,10,61.94
21/1/2024,11,58.81
21/1/2024,12,54.25
21/1/2024,13,46.95
21/1/2024,14,52.77
21/1/2024,15,61.5
21/1/2024,16,77.38
21/1/2024,17,108.78
21/1/2024,18,109.21
21/1/2024,19,107.68
21/1/2024,20,100
21/1/2024,21,100.31
21/1/2024,22,76.86
21/1/2024,23,73.65
21/1/2024,24,74.07
22/1/2024,1,59.63
22/1/2024,2,62.24
22/1/2024,3,57.95
22/1/2024,4,59.38
22/1/2024,5,66.51
22/1/2024,6,80
22/1/2024,7,119.86
22/1/2024,8,140.98
22/1/2024,9,102.4
22/1/2024,10,101.04
22/1/2024,11,81.95
22/1/2024,12,79.63
22/1/2024,13,61.9
22/1/2024,14,81.94
22/1/2024,15,95.96
22/1/2024,16,95.81
22/1/2024,17,90
22/1/2024,18,91.62
22/1/2024,19,81.45
22/1/2024,20,114.93
22/1/2024,21,88.97
22/1/2024,22,70
22/1/2024,23,90
22/1/2024,24,80
23/1/2024,1,62.19
23/1/2024,2,67.75
23/1/2024,3,70.03
23/1/2024,4,67.66
23/1/2024,5,67.75
23/1/2024,6,70.03
23/1/2024,7,115.36
23/1/2024,8,113.47
23/1/2024,9,110
23/1/2024,10,96
23/1/2024,11,79.5
23/1/2024,12,67.94
23/1/2024,13,62
23/1/2024,14,63.54
23/1/2024,15,73
23/1/2024,16,84
23/1/2024,17,86.33
23/1/2024,18,78.49
23/1/2024,19,77.04
23/1/2024,20,92.22
23/1/2024,21,96
23/1/2024,22,87
23/1/2024,23,67.75
23/1/2024,24,62.57
24/1/2024,1,68.56
24/1/2024,2,62.01
24/1/2024,3,60.5
24/1/2024,4,59.7
24/1/2024,5,59.52
24/1/2024,6,57.79
24/1/2024,7,100
24/1/2024,8,100
24/1/2024,9,90.15
24/1/2024,10,91.74
24/1/2024,11,100
24/1/2024,12,102.19
24/1/2024,13,100
24/1/2024,14,104.67
24/1/2024,15,90
24/1/2024,16,90
24/1/2024,17,83.64
24/1/2024,18,81.91
24/1/2024,19,72.24
24/1/2024,20,61.44
24/1/2024,21,59.34
24/1/2024,22,48.28
24/1/2024,23,46.52
24/1/2024,24,44.52
25/1/2024,1,47.58
25/1/2024,2,47.61
25/1/2024,3,46.19
25/1/2024,4,46.54
25/1/2024,5,47.78
25/1/2024,6,53.1
25/1/2024,7,71.22
25/1/2024,8,73.11
25/1/2024,9,91.28
25/1/2024,10,87.86
25/1/2024,11,83.89
25/1/2024,12,78.66
25/1/2024,13,74.95
25/1/2024,14,78.03
25/1/2024,15,85.98
25/1/2024,16,92.31
25/1/2024,17,100.93
25/1/2024,18,120.22
25/1/2024,19,114.24
25/1/2024,20,98.95
25/1/2024,21,90.7
25/1/2024,22,86.09
25/1/2024,23,79.94
25/1/2024,24,74.82
26/1/2024,1,62.8
26/1/2024,2,62
26/1/2024,3,58.49
26/1/2024,4,58.25
26/1/2024,5,63.38
26/1/2024,6,68.54
26/1/2024,7,82
26/1/2024,8,95
26/1/2024,9,99.95
26/1/2024,10,84.64
26/1/2024,11,76.18
26/1/2024,12,78.32
26/1/2024,13,72.74
26/1/2024,14,73.05
26/1/2024,15,85.48
26/1/2024,16,98.47
26/1/2024,17,91.32
26/1/2024,18,94.91
26/1/2024,19,90
26/1/2024,20,85.85
26/1/2024,21,74.45
26/1/2024,22,68.8
26/1/2024,23,61.9
26/1/2024,24,59
27/1/2024,1,57.18
27/1/2024,2,55.92
27/1/2024,3,56.52
27/1/2024,4,55.15
27/1/2024,5,55.76
27/1/2024,6,56.83
27/1/2024,7,59.56
27/1/2024,8,65.86
27/1/2024,9,75.34
27/1/2024,10,72.76
27/1/2024,11,60.49
27/1/2024,12,56.75
27/1/2024,13,55.84
27/1/2024,14,53.88
27/1/2024,15,59.69
27/1/2024,16,72.53
27/1/2024,17,80
27/1/2024,18,89.7
27/1/2024,19,95.74
27/1/2024,20,92.28
27/1/2024,21,84.68
27/1/2024,22,77.99
27/1/2024,23,75.97
27/1/2024,24,72.7
28/1/2024,1,66.77
28/1/2024,2,60.8
28/1/2024,3,59.34
28/1/2024,4,59.37
28/1/2024,5,60.63
28/1/2024,6,63.19
28/1/2024,7,59.83
28/1/2024,8,63.52
28/1/2024,9,63.91
28/1/2024,10,60.53
28/1/2024,11,57.56
28/1/2024,12,56.54
28/1/2024,13,52.97
28/1/2024,14,49.03
28/1/2024,15,58.48
28/1/2024,16,66.26
28/1/2024,17,77.99
28/1/2024,18,84.83
28/1/2024,19,81.56
28/1/2024,20,79.11
28/1/2024,21,77.01
28/1/2024,22,66.41
28/1/2024,23,64.37
28/1/2024,24,56
29/1/2024,1,49.97
29/1/2024,2,47.26
29/1/2024,3,48.12
29/1/2024,4,47.97
29/1/2024,5,51.58
29/1/2024,6,60.06
29/1/2024,7,85.46
29/1/2024,8,95
29/1/2024,9,99.47
29/1/2024,10,88.39
29/1/2024,11,78.9
29/1/2024,12,71.27
29/1/2024,13,70.24
29/1/2024,14,74.77
29/1/2024,15,82.21
29/1/2024,16,97.6
29/1/2024,17,108.43
29/1/2024,18,126.84
29/1/2024,19,116.94
29/1/2024,20,107.52
29/1/2024,21,91.73
29/1/2024,22,86.47
29/1/2024,23,83.37
29/1/2024,24,80.29
30/1/2024,1,71.94
30/1/2024,2,68.78
30/1/2024,3,69.37
30/1/2024,4,67.31
30/1/2024,5,67.01
30/1/2024,6,69.37
30/1/2024,7,82.78
30/1/2024,8,93.2
30/1/2024,9,96.05
30/1/2024,10,84.93
30/1/2024,11,77.15
30/1/2024,12,70.1
30/1/2024,13,68.1
30/1/2024,14,68.23
30/1/2024,15,71.93
30/1/2024,16,83.91
30/1/2024,17,87
30/1/2024,18,91.27
30/1/2024,19,95.52
30/1/2024,20,92.89
30/1/2024,21,89.2
30/1/2024,22,78.58
30/1/2024,23,75.9
30/1/2024,24,71.94
31/1/2024,1,71.84
31/1/2024,2,70.38
31/1/2024,3,70.89
31/1/2024,4,69.82
31/1/2024,5,69.01
31/1/2024,6,73.58
31/1/2024,7,84.97
31/1/2024,8,107.22
31/1/2024,9,120.97
31/1/2024,10,93.58
31/1/2024,11,82.98
31/1/2024,12,77.09
31/1/2024,13,74.91
31/1/2024,14,70
31/1/2024,15,87.85
31/1/2024,16,88.22
31/1/2024,17,90
31/1/2024,18,97.4
31/1/2024,19,100
31/1/2024,20,108.79
31/1/2024,21,110
31/1/2024,22,93
31/1/2024,23,80
31/1/2024,24,68.5
1/2/2024,1,86.29
1/2/2024,2,95
1/2/2024,3,80.01
1/2/2024,4,80.01
1/2/2024,5,80.01
1/2/2024,6,87.1
1/2/2024,7,95
1/2/2024,8,100
1/2/2024,9,94.73
1/2/2024,10,88.59
1/2/2024,11,84.25
1/2/2024,12,82.92
1/2/2024,13,83.07
1/2/2024,14,92.11
1/2/2024,15,88.15
1/2/2024,16,86.72
1/2/2024,17,90.64
1/2/2024,18,93.98
1/2/2024,19,93.81
1/2/2024,20,100.5
1/2/2024,21,91.08
1/2/2024,22,83.4
1/2/2024,23,81.91
1/2/2024,24,73.44
2/2/2024,1,64.23
2/2/2024,2,59.94
2/2/2024,3,58
2/2/2024,4,54.69
2/2/2024,5,58.78
2/2/2024,6,62.63
2/2/2024,7,105
2/2/2024,8,110
2/2/2024,9,104.33
2/2/2024,10,89.39
2/2/2024,11,82.15
2/2/2024,12,75.73
2/2/2024,13,67.49
2/2/2024,14,70.25
2/2/2024,15,85.71
2/2/2024,16,110.61
2/2/2024,17,110
2/2/2024,18,110
2/2/2024,19,103.65
2/2/2024,20,110
2/2/2024,21,105
2/2/2024,22,86
2/2/2024,23,71.51
2/2/2024,24,69.01
3/2/2024,1,65
3/2/2024,2,65
3/2/2024,3,70
3/2/2024,4,70
3/2/2024,5,70
3/2/2024,6,75
3/2/2024,7,85
3/2/2024,8,110
3/2/2024,9,85.02
3/2/2024,10,70
3/2/2024,11,63
3/2/2024,12,53.7
3/2/2024,13,47.95
3/2/2024,14,46.69
3/2/2024,15,46.36
3/2/2024,16,70
3/2/2024,17,77.7
3/2/2024,18,85
3/2/2024,19,81.43
3/2/2024,20,86.45
3/2/2024,21,94.3
3/2/2024,22,75
3/2/2024,23,65
3/2/2024,24,59.66
4/2/2024,1,36.99
4/2/2024,2,32.56
4/2/2024,3,47.38
4/2/2024,4,18.03
4/2/2024,5,11.93
4/2/2024,6,44.27
4/2/2024,7,49.71
4/2/2024,8,72
4/2/2024,9,64.97
4/2/2024,10,60.08
4/2/2024,11,42.09
4/2/2024,12,34.4
4/2/2024,13,23.48
4/2/2024,14,19.81
4/2/2024,15,30.97
4/2/2024,16,56.2
4/2/2024,17,95
4/2/2024,18,103.29
4/2/2024,19,94.81
4/2/2024,20,114.65
4/2/2024,21,116.31
4/2/2024,22,85
4/2/2024,23,77.29
4/2/2024,24,73.98
5/2/2024,1,58.76
5/2/2024,2,57.04
5/2/2024,3,34.17
5/2/2024,4,18.39
5/2/2024,5,11.56
5/2/2024,6,75
5/2/2024,7,120
5/2/2024,8,158.44
5/2/2024,9,113.3
5/2/2024,10,75
5/2/2024,11,56.98
5/2/2024,12,45.34
5/2/2024,13,27.1
5/2/2024,14,21.68
5/2/2024,15,57.17
5/2/2024,16,72.53
5/2/2024,17,85
5/2/2024,18,92.76
5/2/2024,19,93.51
5/2/2024,20,87.68
5/2/2024,21,85
5/2/2024,22,72.08
5/2/2024,23,62.66
5/2/2024,24,53.26
6/2/2024,1,53.01
6/2/2024,2,53.01
6/2/2024,3,31.69
6/2/2024,4,43.51
6/2/2024,5,55.01
6/2/2024,6,61.71
6/2/2024,7,94.07
6/2/2024,8,108.51
6/2/2024,9,90
6/2/2024,10,70
6/2/2024,11,59.93
6/2/2024,12,53.27
6/2/2024,13,44.72
6/2/2024,14,43.55
6/2/2024,15,57.96
6/2/2024,16,71.96
6/2/2024,17,78.05
6/2/2024,18,91.29
6/2/2024,19,85.15
6/2/2024,20,86.91
6/2/2024,21,82.58
6/2/2024,22,75
6/2/2024,23,60.08
6/2/2024,24,53.19
7/2/2024,1,45.08
7/2/2024,2,40.75
7/2/2024,3,39.76
7/2/2024,4,47.95
7/2/2024,5,53.98
7/2/2024,6,59.08
7/2/2024,7,75.55
7/2/2024,8,86.3
7/2/2024,9,87.06
7/2/2024,10,84.78
7/2/2024,11,80.09
7/2/2024,12,77
7/2/2024,13,75.41
7/2/2024,14,78.04
7/2/2024,15,77.22
7/2/2024,16,86.55
7/2/2024,17,95.22
7/2/2024,18,116.3
7/2/2024,19,132.67
7/2/2024,20,108.52
7/2/2024,21,98.68
7/2/2024,22,88.5
7/2/2024,23,84.13
7/2/2024,24,78.37
8/2/2024,1,73.7
8/2/2024,2,73.2
8/2/2024,3,72.15
8/2/2024,4,72.08
8/2/2024,5,72.73
8/2/2024,6,77.95
8/2/2024,7,91.78
8/2/2024,8,109.42
8/2/2024,9,129.39
8/2/2024,10,110
8/2/2024,11,94.57
8/2/2024,12,89.22
8/2/2024,13,85.47
8/2/2024,14,88.2
8/2/2024,15,93.64
8/2/2024,16,95.98
8/2/2024,17,99.67
8/2/2024,18,109.09
8/2/2024,19,102.42
8/2/2024,20,97.07
8/2/2024,21,92.48
8/2/2024,22,85.14
8/2/2024,23,79.22
8/2/2024,24,71.18
9/2/2024,1,63.16
9/2/2024,2,62.84
9/2/2024,3,60.59
9/2/2024,4,58.15
9/2/2024,5,57.44
9/2/2024,6,60.85
9/2/2024,7,71.32
9/2/2024,8,80
9/2/2024,9,81.86
9/2/2024,10,78.16
9/2/2024,11,74.4
9/2/2024,12,75.14
9/2/2024,13,74.02
9/2/2024,14,74.62
9/2/2024,15,78.13
9/2/2024,16,84.34
9/2/2024,17,89.61
9/2/2024,18,94.61
9/2/2024,19,95.28
9/2/2024,20,88.5
9/2/2024,21,83.54
9/2/2024,22,75.92
9/2/2024,23,74.91
9/2/2024,24,70.94
10/2/2024,1,63.1
10/2/2024,2,64.08
10/2/2024,3,64.4
10/2/2024,4,64.39
10/2/2024,5,64.41
10/2/2024,6,65.82
10/2/2024,7,70.91
10/2/2024,8,74.86
10/2/2024,9,77.7
10/2/2024,10,80.38
10/2/2024,11,74.63
10/2/2024,12,69.46
10/2/2024,13,66.05
10/2/2024,14,66.72
10/2/2024,15,69.53
10/2/2024,16,77.17
10/2/2024,17,85.78
10/2/2024,18,88.73
10/2/2024,19,88.46
10/2/2024,20,81.14
10/2/2024,21,74.4
10/2/2024,22,67.91
10/2/2024,23,66.13
10/2/2024,24,63.5
11/2/2024,1,55.48
11/2/2024,2,53.81
11/2/2024,3,52.6
11/2/2024,4,46.83
11/2/2024,5,43.65
11/2/2024,6,46.2
11/2/2024,7,49.42
11/2/2024,8,53.67
11/2/2024,9,56.45
11/2/2024,10,58.43
11/2/2024,11,61.64
11/2/2024,12,65.89
11/2/2024,13,64.91
11/2/2024,14,61.21
11/2/2024,15,62.76
11/2/2024,16,64.35
11/2/2024,17,68.95
11/2/2024,18,77.3
11/2/2024,19,82.02
11/2/2024,20,80.55
11/2/2024,21,76.76
11/2/2024,22,70.72
11/2/2024,23,68.39
11/2/2024,24,64.01
12/2/2024,1,64.35
12/2/2024,2,60.19
12/2/2024,3,59.07
12/2/2024,4,58.16
12/2/2024,5,59.21
12/2/2024,6,65
12/2/2024,7,76
12/2/2024,8,85.41
12/2/2024,9,104
12/2/2024,10,96.5
12/2/2024,11,85.47
12/2/2024,12,79.55
12/2/2024,13,70.34
12/2/2024,14,68.06
12/2/2024,15,70.35
12/2/2024,16,73.9
12/2/2024,17,81.61
12/2/2024,18,92.56
12/2/2024,19,96
12/2/2024,20,89.08
12/2/2024,21,79.15
12/2/2024,22,71.54
12/2/2024,23,65.87
12/2/2024,24,61.9
13/2/2024,1,68.59
13/2/2024,2,65.37
13/2/2024,3,63.41
13/2/2024,4,60.49
13/2/2024,5,60.06
13/2/2024,6,63.59
13/2/2024,7,70.95
13/2/2024,8,86.03
13/2/2024,9,89.19
13/2/2024,10,75.12
13/2/2024,11,69.21
13/2/2024,12,63.87
13/2/2024,13,60.53
13/2/2024,14,60.26
13/2/2024,15,63.1
13/2/2024,16,70.7
13/2/2024,17,85.93
13/2/2024,18,98.86
13/2/2024,19,102.55
13/2/2024,20,95.51
13/2/2024,21,84.78
13/2/2024,22,79.01
13/2/2024,23,72.73
13/2/2024,24,66.45
14/2/2024,1,60.63
14/2/2024,2,59.34
14/2/2024,3,55.76
14/2/2024,4,54.79
14/2/2024,5,55.06
14/2/2024,6,62.88
14/2/2024,7,72.99
14/2/2024,8,82.25
14/2/2024,9,84.87
14/2/2024,10,69.65
14/2/2024,11,63.86
14/2/2024,12,63.29
14/2/2024,13,62.37
14/2/2024,14,62.75
14/2/2024,15,68.15
14/2/2024,16,73.05
14/2/2024,17,83.44
14/2/2024,18,89.3
14/2/2024,19,91.69
14/2/2024,20,88.3
14/2/2024,21,80.22
14/2/2024,22,72.42
14/2/2024,23,68.2
14/2/2024,24,63.8
15/2/2024,1,62.11
15/2/2024,2,61.2
15/2/2024,3,60.16
15/2/2024,4,59.22
15/2/2024,5,61.05
15/2/2024,6,65.85
15/2/2024,7,75.43
15/2/2024,8,82.95
15/2/2024,9,84.39
15/2/2024,10,79.11
15/2/2024,11,74.73
15/2/2024,12,70.89
15/2/2024,13,69.17
15/2/2024,14,70.35
15/2/2024,15,69.91
15/2/2024,16,75.7
15/2/2024,17,84.25
15/2/2024,18,90.92
15/2/2024,19,90.47
15/2/2024,20,81.7
15/2/2024,21,75.72
15/2/2024,22,69.19
15/2/2024,23,65.99
15/2/2024,24,60.87
16/2/2024,1,51.76
16/2/2024,2,51.08
16/2/2024,3,49.92
16/2/2024,4,48.73
16/2/2024,5,50.94
16/2/2024,6,53.14
16/2/2024,7,75.79
16/2/2024,8,75.14
16/2/2024,9,70.5
16/2/2024,10,64.84
16/2/2024,11,54.37
16/2/2024,12,53
16/2/2024,13,52.45
16/2/2024,14,52.31
16/2/2024,15,53.78
16/2/2024,16,62.71
16/2/2024,17,69.95
16/2/2024,18,77.18
16/2/2024,19,77.42
16/2/2024,20,76.99
16/2/2024,21,72.53
16/2/2024,22,69.34
16/2/2024,23,68.08
16/2/2024,24,60.15
17/2/2024,1,57.23
17/2/2024,2,57
17/2/2024,3,56.44
17/2/2024,4,55.18
17/2/2024,5,55.08
17/2/2024,6,55.77
17/2/2024,7,55.21
17/2/2024,8,57.42
17/2/2024,9,64.93
17/2/2024,10,63.29
17/2/2024,11,62.33
17/2/2024,12,60.93
17/2/2024,13,58.44
17/2/2024,14,55.3
17/2/2024,15,59.1
17/2/2024,16,68.05
17/2/2024,17,73.97
17/2/2024,18,86.76
17/2/2024,19,107.06
17/2/2024,20,89.92
17/2/2024,21,80.64
17/2/2024,22,74.38
17/2/2024,23,72.27
17/2/2024,24,69.11
18/2/2024,1,62.28
18/2/2024,2,54.81
18/2/2024,3,51.42
18/2/2024,4,50.27
18/2/2024,5,50.1
18/2/2024,6,48.47
18/2/2024,7,46.02
18/2/2024,8,48.97
18/2/2024,9,47.28
18/2/2024,10,43.03
18/2/2024,11,40.45
18/2/2024,12,41
18/2/2024,13,40.27
18/2/2024,14,40.02
18/2/2024,15,43.27
18/2/2024,16,53.95
18/2/2024,17,61.85
18/2/2024,18,70.84
18/2/2024,19,73.19
18/2/2024,20,70.44
18/2/2024,21,64.71
18/2/2024,22,59.83
18/2/2024,23,57.33
18/2/2024,24,53.94
19/2/2024,1,44
19/2/2024,2,43.2
19/2/2024,3,44.24
19/2/2024,4,43.91
19/2/2024,5,44.92
19/2/2024,6,51.57
19/2/2024,7,68.75
19/2/2024,8,79.15
19/2/2024,9,84.81
19/2/2024,10,75.76
19/2/2024,11,72.52
19/2/2024,12,71.82
19/2/2024,13,71.6
19/2/2024,14,71.05
19/2/2024,15,69.44
19/2/2024,16,74.15
19/2/2024,17,74.49
19/2/2024,18,78.83
19/2/2024,19,95.84
19/2/2024,20,81.52
19/2/2024,21,73.4
19/2/2024,22,68.03
19/2/2024,23,66.27
19/2/2024,24,59.07
20/2/2024,1,58.06
20/2/2024,2,54.32
20/2/2024,3,53.96
20/2/2024,4,53.56
20/2/2024,5,52.95
20/2/2024,6,54.65
20/2/2024,7,70.11
20/2/2024,8,87.25
20/2/2024,9,90
20/2/2024,10,78.33
20/2/2024,11,69.82
20/2/2024,12,60.8
20/2/2024,13,53.88
20/2/2024,14,54.27
20/2/2024,15,54.01
20/2/2024,16,60.71
20/2/2024,17,69.14
20/2/2024,18,77.35
20/2/2024,19,78.31
20/2/2024,20,80.03
20/2/2024,21,75.77
20/2/2024,22,70.63
20/2/2024,23,73.99
20/2/2024,24,55.66
21/2/2024,1,52.2
21/2/2024,2,48.46
21/2/2024,3,46.71
21/2/2024,4,44.61
21/2/2024,5,45.14
21/2/2024,6,49.75
21/2/2024,7,70.09
21/2/2024,8,81.95
21/2/2024,9,84.68
21/2/2024,10,70
21/2/2024,11,64.1
21/2/2024,12,60.39
21/2/2024,13,53.01
21/2/2024,14,51.74
21/2/2024,15,56.73
21/2/2024,16,65.72
21/2/2024,17,70.09
21/2/2024,18,75.78
21/2/2024,19,74.67
21/2/2024,20,72
21/2/2024,21,70
21/2/2024,22,53.56
21/2/2024,23,53.35
21/2/2024,24,49.56
22/2/2024,1,49.44
22/2/2024,2,50.37
22/2/2024,3,52.25
22/2/2024,4,49.59
22/2/2024,5,49.21
22/2/2024,6,53.77
22/2/2024,7,70
22/2/2024,8,78.84
22/2/2024,9,81.08
22/2/2024,10,72.97
22/2/2024,11,70.35
22/2/2024,12,67.5
22/2/2024,13,67.23
22/2/2024,14,67.57
22/2/2024,15,66.44
22/2/2024,16,68.23
22/2/2024,17,68.72
22/2/2024,18,69.4
22/2/2024,19,67.94
22/2/2024,20,66.51
22/2/2024,21,50.95
22/2/2024,22,30.72
22/2/2024,23,12.12
22/2/2024,24,5.61
23/2/2024,1,12.99
23/2/2024,2,33.9
23/2/2024,3,21.31
23/2/2024,4,17.41
23/2/2024,5,27.93
23/2/2024,6,85.23
23/2/2024,7,87.94
23/2/2024,8,95.57
23/2/2024,9,86.92
23/2/2024,10,86.84
23/2/2024,11,68.74
23/2/2024,12,65
23/2/2024,13,64.3
23/2/2024,14,58.08
23/2/2024,15,62.46
23/2/2024,16,58.11
23/2/2024,17,67.88
23/2/2024,18,76.43
23/2/2024,19,86.44
23/2/2024,20,84.01
23/2/2024,21,72.97
23/2/2024,22,69.26
23/2/2024,23,67.98
23/2/2024,24,65.1
24/2/2024,1,66.47
24/2/2024,2,63.9
24/2/2024,3,59.5
24/2/2024,4,55.2
24/2/2024,5,55.39
24/2/2024,6,57.1
24/2/2024,7,61.67
24/2/2024,8,66.11
24/2/2024,9,64.4
24/2/2024,10,57.6
24/2/2024,11,49.28
24/2/2024,12,46.08
24/2/2024,13,40.36
24/2/2024,14,32.22
24/2/2024,15,37.6
24/2/2024,16,45
24/2/2024,17,55.92
24/2/2024,18,71.16
24/2/2024,19,79.23
24/2/2024,20,74.13
24/2/2024,21,65.17
24/2/2024,22,59.94
24/2/2024,23,56.59
24/2/2024,24,52.74
25/2/2024,1,56.57
25/2/2024,2,55.44
25/2/2024,3,55.39
25/2/2024,4,54.89
25/2/2024,5,55.19
25/2/2024,6,55.07
25/2/2024,7,56.76
25/2/2024,8,59.92
25/2/2024,9,62.01
25/2/2024,10,62.13
25/2/2024,11,56.27
25/2/2024,12,54.1
25/2/2024,13,50
25/2/2024,14,46.03
25/2/2024,15,49.84
25/2/2024,16,55
25/2/2024,17,67.32
25/2/2024,18,80.61
25/2/2024,19,92.28
25/2/2024,20,79.04
25/2/2024,21,69.97
25/2/2024,22,65.86
25/2/2024,23,65.23
25/2/2024,24,58.38
26/2/2024,1,57.83
26/2/2024,2,56.82
26/2/2024,3,54.08
26/2/2024,4,51.8
26/2/2024,5,53.25
26/2/2024,6,57.92
26/2/2024,7,69.61
26/2/2024,8,79.56
26/2/2024,9,81.6
26/2/2024,10,73.83
26/2/2024,11,66.65
26/2/2024,12,65.03
26/2/2024,13,58.42
26/2/2024,14,58.19
26/2/2024,15,61.29
26/2/2024,16,64.95
26/2/2024,17,69.95
26/2/2024,18,77.16
26/2/2024,19,86.3
26/2/2024,20,83.9
26/2/2024,21,77
26/2/2024,22,68.29
26/2/2024,23,65.21
26/2/2024,24,60.76
27/2/2024,1,57.62
27/2/2024,2,57.55
27/2/2024,3,57.35
27/2/2024,4,56.87
27/2/2024,5,57.35
27/2/2024,6,64.13
27/2/2024,7,78.14
27/2/2024,8,94.51
27/2/2024,9,95.54
27/2/2024,10,80.81
27/2/2024,11,68.71
27/2/2024,12,64.76
27/2/2024,13,59.09
27/2/2024,14,59.08
27/2/2024,15,64.31
27/2/2024,16,71.1
27/2/2024,17,78.18
27/2/2024,18,98.37
27/2/2024,19,111.4
27/2/2024,20,105.17
27/2/2024,21,86.74
27/2/2024,22,77.22
27/2/2024,23,71.21
27/2/2024,24,64.97
28/2/2024,1,60.36
28/2/2024,2,59.4
28/2/2024,3,61.34
28/2/2024,4,63.46
28/2/2024,5,64.9
28/2/2024,6,68.82
28/2/2024,7,79
28/2/2024,8,97.85
28/2/2024,9,104.49
28/2/2024,10,85.46
28/2/2024,11,73.99
28/2/2024,12,67.55
28/2/2024,13,63.93
28/2/2024,14,62.91
28/2/2024,15,63.77
28/2/2024,16,72.96
28/2/2024,17,78.84
28/2/2024,18,92.21
28/2/2024,19,95.36
28/2/2024,20,84.06
28/2/2024,21,74.16
28/2/2024,22,71.1
28/2/2024,23,68.37
28/2/2024,24,58.31
29/2/2024,1,59.88
29/2/2024,2,58.37
29/2/2024,3,55.8
29/2/2024,4,53.72
29/2/2024,5,54.13
29/2/2024,6,60.22
29/2/2024,7,72.5
29/2/2024,8,81.41
29/2/2024,9,79.84
29/2/2024,10,72.15
29/2/2024,11,61.35
29/2/2024,12,56.19
29/2/2024,13,54.39
29/2/2024,14,56.12
29/2/2024,15,58.29
29/2/2024,16,67.04
29/2/2024,17,75.65
29/2/2024,18,83.25
29/2/2024,19,86.26
29/2/2024,20,80.99
29/2/2024,21,72.77
29/2/2024,22,67.25
29/2/2024,23,64.9
29/2/2024,24,60.9
1/3/2024,1,62.04
1/3/2024,2,61.42
1/3/2024,3,58.14
1/3/2024,4,57.83
1/3/2024,5,58.3
1/3/2024,6,62.49
1/3/2024,7,71.58
1/3/2024,8,79.36
1/3/2024,9,83.5
1/3/2024,10,76.27
1/3/2024,11,66.46
1/3/2024,12,64.76
1/3/2024,13,61.06
1/3/2024,14,63.73
1/3/2024,15,67.11
1/3/2024,16,71.54
1/3/2024,17,77.02
1/3/2024,18,88.64
1/3/2024,19,92.96
1/3/2024,20,87.19
1/3/2024,21,77.49
1/3/2024,22,71.62
1/3/2024,23,70.06
1/3/2024,24,66.39
2/3/2024,1,59.95
2/3/2024,2,56.03
2/3/2024,3,56.02
2/3/2024,4,55.48
2/3/2024,5,54.88
2/3/2024,6,55.99
2/3/2024,7,56.58
2/3/2024,8,60.67
2/3/2024,9,63.76
2/3/2024,10,65.75
2/3/2024,11,60.44
2/3/2024,12,59.56
2/3/2024,13,56.06
2/3/2024,14,54.9
2/3/2024,15,59.86
2/3/2024,16,66.08
2/3/2024,17,73
2/3/2024,18,80.66
2/3/2024,19,93.6
2/3/2024,20,89.9
2/3/2024,21,76.98
2/3/2024,22,70.13
2/3/2024,23,63.27
2/3/2024,24,57.53
3/3/2024,1,55.29
3/3/2024,2,54.96
3/3/2024,3,54.92
3/3/2024,4,55.79
3/3/2024,5,55.33
3/3/2024,6,56.08
3/3/2024,7,56.79
3/3/2024,8,57.94
3/3/2024,9,56.2
3/3/2024,10,55.48
3/3/2024,11,53.6
3/3/2024,12,51.12
3/3/2024,13,48.03
3/3/2024,14,42.51
3/3/2024,15,46.84
3/3/2024,16,54.21
3/3/2024,17,60.28
3/3/2024,18,75.1
3/3/2024,19,83.56
3/3/2024,20,86.96
3/3/2024,21,81.8
3/3/2024,22,75
3/3/2024,23,72.18
3/3/2024,24,72.42
4/3/2024,1,69.13
4/3/2024,2,67.9
4/3/2024,3,67.41
4/3/2024,4,66.22
4/3/2024,5,65.59
4/3/2024,6,70.83
4/3/2024,7,81.18
4/3/2024,8,96.67
4/3/2024,9,102.97
4/3/2024,10,85.02
4/3/2024,11,59.63
4/3/2024,12,56.77
4/3/2024,13,57.86
4/3/2024,14,59.85
4/3/2024,15,62.5
4/3/2024,16,69.86
4/3/2024,17,77.28
4/3/2024,18,90.88
4/3/2024,19,105.18
4/3/2024,20,99.13
4/3/2024,21,80.52
4/3/2024,22,71.39
4/3/2024,23,67.52
4/3/2024,24,63.93
5/3/2024,1,61.96
5/3/2024,2,61.67
5/3/2024,3,61.33
5/3/2024,4,59.86
5/3/2024,5,60.56
5/3/2024,6,61.67
5/3/2024,7,71.53
5/3/2024,8,79.28
5/3/2024,9,83.02
5/3/2024,10,77
5/3/2024,11,71.15
5/3/2024,12,69.72
5/3/2024,13,67.19
5/3/2024,14,67.49
5/3/2024,15,71.04
5/3/2024,16,73.59
5/3/2024,17,76.83
5/3/2024,18,88.66
5/3/2024,19,105.96
5/3/2024,20,114.58
5/3/2024,21,94.55
5/3/2024,22,83.75
5/3/2024,23,77.26
5/3/2024,24,71.96
6/3/2024,1,71
6/3/2024,2,70.7
6/3/2024,3,70.46
6/3/2024,4,69.74
6/3/2024,5,70.46
6/3/2024,6,73.91
6/3/2024,7,83.98
6/3/2024,8,106.64
6/3/2024,9,108.7
6/3/2024,10,87.21
6/3/2024,11,70.11
6/3/2024,12,67.15
6/3/2024,13,69.23
6/3/2024,14,69.29
6/3/2024,15,70.64
6/3/2024,16,72.93
6/3/2024,17,81.48
6/3/2024,18,100.93
6/3/2024,19,119.4
6/3/2024,20,119.21
6/3/2024,21,93.31
6/3/2024,22,80.15
6/3/2024,23,77.98
6/3/2024,24,74.34
7/3/2024,1,73.33
7/3/2024,2,72.32
7/3/2024,3,70.34
7/3/2024,4,68.71
7/3/2024,5,69.89
7/3/2024,6,73.13
7/3/2024,7,84.27
7/3/2024,8,103.2
7/3/2024,9,96.7
7/3/2024,10,79.09
7/3/2024,11,71.31
7/3/2024,12,66.16
7/3/2024,13,61.82
7/3/2024,14,60.33
7/3/2024,15,63.46
7/3/2024,16,69.93
7/3/2024,17,76.72
7/3/2024,18,92.85
7/3/2024,19,105.93
7/3/2024,20,94.95
7/3/2024,21,88.05
7/3/2024,22,77.74
7/3/2024,23,75.06
7/3/2024,24,69.84
8/3/2024,1,70.26
8/3/2024,2,66.96
8/3/2024,3,67.01
8/3/2024,4,65.99
8/3/2024,5,68.72
8/3/2024,6,70.41
8/3/2024,7,87.18
8/3/2024,8,95.05
8/3/2024,9,88.89
8/3/2024,10,74.36
8/3/2024,11,57.8
8/3/2024,12,56.4
8/3/2024,13,79.79
8/3/2024,14,80
8/3/2024,15,64
8/3/2024,16,68.68
8/3/2024,17,69.98
8/3/2024,18,83.37
8/3/2024,19,93.12
8/3/2024,20,90.34
8/3/2024,21,81.97
8/3/2024,22,72.42
8/3/2024,23,69.56
8/3/2024,24,64.12
9/3/2024,1,62.43
9/3/2024,2,60.66
9/3/2024,3,59.65
9/3/2024,4,58.03
9/3/2024,5,55.56
9/3/2024,6,55.44
9/3/2024,7,57.11
9/3/2024,8,53.06
9/3/2024,9,53.06
9/3/2024,10,48.12
9/3/2024,11,33.49
9/3/2024,12,7.79
9/3/2024,13,0.38
9/3/2024,14,-0.75
9/3/2024,15,8.65
9/3/2024,16,31.87
9/3/2024,17,52.59
9/3/2024,18,70.8
9/3/2024,19,77.61
9/3/2024,20,75.19
9/3/2024,21,67.34
9/3/2024,22,60.47
9/3/2024,23,61.13
9/3/2024,24,58.13
10/3/2024,1,48.65
10/3/2024,2,46.06
10/3/2024,3,40.98
10/3/2024,4,35.55
10/3/2024,5,32.39
10/3/2024,6,32.28
10/3/2024,7,33.91
10/3/2024,8,39.49
10/3/2024,9,36.77
10/3/2024,10,29.44
10/3/2024,11,6.37
10/3/2024,12,7.62
10/3/2024,13,1.19
10/3/2024,14,-1.38
10/3/2024,15,5.75
10/3/2024,16,19.28
10/3/2024,17,50.03
10/3/2024,18,58.72
10/3/2024,19,68.17
10/3/2024,20,66.37
10/3/2024,21,60.41
10/3/2024,22,56.53
10/3/2024,23,55.83
10/3/2024,24,54.27
11/3/2024,1,48.72
11/3/2024,2,47.72
11/3/2024,3,48.79
11/3/2024,4,47.97
11/3/2024,5,49.59
11/3/2024,6,56.17
11/3/2024,7,76.85
11/3/2024,8,83.06
11/3/2024,9,88
11/3/2024,10,81.47
11/3/2024,11,71.61
11/3/2024,12,65.29
11/3/2024,13,63
11/3/2024,14,66.32
11/3/2024,15,67
11/3/2024,16,73.45
11/3/2024,17,79.5
11/3/2024,18,90.72
11/3/2024,19,100.38
11/3/2024,20,108.17
11/3/2024,21,88.06
11/3/2024,22,76.86
11/3/2024,23,75.13
11/3/2024,24,67.08
12/3/2024,1,69.25
12/3/2024,2,65.56
12/3/2024,3,66.51
12/3/2024,4,65.2
12/3/2024,5,66.3
12/3/2024,6,71.14
12/3/2024,7,86.16
12/3/2024,8,96.18
12/3/2024,9,100.79
12/3/2024,10,93.95
12/3/2024,11,85.75
12/3/2024,12,80.52
12/3/2024,13,78.39
12/3/2024,14,77.85
12/3/2024,15,78.41
12/3/2024,16,85.5
12/3/2024,17,99.12
12/3/2024,18,109.72
12/3/2024,19,130.34
12/3/2024,20,122.69
12/3/2024,21,96.38
12/3/2024,22,82.87
12/3/2024,23,78.46
12/3/2024,24,70
13/3/2024,1,63.62
13/3/2024,2,61.88
13/3/2024,3,61.31
13/3/2024,4,60.83
13/3/2024,5,63.31
13/3/2024,6,67.6
13/3/2024,7,80
13/3/2024,8,90
13/3/2024,9,91.79
13/3/2024,10,78.9
13/3/2024,11,69.1
13/3/2024,12,66.03
13/3/2024,13,65.93
13/3/2024,14,68.18
13/3/2024,15,70.59
13/3/2024,16,74.71
13/3/2024,17,81.19
13/3/2024,18,93.84
13/3/2024,19,102.4
13/3/2024,20,99.98
13/3/2024,21,84.43
13/3/2024,22,72.97
13/3/2024,23,68.9
13/3/2024,24,63.88
14/3/2024,1,63.29
14/3/2024,2,56.9
14/3/2024,3,57.52
14/3/2024,4,57
14/3/2024,5,61.74
14/3/2024,6,66.22
14/3/2024,7,81.25
14/3/2024,8,89.7
14/3/2024,9,81.99
14/3/2024,10,65.71
14/3/2024,11,54.32
14/3/2024,12,52.59
14/3/2024,13,53.56
14/3/2024,14,55.38
14/3/2024,15,57.61
14/3/2024,16,66
14/3/2024,17,79.03
14/3/2024,18,94.81
14/3/2024,19,114.77
14/3/2024,20,97.35
14/3/2024,21,82.33
14/3/2024,22,72.1
14/3/2024,23,65.5
14/3/2024,24,56.51
15/3/2024,1,48.29
15/3/2024,2,46.29
15/3/2024,3,45.28
15/3/2024,4,43.53
15/3/2024,5,45.92
15/3/2024,6,55.44
15/3/2024,7,78.13
15/3/2024,8,80
15/3/2024,9,72
15/3/2024,10,53.8
15/3/2024,11,46.42
15/3/2024,12,39.17
15/3/2024,13,39.07
15/3/2024,14,41.86
15/3/2024,15,43.68
15/3/2024,16,52.19
15/3/2024,17,69.17
15/3/2024,18,88.21
15/3/2024,19,96.33
15/3/2024,20,87.99
15/3/2024,21,72
15/3/2024,22,64
15/3/2024,23,63.87
15/3/2024,24,49.02
16/3/2024,1,51.82
16/3/2024,2,41.71
16/3/2024,3,40.34
16/3/2024,4,38.88
16/3/2024,5,40
16/3/2024,6,44.61
16/3/2024,7,53.63
16/3/2024,8,56.74
16/3/2024,9,52.55
16/3/2024,10,47.01
16/3/2024,11,44.88
16/3/2024,12,42.58
16/3/2024,13,39.64
16/3/2024,14,29.39
16/3/2024,15,58.72
16/3/2024,16,58.54
16/3/2024,17,65.25
16/3/2024,18,73.05
16/3/2024,19,81.97
16/3/2024,20,88.66
16/3/2024,21,80.13
16/3/2024,22,73.03
16/3/2024,23,72.36
16/3/2024,24,67.1
17/3/2024,1,64.99
17/3/2024,2,60.12
17/3/2024,3,55.9
17/3/2024,4,58.01
17/3/2024,5,59.45
17/3/2024,6,59.24
17/3/2024,7,61.04
17/3/2024,8,55.3
17/3/2024,9,49.59
17/3/2024,10,46.62
17/3/2024,11,41.69
17/3/2024,12,40.75
17/3/2024,13,41.52
17/3/2024,14,39.36
17/3/2024,15,46.3
17/3/2024,16,53.91
17/3/2024,17,69.83
17/3/2024,18,82.18
17/3/2024,19,91.68
17/3/2024,20,87.85
17/3/2024,21,77.89
17/3/2024,22,72.33
17/3/2024,23,72.1
17/3/2024,24,65.91
18/3/2024,1,64.12
18/3/2024,2,57.14
18/3/2024,3,58.31
18/3/2024,4,59.02
18/3/2024,5,63.67
18/3/2024,6,69.75
18/3/2024,7,85.07
18/3/2024,8,97.71
18/3/2024,9,94.45
18/3/2024,10,82.8
18/3/2024,11,72.94
18/3/2024,12,66.67
18/3/2024,13,67.58
18/3/2024,14,69.8
18/3/2024,15,73.23
18/3/2024,16,79.33
18/3/2024,17,88.31
18/3/2024,18,108.02
18/3/2024,19,141.82
18/3/2024,20,126.47
18/3/2024,21,106.77
18/3/2024,22,88
18/3/2024,23,82.36
18/3/2024,24,74.63
19/3/2024,1,72.76
19/3/2024,2,71.99
19/3/2024,3,71.32
19/3/2024,4,71.17
19/3/2024,5,71.73
19/3/2024,6,72.27
19/3/2024,7,92.87
19/3/2024,8,110.42
19/3/2024,9,95.87
19/3/2024,10,72.01
19/3/2024,11,64.69
19/3/2024,12,58.59
19/3/2024,13,54.32
19/3/2024,14,56.97
19/3/2024,15,62.89
19/3/2024,16,71.08
19/3/2024,17,81.71
19/3/2024,18,104.2
19/3/2024,19,130.01
19/3/2024,20,128.96
19/3/2024,21,110
19/3/2024,22,89.62
19/3/2024,23,81.91
19/3/2024,24,76.1
20/3/2024,1,76.01
20/3/2024,2,73.28
20/3/2024,3,74.53
20/3/2024,4,75.02
20/3/2024,5,75.32
20/3/2024,6,80.49
20/3/2024,7,114.51
20/3/2024,8,114.27
20/3/2024,9,85.18
20/3/2024,10,68.59
20/3/2024,11,55.58
20/3/2024,12,53.49
20/3/2024,13,50.83
20/3/2024,14,53.12
20/3/2024,15,55.65
20/3/2024,16,67.98
20/3/2024,17,86.02
20/3/2024,18,118
20/3/2024,19,160.61
20/3/2024,20,152.63
20/3/2024,21,124.95
20/3/2024,22,105.59
20/3/2024,23,94.84
20/3/2024,24,78.97
21/3/2024,1,75.73
21/3/2024,2,71.8
21/3/2024,3,70.54
21/3/2024,4,69.99
21/3/2024,5,70.02
21/3/2024,6,73.4
21/3/2024,7,90.8
21/3/2024,8,97.43
21/3/2024,9,100.48
21/3/2024,10,79.33
21/3/2024,11,67.14
21/3/2024,12,62.04
21/3/2024,13,58.82
21/3/2024,14,59.3
21/3/2024,15,65.36
21/3/2024,16,69.73
21/3/2024,17,78.07
21/3/2024,18,100.95
21/3/2024,19,123.9
21/3/2024,20,122.39
21/3/2024,21,95.74
21/3/2024,22,80.96
21/3/2024,23,76.95
21/3/2024,24,70.6
22/3/2024,1,55.95
22/3/2024,2,51.9
22/3/2024,3,49.35
22/3/2024,4,51.25
22/3/2024,5,52.06
22/3/2024,6,63.9
22/3/2024,7,80.27
22/3/2024,8,75.85
22/3/2024,9,71.33
22/3/2024,10,60.28
22/3/2024,11,51.39
22/3/2024,12,48.47
22/3/2024,13,48.25
22/3/2024,14,49.85
22/3/2024,15,50.82
22/3/2024,16,57.63
22/3/2024,17,74.72
22/3/2024,18,87.22
22/3/2024,19,118.54
22/3/2024,20,116.94
22/3/2024,21,92.78
22/3/2024,22,80.37
22/3/2024,23,78.12
22/3/2024,24,75.28
23/3/2024,1,75.51
23/3/2024,2,70.32
23/3/2024,3,64.32
23/3/2024,4,62.27
23/3/2024,5,58.18
23/3/2024,6,63.98
23/3/2024,7,61.68
23/3/2024,8,57.84
23/3/2024,9,38.23
23/3/2024,10,15.71
23/3/2024,11,0.13
23/3/2024,12,0.1
23/3/2024,13,1.5
23/3/2024,14,-0.08
23/3/2024,15,0.03
23/3/2024,16,6.5
23/3/2024,17,20.93
23/3/2024,18,55.9
23/3/2024,19,73.94
23/3/2024,20,73.65
23/3/2024,21,59.9
23/3/2024,22,53.18
23/3/2024,23,40.07
23/3/2024,24,28.96
24/3/2024,1,32.1
24/3/2024,2,15.98
24/3/2024,3,16.07
24/3/2024,4,21.6
24/3/2024,5,24.12
24/3/2024,6,29.32
24/3/2024,7,19.22
24/3/2024,8,7.22
24/3/2024,9,0
24/3/2024,10,0
24/3/2024,11,0
24/3/2024,12,0
24/3/2024,13,0
24/3/2024,14,0
24/3/2024,15,0
24/3/2024,16,0.01
24/3/2024,17,35.51
24/3/2024,18,66.77
24/3/2024,19,80.65
24/3/2024,20,81.79
24/3/2024,21,73.27
24/3/2024,22,71.21
24/3/2024,23,68.2
24/3/2024,24,65
25/3/2024,1,62.52
25/3/2024,2,61.95
25/3/2024,3,62.03
25/3/2024,4,64.05
25/3/2024,5,66.19
25/3/2024,6,77.32
25/3/2024,7,89.49
25/3/2024,8,113.87
25/3/2024,9,99.68
25/3/2024,10,76.35
25/3/2024,11,68.1
25/3/2024,12,61.71
25/3/2024,13,60.29
25/3/2024,14,62.33
25/3/2024,15,63.39
25/3/2024,16,75.15
25/3/2024,17,84.83
25/3/2024,18,112.25
25/3/2024,19,171.14
25/3/2024,20,149.46
25/3/2024,21,110
25/3/2024,22,86.11
25/3/2024,23,81.8
25/3/2024,24,75.86
26/3/2024,1,79.9
26/3/2024,2,73.3
26/3/2024,3,70.11
26/3/2024,4,69.04
26/3/2024,5,71.43
26/3/2024,6,73.91
26/3/2024,7,81.83
26/3/2024,8,79.24
26/3/2024,9,72.24
26/3/2024,10,62
26/3/2024,11,49.5
26/3/2024,12,37.03
26/3/2024,13,10.6
26/3/2024,14,27.22
26/3/2024,15,37.1
26/3/2024,16,51.55
26/3/2024,17,67.48
26/3/2024,18,80.41
26/3/2024,19,101.17
26/3/2024,20,100.3
26/3/2024,21,79.84
26/3/2024,22,76.23
26/3/2024,23,71.97
26/3/2024,24,66.46
27/3/2024,1,58.35
27/3/2024,2,57.09
27/3/2024,3,57.28
27/3/2024,4,57.48
27/3/2024,5,59.59
27/3/2024,6,71.1
27/3/2024,7,80.71
27/3/2024,8,82.46
27/3/2024,9,76.75
27/3/2024,10,63.99
27/3/2024,11,54.94
27/3/2024,12,50.66
27/3/2024,13,49.59
27/3/2024,14,49.73
27/3/2024,15,55.14
27/3/2024,16,68.26
27/3/2024,17,79.2
27/3/2024,18,90.58
27/3/2024,19,116.77
27/3/2024,20,116.91
27/3/2024,21,97.37
27/3/2024,22,81.2
27/3/2024,23,79.99
27/3/2024,24,72.59
28/3/2024,1,66.87
28/3/2024,2,60.79
28/3/2024,3,61.86
28/3/2024,4,62.01
28/3/2024,5,64.39
28/3/2024,6,69.94
28/3/2024,7,80.28
28/3/2024,8,81.04
28/3/2024,9,78.79
28/3/2024,10,61.9
28/3/2024,11,46.59
28/3/2024,12,36.56
28/3/2024,13,6.8
28/3/2024,14,0.05
28/3/2024,15,1.65
28/3/2024,16,41.01
28/3/2024,17,35.91
28/3/2024,18,60.94
28/3/2024,19,75.89
28/3/2024,20,79.35
28/3/2024,21,71.66
28/3/2024,22,60.64
28/3/2024,23,41.68
28/3/2024,24,25
29/3/2024,1,20.6
29/3/2024,2,18.83
29/3/2024,3,12.43
29/3/2024,4,10.24
29/3/2024,5,12.59
29/3/2024,6,14.32
29/3/2024,7,22.02
29/3/2024,8,23.54
29/3/2024,9,15.94
29/3/2024,10,13.28
29/3/2024,11,16.88
29/3/2024,12,19.01
29/3/2024,13,13.07
29/3/2024,14,9.86
29/3/2024,15,13.44
29/3/2024,16,21.54
29/3/2024,17,48.64
29/3/2024,18,78.55
29/3/2024,19,97.38
29/3/2024,20,105.47
29/3/2024,21,87.4
29/3/2024,22,79.27
29/3/2024,23,75.89
29/3/2024,24,70
30/3/2024,1,69.3
30/3/2024,2,58.16
30/3/2024,3,58.98
30/3/2024,4,59.23
30/3/2024,5,60.22
30/3/2024,6,65.05
30/3/2024,7,58.29
30/3/2024,8,46.67
30/3/2024,9,39.26
30/3/2024,10,34.74
30/3/2024,11,26.29
30/3/2024,12,16.38
30/3/2024,13,6.76
30/3/2024,14,3.15
30/3/2024,15,14.58
30/3/2024,16,29.51
30/3/2024,17,52.52
30/3/2024,18,74.26
30/3/2024,19,83.9
30/3/2024,20,82.61
30/3/2024,21,75.4
30/3/2024,22,71.06
30/3/2024,23,70.83
30/3/2024,24,65.74
31/3/2024,1,65.63
31/3/2024,2,56.09
31/3/2024,3,44.68
31/3/2024,4,44.58
31/3/2024,5,48.45
31/3/2024,6,41.01
31/3/2024,7,44.79
31/3/2024,8,43.45
31/3/2024,9,21.99
31/3/2024,10,17.34
31/3/2024,11,8.83
31/3/2024,12,4.87
31/3/2024,13,-0.05
31/3/2024,14,0.3
31/3/2024,15,5.27
31/3/2024,16,20.38
31/3/2024,17,54.23
31/3/2024,18,73.32
31/3/2024,19,96.87
31/3/2024,20,74.95
31/3/2024,21,68.37
31/3/2024,22,63.26
31/3/2024,23,51.29
1/4/2024,1,46.39
1/4/2024,2,42.6
1/4/2024,3,41.4
1/4/2024,4,42.95
1/4/2024,5,48.35
1/4/2024,6,51.06
1/4/2024,7,57.09
1/4/2024,8,62.69
1/4/2024,9,48.77
1/4/2024,10,39.63
1/4/2024,11,34.58
1/4/2024,12,22.41
1/4/2024,13,8.28
1/4/2024,14,0.03
1/4/2024,15,-0.01
1/4/2024,16,-0.01
1/4/2024,17,-0.01
1/4/2024,18,5.72
1/4/2024,19,41.19
1/4/2024,20,48.88
1/4/2024,21,50
1/4/2024,22,45
1/4/2024,23,26.5
1/4/2024,24,8.4
2/4/2024,1,9.19
2/4/2024,2,2.39
2/4/2024,3,1.07
2/4/2024,4,1.05
2/4/2024,5,1.81
2/4/2024,6,7.19
2/4/2024,7,56.61
2/4/2024,8,73.96
2/4/2024,9,68.66
2/4/2024,10,47.02
2/4/2024,11,3.92
2/4/2024,12,0.63
2/4/2024,13,0.31
2/4/2024,14,-0.22
2/4/2024,15,-0.02
2/4/2024,16,0
2/4/2024,17,4.31
2/4/2024,18,41.19
2/4/2024,19,72.58
2/4/2024,20,95.71
2/4/2024,21,95.4
2/4/2024,22,77.89
2/4/2024,23,73.54
2/4/2024,24,69.57
3/4/2024,1,72.77
3/4/2024,2,70.09
3/4/2024,3,68.69
3/4/2024,4,70.69
3/4/2024,5,70.59
3/4/2024,6,75.8
3/4/2024,7,94.41
3/4/2024,8,114.47
3/4/2024,9,112.45
3/4/2024,10,87.15
3/4/2024,11,77.73
3/4/2024,12,75.08
3/4/2024,13,72.74
3/4/2024,14,70.32
3/4/2024,15,68.12
3/4/2024,16,71.93
3/4/2024,17,75.52
3/4/2024,18,93.75
3/4/2024,19,110
3/4/2024,20,127.01
3/4/2024,21,107.35
3/4/2024,22,86.03
3/4/2024,23,79.94
3/4/2024,24,68.84
4/4/2024,1,55.78
4/4/2024,2,53.78
4/4/2024,3,49.57
4/4/2024,4,50.97
4/4/2024,5,57.31
4/4/2024,6,61.25
4/4/2024,7,79.57
4/4/2024,8,90
4/4/2024,9,75.81
4/4/2024,10,70.51
4/4/2024,11,66.45
4/4/2024,12,61.65
4/4/2024,13,56.06
4/4/2024,14,54.28
4/4/2024,15,53.91
4/4/2024,16,54.57
4/4/2024,17,55.45
4/4/2024,18,66.81
4/4/2024,19,78.21
4/4/2024,20,98.93
4/4/2024,21,80.27
4/4/2024,22,72.46
4/4/2024,23,70.42
4/4/2024,24,60.51
5/4/2024,1,59.74
5/4/2024,2,56
5/4/2024,3,53.91
5/4/2024,4,55.14
5/4/2024,5,51.75
5/4/2024,6,59.79
5/4/2024,7,74.63
5/4/2024,8,82.52
5/4/2024,9,78.85
5/4/2024,10,65.64
5/4/2024,11,48.63
5/4/2024,12,24.23
5/4/2024,13,8.52
5/4/2024,14,0.01
5/4/2024,15,0.94
5/4/2024,16,12.99
5/4/2024,17,22.72
5/4/2024,18,49.89
5/4/2024,19,66.7
5/4/2024,20,85.38
5/4/2024,21,103.73
5/4/2024,22,74.81
5/4/2024,23,68.02
5/4/2024,24,58
6/4/2024,1,53.43
6/4/2024,2,46.01
6/4/2024,3,46.13
6/4/2024,4,46.92
6/4/2024,5,48.8
6/4/2024,6,53.75
6/4/2024,7,57.52
6/4/2024,8,58.99
6/4/2024,9,57.91
6/4/2024,10,47.37
6/4/2024,11,26.68
6/4/2024,12,9.78
6/4/2024,13,-3
6/4/2024,14,-22.44
6/4/2024,15,-44.05
6/4/2024,16,-23.51
6/4/2024,17,-3.47
6/4/2024,18,36.42
6/4/2024,19,75.22
6/4/2024,20,86.39
6/4/2024,21,82.92
6/4/2024,22,67.64
6/4/2024,23,60.45
6/4/2024,24,43.2
7/4/2024,1,10.51
7/4/2024,2,0
7/4/2024,3,0
7/4/2024,4,0
7/4/2024,5,0
7/4/2024,6,0
7/4/2024,7,0
7/4/2024,8,0
7/4/2024,9,0
7/4/2024,10,-0.01
7/4/2024,11,-0.16
7/4/2024,12,-3.25
7/4/2024,13,-9.11
7/4/2024,14,-24.64
7/4/2024,15,-19.99
7/4/2024,16,-5.04
7/4/2024,17,-0.16
7/4/2024,18,6.73
7/4/2024,19,88.91
7/4/2024,20,106.44
7/4/2024,21,106.4
7/4/2024,22,90.93
7/4/2024,23,78.53
7/4/2024,24,72.72
8/4/2024,1,67.93
8/4/2024,2,68.69
8/4/2024,3,65.6
8/4/2024,4,67.91
8/4/2024,5,68.75
8/4/2024,6,74.85
8/4/2024,7,98.8
8/4/2024,8,136.89
8/4/2024,9,110.63
8/4/2024,10,75.99
8/4/2024,11,42.5
8/4/2024,12,34.77
8/4/2024,13,33.83
8/4/2024,14,31.56
8/4/2024,15,32.7
8/4/2024,16,39.97
8/4/2024,17,58.59
8/4/2024,18,72.95
8/4/2024,19,102.36
8/4/2024,20,133.33
8/4/2024,21,121.4
8/4/2024,22,85.05
8/4/2024,23,73.71
8/4/2024,24,68.27
9/4/2024,1,74.48
9/4/2024,2,68.24
9/4/2024,3,64.73
9/4/2024,4,59.95
9/4/2024,5,62.28
9/4/2024,6,70.44
9/4/2024,7,87.81
9/4/2024,8,92.11
9/4/2024,9,79.78
9/4/2024,10,64.81
9/4/2024,11,49.37
9/4/2024,12,43.09
9/4/2024,13,35.6
9/4/2024,14,9.84
9/4/2024,15,10.24
9/4/2024,16,29.2
9/4/2024,17,38.26
9/4/2024,18,51.78
9/4/2024,19,75
9/4/2024,20,93.18
9/4/2024,21,92.61
9/4/2024,22,79.95
9/4/2024,23,60.48
9/4/2024,24,31.56
10/4/2024,1,22.69
10/4/2024,2,5.77
10/4/2024,3,6.68
10/4/2024,4,9.49
10/4/2024,5,25.04
10/4/2024,6,50.03
10/4/2024,7,76.57
10/4/2024,8,99.63
10/4/2024,9,105.88
10/4/2024,10,79.84
10/4/2024,11,68.15
10/4/2024,12,55.51
10/4/2024,13,47.52
10/4/2024,14,30.1
10/4/2024,15,30.42
10/4/2024,16,52.48
10/4/2024,17,61.28
10/4/2024,18,74.25
10/4/2024,19,98.59
10/4/2024,20,184.49
10/4/2024,21,185.07
10/4/2024,22,113.99
10/4/2024,23,85.52
10/4/2024,24,76.17
11/4/2024,1,70.73
11/4/2024,2,65.29
11/4/2024,3,60.28
11/4/2024,4,58.89
11/4/2024,5,59.25
11/4/2024,6,61.09
11/4/2024,7,76.23
11/4/2024,8,85.58
11/4/2024,9,52.2
11/4/2024,10,30.03
11/4/2024,11,9.97
11/4/2024,12,0.66
11/4/2024,13,0.72
11/4/2024,14,0.9
11/4/2024,15,0.3
11/4/2024,16,28.37
11/4/2024,17,56.25
11/4/2024,18,74.41
11/4/2024,19,96.43
11/4/2024,20,126.09
11/4/2024,21,135.12
11/4/2024,22,97.95
11/4/2024,23,81.96
11/4/2024,24,75.36
12/4/2024,1,74.85
12/4/2024,2,69.17
12/4/2024,3,65.38
12/4/2024,4,65.79
12/4/2024,5,67.39
12/4/2024,6,76.09
12/4/2024,7,88.81
12/4/2024,8,95.93
12/4/2024,9,84.53
12/4/2024,10,68.74
12/4/2024,11,41.98
12/4/2024,12,19.11
12/4/2024,13,0
12/4/2024,14,-0.07
12/4/2024,15,-0.14
12/4/2024,16,0.05
12/4/2024,17,0.21
12/4/2024,18,59.4
12/4/2024,19,81.93
12/4/2024,20,122.9
12/4/2024,21,123.09
12/4/2024,22,86.35
12/4/2024,23,77.99
12/4/2024,24,68.1
13/4/2024,1,60.06
13/4/2024,2,49.07
13/4/2024,3,24.41
13/4/2024,4,19.4
13/4/2024,5,19.77
13/4/2024,6,25.32
13/4/2024,7,30.18
13/4/2024,8,35.26
13/4/2024,9,22.34
13/4/2024,10,8.8
13/4/2024,11,-0.02
13/4/2024,12,-9.88
13/4/2024,13,-25.55
13/4/2024,14,-50
13/4/2024,15,-55.01
13/4/2024,16,-49.91
13/4/2024,17,-19.52
13/4/2024,18,-0.35
13/4/2024,19,39.35
13/4/2024,20,75.23
13/4/2024,21,74.16
13/4/2024,22,54.75
13/4/2024,23,50.38
13/4/2024,24,46.97
14/4/2024,1,2.92
14/4/2024,2,2.04
14/4/2024,3,1.28
14/4/2024,4,1.19
14/4/2024,5,2.52
14/4/2024,6,5.23
14/4/2024,7,12.86
14/4/2024,8,13
14/4/2024,9,7.44
14/4/2024,10,0
14/4/2024,11,-2.24
14/4/2024,12,-11.83
14/4/2024,13,-41.77
14/4/2024,14,-59.16
14/4/2024,15,-59.43
14/4/2024,16,-40.05
14/4/2024,17,-6.25
14/4/2024,18,1.57
14/4/2024,19,66.61
14/4/2024,20,84.64
14/4/2024,21,114.08
14/4/2024,22,107.58
14/4/2024,23,97.83
14/4/2024,24,85.85
15/4/2024,1,79.57
15/4/2024,2,77.88
15/4/2024,3,73.68
15/4/2024,4,74.59
15/4/2024,5,71.65
15/4/2024,6,81.38
15/4/2024,7,114.52
15/4/2024,8,169.15
15/4/2024,9,148.34
15/4/2024,10,87.92
15/4/2024,11,74.82
15/4/2024,12,60
15/4/2024,13,44.15
15/4/2024,14,35.88
15/4/2024,15,16.18
15/4/2024,16,59.86
15/4/2024,17,89.75
15/4/2024,18,96.28
15/4/2024,19,84.92
15/4/2024,20,94.64
15/4/2024,21,94.37
15/4/2024,22,80.66
15/4/2024,23,65
15/4/2024,24,50.4
16/4/2024,1,45.01
16/4/2024,2,30.64
16/4/2024,3,12.14
16/4/2024,4,13.93
16/4/2024,5,31.79
16/4/2024,6,46.01
16/4/2024,7,70.47
16/4/2024,8,90.59
16/4/2024,9,92.49
16/4/2024,10,88.76
16/4/2024,11,63.08
16/4/2024,12,55.11
16/4/2024,13,51.73
16/4/2024,14,47.76
16/4/2024,15,49.33
16/4/2024,16,58.18
16/4/2024,17,75.32
16/4/2024,18,83.51
16/4/2024,19,94.56
16/4/2024,20,113.99
16/4/2024,21,118.15
16/4/2024,22,101.4
16/4/2024,23,89.4
16/4/2024,24,81.08
17/4/2024,1,80.24
17/4/2024,2,74.01
17/4/2024,3,68.85
17/4/2024,4,66.23
17/4/2024,5,69.9
17/4/2024,6,74.72
17/4/2024,7,101.63
17/4/2024,8,135.26
17/4/2024,9,129.92
17/4/2024,10,93.92
17/4/2024,11,79.33
17/4/2024,12,76.38
17/4/2024,13,78.23
17/4/2024,14,76.92
17/4/2024,15,74.15
17/4/2024,16,73.57
17/4/2024,17,77.06
17/4/2024,18,86.9
17/4/2024,19,114.09
17/4/2024,20,146.1
17/4/2024,21,153.17
17/4/2024,22,125.6
17/4/2024,23,95.69
17/4/2024,24,84.45
18/4/2024,1,91.74
18/4/2024,2,85.41
18/4/2024,3,85.08
18/4/2024,4,84.17
18/4/2024,5,87.91
18/4/2024,6,91.15
18/4/2024,7,118.41
18/4/2024,8,150.02
18/4/2024,9,131.19
18/4/2024,10,101.12
18/4/2024,11,88.52
18/4/2024,12,82.27
18/4/2024,13,79.34
18/4/2024,14,76.07
18/4/2024,15,71.79
18/4/2024,16,69.27
18/4/2024,17,70.88
18/4/2024,18,83.56
18/4/2024,19,99.72
18/4/2024,20,126.6
18/4/2024,21,130.82
18/4/2024,22,107.76
18/4/2024,23,89.93
18/4/2024,24,80.04
19/4/2024,1,79.83
19/4/2024,2,62.38
19/4/2024,3,50.68
19/4/2024,4,50.97
19/4/2024,5,51.98
19/4/2024,6,61.66
19/4/2024,7,87.29
19/4/2024,8,83.48
19/4/2024,9,80.74
19/4/2024,10,74
19/4/2024,11,63.64
19/4/2024,12,55.79
19/4/2024,13,49.59
19/4/2024,14,46.97
19/4/2024,15,45.57
19/4/2024,16,61.72
19/4/2024,17,65.42
19/4/2024,18,76.91
19/4/2024,19,87.18
19/4/2024,20,96.39
19/4/2024,21,91.34
19/4/2024,22,85.55
19/4/2024,23,79.01
19/4/2024,24,71.5
20/4/2024,1,68.64
20/4/2024,2,64.91
20/4/2024,3,60.26
20/4/2024,4,61.07
20/4/2024,5,61.62
20/4/2024,6,65
20/4/2024,7,68.99
20/4/2024,8,71.24
20/4/2024,9,65.04
20/4/2024,10,58
20/4/2024,11,49.89
20/4/2024,12,38.28
20/4/2024,13,28.56
20/4/2024,14,11.85
20/4/2024,15,10.1
20/4/2024,16,17.66
20/4/2024,17,36.88
20/4/2024,18,62.1
20/4/2024,19,81.54
20/4/2024,20,92.04
20/4/2024,21,101.75
20/4/2024,22,93.21
20/4/2024,23,86.23
20/4/2024,24,82.9
21/4/2024,1,81.82
21/4/2024,2,68.81
21/4/2024,3,67.8
21/4/2024,4,64.4
21/4/2024,5,63.88
21/4/2024,6,63.62
21/4/2024,7,64.43
21/4/2024,8,60.48
21/4/2024,9,60.48
21/4/2024,10,51.55
21/4/2024,11,33.34
21/4/2024,12,26
21/4/2024,13,6.03
21/4/2024,14,0.08
21/4/2024,15,-0.98
21/4/2024,16,0.46
21/4/2024,17,6.1
21/4/2024,18,58.99
21/4/2024,19,77.05
21/4/2024,20,89.44
21/4/2024,21,96.52
21/4/2024,22,91.98
21/4/2024,23,89.41
21/4/2024,24,88.46
22/4/2024,1,78.97
22/4/2024,2,78.05
22/4/2024,3,78.44
22/4/2024,4,78.75
22/4/2024,5,78.39
22/4/2024,6,86.2
22/4/2024,7,106.22
22/4/2024,8,130.1
22/4/2024,9,117.46
22/4/2024,10,97.05
22/4/2024,11,82.07
22/4/2024,12,81.24
22/4/2024,13,76.98
22/4/2024,14,73.47
22/4/2024,15,73.46
22/4/2024,16,77.55
22/4/2024,17,83.97
22/4/2024,18,96.31
22/4/2024,19,118.2
22/4/2024,20,163.34
22/4/2024,21,170.55
22/4/2024,22,131.49
22/4/2024,23,107.27
22/4/2024,24,97.6
23/4/2024,1,88.32
23/4/2024,2,86.69
23/4/2024,3,85.95
23/4/2024,4,85.53
23/4/2024,5,86.42
23/4/2024,6,98.38
23/4/2024,7,121.4
23/4/2024,8,182.17
23/4/2024,9,136.28
23/4/2024,10,98.36
23/4/2024,11,82.77
23/4/2024,12,83.77
23/4/2024,13,90.01
23/4/2024,14,81.81
23/4/2024,15,78.62
23/4/2024,16,80.39
23/4/2024,17,86.89
23/4/2024,18,97.17
23/4/2024,19,108.31
23/4/2024,20,128.24
23/4/2024,21,131.19
23/4/2024,22,111.4
23/4/2024,23,95.09
23/4/2024,24,81.88
24/4/2024,1,83.13
24/4/2024,2,79.73
24/4/2024,3,78.4
24/4/2024,4,77.26
24/4/2024,5,79.75
24/4/2024,6,84.41
24/4/2024,7,105.69
24/4/2024,8,127.6
24/4/2024,9,114.36
24/4/2024,10,98.39
24/4/2024,11,93.02
24/4/2024,12,91.97
24/4/2024,13,89.33
24/4/2024,14,86.58
24/4/2024,15,82.16
24/4/2024,16,83.83
24/4/2024,17,86.74
24/4/2024,18,94.36
24/4/2024,19,108.02
24/4/2024,20,134.63
24/4/2024,21,142.04
24/4/2024,22,122
24/4/2024,23,106.87
24/4/2024,24,90.57
25/4/2024,1,83.5
25/4/2024,2,80
25/4/2024,3,77.57
25/4/2024,4,77.13
25/4/2024,5,76.95
25/4/2024,6,84.48
25/4/2024,7,105.6
25/4/2024,8,128.89
25/4/2024,9,112.94
25/4/2024,10,92.15
25/4/2024,11,79.95
25/4/2024,12,78.2
25/4/2024,13,73.92
25/4/2024,14,68.57
25/4/2024,15,66.23
25/4/2024,16,69.56
25/4/2024,17,73.45
25/4/2024,18,81.86
25/4/2024,19,100.11
25/4/2024,20,141.69
25/4/2024,21,152.29
25/4/2024,22,114.25
25/4/2024,23,91.35
25/4/2024,24,79.74
26/4/2024,1,79.87
26/4/2024,2,74
26/4/2024,3,74.7
26/4/2024,4,74.07
26/4/2024,5,77.1
26/4/2024,6,84.64
26/4/2024,7,97.24
26/4/2024,8,104.06
26/4/2024,9,96.06
26/4/2024,10,81.08
26/4/2024,11,73.33
26/4/2024,12,72.95
26/4/2024,13,70.35
26/4/2024,14,68.74
26/4/2024,15,65.37
26/4/2024,16,69.92
26/4/2024,17,71.62
26/4/2024,18,80.36
26/4/2024,19,95.6
26/4/2024,20,131.15
26/4/2024,21,140.44
26/4/2024,22,110.27
26/4/2024,23,92.41
26/4/2024,24,88.26
27/4/2024,1,90.33
27/4/2024,2,88.9
27/4/2024,3,86.59
27/4/2024,4,89.03
27/4/2024,5,86.13
27/4/2024,6,85.34
27/4/2024,7,84.17
27/4/2024,8,78.37
27/4/2024,9,68.06
27/4/2024,10,57.74
27/4/2024,11,36.02
27/4/2024,12,8.43
27/4/2024,13,0.03
27/4/2024,14,-0.08
27/4/2024,15,0
27/4/2024,16,0
27/4/2024,17,19.76
27/4/2024,18,60.69
27/4/2024,19,84.71
27/4/2024,20,118.2
27/4/2024,21,113.97
27/4/2024,22,84.12
27/4/2024,23,75.64
27/4/2024,24,65.23
28/4/2024,1,56.39
28/4/2024,2,46.25
28/4/2024,3,39.6
28/4/2024,4,31.63
28/4/2024,5,27.98
28/4/2024,6,26.08
28/4/2024,7,9.92
28/4/2024,8,0.1
28/4/2024,9,-0.07
28/4/2024,10,-1.02
28/4/2024,11,-16.62
28/4/2024,12,-36.7
28/4/2024,13,-65.08
28/4/2024,14,-59.12
28/4/2024,15,-65.06
28/4/2024,16,-52.43
28/4/2024,17,-24.04
28/4/2024,18,-0.02
28/4/2024,19,25.43
28/4/2024,20,72.25
28/4/2024,21,83.48
28/4/2024,22,78.56
28/4/2024,23,72.21
28/4/2024,24,66.94
29/4/2024,1,63.15
29/4/2024,2,60.05
29/4/2024,3,58.93
29/4/2024,4,62.4
29/4/2024,5,76.44
29/4/2024,6,84.71
29/4/2024,7,105.43
29/4/2024,8,115.23
29/4/2024,9,100.41
29/4/2024,10,76.57
29/4/2024,11,51.32
29/4/2024,12,34
29/4/2024,13,30.61
29/4/2024,14,15.6
29/4/2024,15,20.1
29/4/2024,16,35.85
29/4/2024,17,47.68
29/4/2024,18,85.32
29/4/2024,19,104.56
29/4/2024,20,178.45
29/4/2024,21,204.19
29/4/2024,22,108.69
29/4/2024,23,87.31
29/4/2024,24,80.92
30/4/2024,1,74
30/4/2024,2,66.95
30/4/2024,3,70.52
30/4/2024,4,70.29
30/4/2024,5,70.21
30/4/2024,6,78.75
30/4/2024,7,94.88
30/4/2024,8,102.33
30/4/2024,9,84.32
30/4/2024,10,72.45
30/4/2024,11,46.58
30/4/2024,12,22.75
30/4/2024,13,19.08
30/4/2024,14,9.63
30/4/2024,15,7.13
30/4/2024,16,19.14
30/4/2024,17,45.34
30/4/2024,18,66.15
30/4/2024,19,86.2
30/4/2024,20,120.95
30/4/2024,21,130.81
30/4/2024,22,88.29
30/4/2024,23,77.99
30/4/2024,24,75.93
1/5/2024,1,67.16
1/5/2024,2,56.35
1/5/2024,3,51.75
1/5/2024,4,45.68
1/5/2024,5,48.78
1/5/2024,6,46.06
1/5/2024,7,43.88
1/5/2024,8,30.75
1/5/2024,9,10.16
1/5/2024,10,0.08
1/5/2024,11,-1.24
1/5/2024,12,-39.09
1/5/2024,13,-89.72
1/5/2024,14,-114.84
1/5/2024,15,-114.96
1/5/2024,16,-78.16
1/5/2024,17,-20.22
1/5/2024,18,-1.18
1/5/2024,19,16.03
1/5/2024,20,52.56
1/5/2024,21,49.73
1/5/2024,22,32.04
1/5/2024,23,30.17
1/5/2024,24,25.22
2/5/2024,1,14.69
2/5/2024,2,11.58
2/5/2024,3,10.84
2/5/2024,4,8.7
2/5/2024,5,11.18
2/5/2024,6,32.06
2/5/2024,7,79.3
2/5/2024,8,83.21
2/5/2024,9,65
2/5/2024,10,31.45
2/5/2024,11,6.5
2/5/2024,12,1.36
2/5/2024,13,-0.7
2/5/2024,14,-2.79
2/5/2024,15,-0.03
2/5/2024,16,5.08
2/5/2024,17,8.45
2/5/2024,18,68.12
2/5/2024,19,82
2/5/2024,20,88.65
2/5/2024,21,87.37
2/5/2024,22,82.64
2/5/2024,23,79.31
2/5/2024,24,71.02
3/5/2024,1,60.99
3/5/2024,2,59.28
3/5/2024,3,59.35
3/5/2024,4,59.77
3/5/2024,5,60.77
3/5/2024,6,72.34
3/5/2024,7,86.76
3/5/2024,8,86.78
3/5/2024,9,91.86
3/5/2024,10,87.43
3/5/2024,11,79.79
3/5/2024,12,74.95
3/5/2024,13,70.59
3/5/2024,14,64.76
3/5/2024,15,62.39
3/5/2024,16,66.11
3/5/2024,17,71.62
3/5/2024,18,80.99
3/5/2024,19,88.39
3/5/2024,20,108.36
3/5/2024,21,124.05
3/5/2024,22,108.03
3/5/2024,23,93.71
3/5/2024,24,84.53
4/5/2024,1,90.74
4/5/2024,2,87.68
4/5/2024,3,86.12
4/5/2024,4,87.56
4/5/2024,5,90.26
4/5/2024,6,91.86
4/5/2024,7,91.65
4/5/2024,8,88.85
4/5/2024,9,70.27
4/5/2024,10,57.21
4/5/2024,11,41.17
4/5/2024,12,29.47
4/5/2024,13,21.21
4/5/2024,14,12.35
4/5/2024,15,12.36
4/5/2024,16,25.57
4/5/2024,17,53.55
4/5/2024,18,78.28
4/5/2024,19,96.92
4/5/2024,20,120.45
4/5/2024,21,133.79
4/5/2024,22,112.64
4/5/2024,23,89.66
4/5/2024,24,83.14
5/5/2024,1,90.29
5/5/2024,2,84.73
5/5/2024,3,83.45
5/5/2024,4,80.4
5/5/2024,5,74.46
5/5/2024,6,70.54
5/5/2024,7,61
5/5/2024,8,50.83
5/5/2024,9,37.07
5/5/2024,10,23.12
5/5/2024,11,8.2
5/5/2024,12,0.44
5/5/2024,13,0
5/5/2024,14,-0.04
5/5/2024,15,-0.97
5/5/2024,16,-0.1
5/5/2024,17,0
5/5/2024,18,32
5/5/2024,19,86
5/5/2024,20,95.74
5/5/2024,21,111.46
5/5/2024,22,106.87
5/5/2024,23,98.67
5/5/2024,24,88.61
6/5/2024,1,82.86
6/5/2024,2,78.91
6/5/2024,3,79.59
6/5/2024,4,79.2
6/5/2024,5,81.25
6/5/2024,6,88.62
6/5/2024,7,105.09
6/5/2024,8,129.64
6/5/2024,9,100.2
6/5/2024,10,85.39
6/5/2024,11,70.7
6/5/2024,12,62.02
6/5/2024,13,61.97
6/5/2024,14,58.18
6/5/2024,15,56.7
6/5/2024,16,65.65
6/5/2024,17,81.59
6/5/2024,18,91.3
6/5/2024,19,106.18
6/5/2024,20,135.74
6/5/2024,21,143.81
6/5/2024,22,107.65
6/5/2024,23,94.56
6/5/2024,24,84.42
7/5/2024,1,81.73
7/5/2024,2,79.12
7/5/2024,3,77.18
7/5/2024,4,79.63
7/5/2024,5,79.67
7/5/2024,6,82.05
7/5/2024,7,98.81
7/5/2024,8,122.04
7/5/2024,9,112.66
7/5/2024,10,91.75
7/5/2024,11,85.24
7/5/2024,12,82.53
7/5/2024,13,74.1
7/5/2024,14,70.73
7/5/2024,15,66.12
7/5/2024,16,74.65
7/5/2024,17,83.21
7/5/2024,18,90.16
7/5/2024,19,105.27
7/5/2024,20,133.85
7/5/2024,21,149.83
7/5/2024,22,120.47
7/5/2024,23,100.58
7/5/2024,24,86.85
8/5/2024,1,81.6
8/5/2024,2,78.2
8/5/2024,3,78.2
8/5/2024,4,80.03
8/5/2024,5,80.71
8/5/2024,6,88.4
8/5/2024,7,104.79
8/5/2024,8,116.45
8/5/2024,9,104.17
8/5/2024,10,89.06
8/5/2024,11,82.48
8/5/2024,12,76.51
8/5/2024,13,74.86
8/5/2024,14,70.75
8/5/2024,15,65.54
8/5/2024,16,69.03
8/5/2024,17,74.28
8/5/2024,18,89.23
8/5/2024,19,105.74
8/5/2024,20,125.5
8/5/2024,21,132.21
8/5/2024,22,112.22
8/5/2024,23,95
8/5/2024,24,86.33
9/5/2024,1,88.21
9/5/2024,2,88.73
9/5/2024,3,83.5
9/5/2024,4,83.64
9/5/2024,5,90.15
9/5/2024,6,91.73
9/5/2024,7,89.13
9/5/2024,8,81.08
9/5/2024,9,65.76
9/5/2024,10,21.84
9/5/2024,11,2.92
9/5/2024,12,-2.34
9/5/2024,13,-2.7
9/5/2024,14,-3.05
9/5/2024,15,-3.85
9/5/2024,16,-2.88
9/5/2024,17,-1.81
9/5/2024,18,64.74
9/5/2024,19,90.32
9/5/2024,20,112.13
9/5/2024,21,135.01
9/5/2024,22,124.21
9/5/2024,23,100.97
9/5/2024,24,88.26
10/5/2024,1,90
10/5/2024,2,82.69
10/5/2024,3,74.82
10/5/2024,4,72.22
10/5/2024,5,72.69
10/5/2024,6,89.18
10/5/2024,7,113.73
10/5/2024,8,110.25
10/5/2024,9,95.47
10/5/2024,10,67.95
10/5/2024,11,20.18
10/5/2024,12,1.77
10/5/2024,13,-0.81
10/5/2024,14,-1.13
10/5/2024,15,-1.23
10/5/2024,16,19.81
10/5/2024,17,65.85
10/5/2024,18,85.16
10/5/2024,19,105.55
10/5/2024,20,135.97
10/5/2024,21,169.67
10/5/2024,22,134.53
10/5/2024,23,103.56
10/5/2024,24,91.46
11/5/2024,1,97.44
11/5/2024,2,95.01
11/5/2024,3,90.77
11/5/2024,4,89.76
11/5/2024,5,90.67
11/5/2024,6,91.62
11/5/2024,7,86.61
11/5/2024,8,80
11/5/2024,9,56.41
11/5/2024,10,6.8
11/5/2024,11,0
11/5/2024,12,-10.93
11/5/2024,13,-21.85
11/5/2024,14,-23.36
11/5/2024,15,-25.07
11/5/2024,16,-12.15
11/5/2024,17,-0.43
11/5/2024,18,33.31
11/5/2024,19,86.99
11/5/2024,20,106.43
11/5/2024,21,121.45
11/5/2024,22,106.63
11/5/2024,23,87.58
11/5/2024,24,69.38
12/5/2024,1,65.79
12/5/2024,2,54.89
12/5/2024,3,44.73
12/5/2024,4,41.47
12/5/2024,5,46.7
12/5/2024,6,43.89
12/5/2024,7,17.61
12/5/2024,8,4.79
12/5/2024,9,2.35
12/5/2024,10,-2.87
12/5/2024,11,-26.01
12/5/2024,12,-71.7
12/5/2024,13,-101.29
12/5/2024,14,-138.75
12/5/2024,15,-136.71
12/5/2024,16,-89.58
12/5/2024,17,-30.83
12/5/2024,18,-3.43
12/5/2024,19,44.73
12/5/2024,20,81.25
12/5/2024,21,112.93
12/5/2024,22,76.46
12/5/2024,23,63.94
12/5/2024,24,49.54
13/5/2024,1,19.28
13/5/2024,2,19.46
13/5/2024,3,21.45
13/5/2024,4,20.29
13/5/2024,5,20.68
13/5/2024,6,53.53
13/5/2024,7,85.21
13/5/2024,8,106.47
13/5/2024,9,77.25
13/5/2024,10,41.75
13/5/2024,11,10.62
13/5/2024,12,-0.97
13/5/2024,13,-4.05
13/5/2024,14,-1.27
13/5/2024,15,-2.46
13/5/2024,16,-0.1
13/5/2024,17,7.86
13/5/2024,18,70.38
13/5/2024,19,95.37
13/5/2024,20,141.09
13/5/2024,21,129.2
13/5/2024,22,100.52
13/5/2024,23,86.64
13/5/2024,24,74.8
14/5/2024,1,59.54
14/5/2024,2,42.15
14/5/2024,3,34.76
14/5/2024,4,30.4
14/5/2024,5,46.72
14/5/2024,6,67.23
14/5/2024,7,85
14/5/2024,8,87.15
14/5/2024,9,47.68
14/5/2024,10,8.6
14/5/2024,11,0.41
14/5/2024,12,-11.44
14/5/2024,13,-23.53
14/5/2024,14,-31.93
14/5/2024,15,-28.09
14/5/2024,16,-16.3
14/5/2024,17,0.65
14/5/2024,18,32.98
14/5/2024,19,80.43
14/5/2024,20,98.4
14/5/2024,21,130.87
14/5/2024,22,87.34
14/5/2024,23,62.6
14/5/2024,24,62.27
15/5/2024,1,60
15/5/2024,2,59.17
15/5/2024,3,50
15/5/2024,4,38.38
15/5/2024,5,60
15/5/2024,6,56.83
15/5/2024,7,93.43
15/5/2024,8,95.45
15/5/2024,9,85.02
15/5/2024,10,46.02
15/5/2024,11,7.61
15/5/2024,12,-1
15/5/2024,13,-6.35
15/5/2024,14,-7.06
15/5/2024,15,-3.76
15/5/2024,16,9.36
15/5/2024,17,39.2
15/5/2024,18,65.55
15/5/2024,19,82.24
15/5/2024,20,108.19
15/5/2024,21,114.02
15/5/2024,22,84.1
15/5/2024,23,69.46
15/5/2024,24,68.7
16/5/2024,1,58
16/5/2024,2,53.62
16/5/2024,3,43.31
16/5/2024,4,51.46
16/5/2024,5,44.97
16/5/2024,6,61.64
16/5/2024,7,82.77
16/5/2024,8,111.83
16/5/2024,9,87
16/5/2024,10,60.09
16/5/2024,11,22.62
16/5/2024,12,11.21
16/5/2024,13,10.12
16/5/2024,14,18.08
16/5/2024,15,25.25
16/5/2024,16,48.42
16/5/2024,17,50.23
16/5/2024,18,65
16/5/2024,19,75.23
16/5/2024,20,94.17
16/5/2024,21,108.6
16/5/2024,22,77.85
16/5/2024,23,83.81
16/5/2024,24,71.31
17/5/2024,1,70.79
17/5/2024,2,66.61
17/5/2024,3,66.46
17/5/2024,4,64.94
17/5/2024,5,66.39
17/5/2024,6,66.72
17/5/2024,7,84.47
17/5/2024,8,120.42
17/5/2024,9,117.83
17/5/2024,10,107.47
17/5/2024,11,105.42
17/5/2024,12,95.83
17/5/2024,13,66.76
17/5/2024,14,52.88
17/5/2024,15,61.53
17/5/2024,16,65.01
17/5/2024,17,62.33
17/5/2024,18,85.29
17/5/2024,19,94.8
17/5/2024,20,99.95
17/5/2024,21,117.75
17/5/2024,22,95.87
17/5/2024,23,91.49
17/5/2024,24,81.34
18/5/2024,1,70.6
18/5/2024,2,60.89
18/5/2024,3,63.4
18/5/2024,4,65.75
18/5/2024,5,69.65
18/5/2024,6,73.71
18/5/2024,7,72.74
18/5/2024,8,71.13
18/5/2024,9,64.34
18/5/2024,10,47.76
18/5/2024,11,9.43
18/5/2024,12,0.71
18/5/2024,13,-0.02
18/5/2024,14,-1.36
18/5/2024,15,-2.94
18/5/2024,16,-2.29
18/5/2024,17,-0.26
18/5/2024,18,51.1
18/5/2024,19,84.97
18/5/2024,20,111.17
18/5/2024,21,133.76
18/5/2024,22,123.52
18/5/2024,23,99.13
18/5/2024,24,89.45
19/5/2024,1,91.27
19/5/2024,2,90.89
19/5/2024,3,90.1
19/5/2024,4,88.68
19/5/2024,5,87.83
19/5/2024,6,82.11
19/5/2024,7,76.28
19/5/2024,8,70.73
19/5/2024,9,46.6
19/5/2024,10,2.79
19/5/2024,11,-3.38
19/5/2024,12,-4.4
19/5/2024,13,-7.1
19/5/2024,14,-13.27
19/5/2024,15,-21.29
19/5/2024,16,-15.56
19/5/2024,17,-4.88
19/5/2024,18,1.07
19/5/2024,19,68.96
19/5/2024,20,86.88
19/5/2024,21,108.08
19/5/2024,22,124.15
19/5/2024,23,104.2
19/5/2024,24,87.55
20/5/2024,1,91.9
20/5/2024,2,83.03
20/5/2024,3,88.49
20/5/2024,4,88.11
20/5/2024,5,90.27
20/5/2024,6,93.82
20/5/2024,7,106.74
20/5/2024,8,107.1
20/5/2024,9,71.87
20/5/2024,10,30.27
20/5/2024,11,10.15
20/5/2024,12,3.71
20/5/2024,13,0.5
20/5/2024,14,-1.98
20/5/2024,15,-2.55
20/5/2024,16,18.5
20/5/2024,17,35
20/5/2024,18,90.53
20/5/2024,19,101.55
20/5/2024,20,122.92
20/5/2024,21,145.79
20/5/2024,22,124.48
20/5/2024,23,104.5
20/5/2024,24,88.94
21/5/2024,1,86.81
21/5/2024,2,78.09
21/5/2024,3,75.19
21/5/2024,4,77.01
21/5/2024,5,73.44
21/5/2024,6,80.62
21/5/2024,7,111.44
21/5/2024,8,122.93
21/5/2024,9,97.04
21/5/2024,10,82.97
21/5/2024,11,68.01
21/5/2024,12,55.54
21/5/2024,13,41.01
21/5/2024,14,61.71
21/5/2024,15,56.44
21/5/2024,16,71.38
21/5/2024,17,81.63
21/5/2024,18,90.01
21/5/2024,19,102.74
21/5/2024,20,130.49
21/5/2024,21,98.14
21/5/2024,22,92.28
21/5/2024,23,93.11
21/5/2024,24,87
22/5/2024,1,71.87
22/5/2024,2,63.64
22/5/2024,3,64.59
22/5/2024,4,59.59
22/5/2024,5,60.79
22/5/2024,6,69.81
22/5/2024,7,97.41
22/5/2024,8,104.04
22/5/2024,9,100
22/5/2024,10,82.89
22/5/2024,11,72.79
22/5/2024,12,72.04
22/5/2024,13,64.53
22/5/2024,14,56.02
22/5/2024,15,60.09
22/5/2024,16,73.88
22/5/2024,17,86.52
22/5/2024,18,91.23
22/5/2024,19,98.78
22/5/2024,20,147.19
22/5/2024,21,154.58
22/5/2024,22,133.43
22/5/2024,23,108.09
22/5/2024,24,93.52
23/5/2024,1,78.47
23/5/2024,2,77.42
23/5/2024,3,73.1
23/5/2024,4,75.12
23/5/2024,5,76.77
23/5/2024,6,83.22
23/5/2024,7,106.02
23/5/2024,8,117.07
23/5/2024,9,97.38
23/5/2024,10,75.53
23/5/2024,11,74.08
23/5/2024,12,64.59
23/5/2024,13,52.88
23/5/2024,14,45.26
23/5/2024,15,57.78
23/5/2024,16,73.23
23/5/2024,17,84.78
23/5/2024,18,94.85
23/5/2024,19,113.08
23/5/2024,20,154.13
23/5/2024,21,177.54
23/5/2024,22,153.3
23/5/2024,23,125.34
23/5/2024,24,104.56
24/5/2024,1,102.93
24/5/2024,2,93.77
24/5/2024,3,89.5
24/5/2024,4,87.71
24/5/2024,5,90.85
24/5/2024,6,102.74
24/5/2024,7,122.93
24/5/2024,8,122.3
24/5/2024,9,106.96
24/5/2024,10,99.62
24/5/2024,11,89.44
24/5/2024,12,81.56
24/5/2024,13,79.95
24/5/2024,14,77.32
24/5/2024,15,78.41
24/5/2024,16,83.09
24/5/2024,17,84.27
24/5/2024,18,98.93
24/5/2024,19,111.93
24/5/2024,20,129.54
24/5/2024,21,132.11
24/5/2024,22,114
24/5/2024,23,109.67
24/5/2024,24,99.84
25/5/2024,1,94.88
25/5/2024,2,91.78
25/5/2024,3,90.38
25/5/2024,4,89.13
25/5/2024,5,89.01
25/5/2024,6,91.81
25/5/2024,7,91.9
25/5/2024,8,86.11
25/5/2024,9,76.18
25/5/2024,10,64.34
25/5/2024,11,40.63
25/5/2024,12,9.25
25/5/2024,13,3.24
25/5/2024,14,0.04
25/5/2024,15,0
25/5/2024,16,0.02
25/5/2024,17,14.19
25/5/2024,18,75.72
25/5/2024,19,95.92
25/5/2024,20,115.72
25/5/2024,21,134.17
25/5/2024,22,138.71
25/5/2024,23,117.06
25/5/2024,24,105.44
26/5/2024,1,110.15
26/5/2024,2,102.3
26/5/2024,3,94.28
26/5/2024,4,94.38
26/5/2024,5,95.67
26/5/2024,6,93.01
26/5/2024,7,87.48
26/5/2024,8,75.23
26/5/2024,9,13.25
26/5/2024,10,0.02
26/5/2024,11,0
26/5/2024,12,-0.09
26/5/2024,13,-2.16
26/5/2024,14,-10.83
26/5/2024,15,-24.28
26/5/2024,16,-10.07
26/5/2024,17,-0.61
26/5/2024,18,57.69
26/5/2024,19,93.91
26/5/2024,20,112.93
26/5/2024,21,113.27
26/5/2024,22,117.34
26/5/2024,23,104.14
26/5/2024,24,87.5
27/5/2024,1,77.49
27/5/2024,2,75.74
27/5/2024,3,75.14
27/5/2024,4,75.14
27/5/2024,5,78.69
27/5/2024,6,84.88
27/5/2024,7,109.1
27/5/2024,8,126.69
27/5/2024,9,120.46
27/5/2024,10,90.45
27/5/2024,11,77.49
27/5/2024,12,74.86
27/5/2024,13,69.47
27/5/2024,14,68.29
27/5/2024,15,67.44
27/5/2024,16,77.57
27/5/2024,17,86.16
27/5/2024,18,105.2
27/5/2024,19,126.87
27/5/2024,20,175.96
27/5/2024,21,208.44
27/5/2024,22,156.62
27/5/2024,23,127.34
27/5/2024,24,108.87
28/5/2024,1,98.7
28/5/2024,2,90.37
28/5/2024,3,88.26
28/5/2024,4,85.33
28/5/2024,5,83.98
28/5/2024,6,88.71
28/5/2024,7,112
28/5/2024,8,121.97
28/5/2024,9,103.43
28/5/2024,10,86.42
28/5/2024,11,73.39
28/5/2024,12,70.53
28/5/2024,13,62.32
28/5/2024,14,56.37
28/5/2024,15,56.38
28/5/2024,16,67
28/5/2024,17,74.29
28/5/2024,18,86.39
28/5/2024,19,100.85
28/5/2024,20,123.87
28/5/2024,21,140.39
28/5/2024,22,116.66
28/5/2024,23,101.37
28/5/2024,24,93.47
29/5/2024,1,70.36
29/5/2024,2,60.55
29/5/2024,3,50.38
29/5/2024,4,60.66
29/5/2024,5,60.04
29/5/2024,6,56.93
29/5/2024,7,80.42
29/5/2024,8,96.33
29/5/2024,9,92.28
29/5/2024,10,69.71
29/5/2024,11,68.37
29/5/2024,12,62.65
29/5/2024,13,59.4
29/5/2024,14,62.67
29/5/2024,15,62.61
29/5/2024,16,70.27
29/5/2024,17,72.15
29/5/2024,18,92.06
29/5/2024,19,103.2
29/5/2024,20,118.21
29/5/2024,21,137.18
29/5/2024,22,140
29/5/2024,23,121.26
29/5/2024,24,100
30/5/2024,1,102
30/5/2024,2,98.15
30/5/2024,3,93.48
30/5/2024,4,95.95
30/5/2024,5,97.55
30/5/2024,6,104.02
30/5/2024,7,105
30/5/2024,8,103.68
30/5/2024,9,95.65
30/5/2024,10,91.96
30/5/2024,11,82.66
30/5/2024,12,78.66
30/5/2024,13,71.5
30/5/2024,14,63.51
30/5/2024,15,63.49
30/5/2024,16,68.27
30/5/2024,17,84.46
30/5/2024,18,91.05
30/5/2024,19,108.52
30/5/2024,20,122.06
30/5/2024,21,140.9
30/5/2024,22,134.58
30/5/2024,23,109.52
30/5/2024,24,100.78
31/5/2024,1,96.86
31/5/2024,2,81.47
31/5/2024,3,79.91
31/5/2024,4,74.79
31/5/2024,5,75.73
31/5/2024,6,90.33
31/5/2024,7,107.51
31/5/2024,8,111.27
31/5/2024,9,110.92
31/5/2024,10,102
31/5/2024,11,90.88
31/5/2024,12,83.34
31/5/2024,13,76.4
31/5/2024,14,69.93
31/5/2024,15,66.51
31/5/2024,16,67.89
31/5/2024,17,75.94
31/5/2024,18,86.7
31/5/2024,19,100.47
31/5/2024,20,111.75
31/5/2024,21,115.5
31/5/2024,22,105.99
31/5/2024,23,103.66
31/5/2024,24,89.56
1/6/2024,1,87.95
1/6/2024,2,84.39
1/6/2024,3,81.77
1/6/2024,4,72.69
1/6/2024,5,73.84
1/6/2024,6,73.81
1/6/2024,7,78.74
1/6/2024,8,75.5
1/6/2024,9,73.36
1/6/2024,10,62.09
1/6/2024,11,47.8
1/6/2024,12,42.47
1/6/2024,13,21.5
1/6/2024,14,7.55
1/6/2024,15,2.82
1/6/2024,16,5.58
1/6/2024,17,13.18
1/6/2024,18,52.11
1/6/2024,19,80.53
1/6/2024,20,84.71
1/6/2024,21,80
1/6/2024,22,80.88
1/6/2024,23,91.26
1/6/2024,24,78.96
2/6/2024,1,53.3
2/6/2024,2,49
2/6/2024,3,39.19
2/6/2024,4,33.82
2/6/2024,5,8.65
2/6/2024,6,4.84
2/6/2024,7,4.9
2/6/2024,8,4.11
2/6/2024,9,0.97
2/6/2024,10,0
2/6/2024,11,1.39
2/6/2024,12,0.45
2/6/2024,13,-0.5
2/6/2024,14,-5.08
2/6/2024,15,-17.49
2/6/2024,16,-19.12
2/6/2024,17,-6.56
2/6/2024,18,-2.84
2/6/2024,19,39.18
2/6/2024,20,79.22
2/6/2024,21,83.74
2/6/2024,22,102.11
2/6/2024,23,104.62
2/6/2024,24,93.81
3/6/2024,1,94.71
3/6/2024,2,86.94
3/6/2024,3,86.21
3/6/2024,4,85.61
3/6/2024,5,83.74
3/6/2024,6,98.27
3/6/2024,7,130.61
3/6/2024,8,191.79
3/6/2024,9,162.81
3/6/2024,10,127.06
3/6/2024,11,98.75
3/6/2024,12,95.71
3/6/2024,13,81.09
3/6/2024,14,75.88
3/6/2024,15,71.59
3/6/2024,16,73.45
3/6/2024,17,78.98
3/6/2024,18,108.99
3/6/2024,19,128.98
3/6/2024,20,179.22
3/6/2024,21,210.53
3/6/2024,22,192.27
3/6/2024,23,145.66
3/6/2024,24,116.87
4/6/2024,1,107.12
4/6/2024,2,100.4
4/6/2024,3,95.75
4/6/2024,4,94.7
4/6/2024,5,94.41
4/6/2024,6,105.57
4/6/2024,7,141.86
4/6/2024,8,173.05
4/6/2024,9,141.4
4/6/2024,10,111.02
4/6/2024,11,90.44
4/6/2024,12,80.88
4/6/2024,13,67.98
4/6/2024,14,56.06
4/6/2024,15,46.95
4/6/2024,16,44.85
4/6/2024,17,79.57
4/6/2024,18,94.83
4/6/2024,19,119.71
4/6/2024,20,168.49
4/6/2024,21,224.1
4/6/2024,22,139.29
4/6/2024,23,111.92
4/6/2024,24,90.76
5/6/2024,1,76.97
5/6/2024,2,63.73
5/6/2024,3,62.84
5/6/2024,4,66.55
5/6/2024,5,65.01
5/6/2024,6,82.53
5/6/2024,7,108.97
5/6/2024,8,147.13
5/6/2024,9,114.1
5/6/2024,10,85.42
5/6/2024,11,70.99
5/6/2024,12,64.25
5/6/2024,13,50.26
5/6/2024,14,31.17
5/6/2024,15,27.19
5/6/2024,16,58.71
5/6/2024,17,58.38
5/6/2024,18,91.17
5/6/2024,19,115.82
5/6/2024,20,132.28
5/6/2024,21,155.7
5/6/2024,22,160.61
5/6/2024,23,143.44
5/6/2024,24,112.93
6/6/2024,1,100.98
6/6/2024,2,96.74
6/6/2024,3,88.52
6/6/2024,4,87.68
6/6/2024,5,90.21
6/6/2024,6,103.22
6/6/2024,7,125.13
6/6/2024,8,128.5
6/6/2024,9,97.7
6/6/2024,10,71.93
6/6/2024,11,57.8
6/6/2024,12,29.79
6/6/2024,13,22.94
6/6/2024,14,17.95
6/6/2024,15,23.33
6/6/2024,16,29.64
6/6/2024,17,57.16
6/6/2024,18,91.82
6/6/2024,19,104.35
6/6/2024,20,119.97
6/6/2024,21,158
6/6/2024,22,163.35
6/6/2024,23,130.07
6/6/2024,24,108.11
7/6/2024,1,102.95
7/6/2024,2,95.57
7/6/2024,3,90.6
7/6/2024,4,85.9
7/6/2024,5,82.56
7/6/2024,6,95.95
7/6/2024,7,113.54
7/6/2024,8,117.84
7/6/2024,9,102
7/6/2024,10,78.76
7/6/2024,11,61.02
7/6/2024,12,41.39
7/6/2024,13,33.91
7/6/2024,14,25.36
7/6/2024,15,16.71
7/6/2024,16,8.99
7/6/2024,17,25.18
7/6/2024,18,63.47
7/6/2024,19,97.28
7/6/2024,20,125.17
7/6/2024,21,149.41
7/6/2024,22,150.64
7/6/2024,23,125
7/6/2024,24,103.39
8/6/2024,1,101.43
8/6/2024,2,93.05
8/6/2024,3,86.45
8/6/2024,4,84.08
8/6/2024,5,84.11
8/6/2024,6,82.78
8/6/2024,7,80.22
8/6/2024,8,63.58
8/6/2024,9,42.48
8/6/2024,10,12.11
8/6/2024,11,-0.22
8/6/2024,12,-2.31
8/6/2024,13,-10.39
8/6/2024,14,-23.95
8/6/2024,15,-30.35
8/6/2024,16,-20.88
8/6/2024,17,-3.42
8/6/2024,18,13.32
8/6/2024,19,63.77
8/6/2024,20,81.45
8/6/2024,21,94.72
8/6/2024,22,81.85
8/6/2024,23,97.57
8/6/2024,24,78.48
9/6/2024,1,74.28
9/6/2024,2,63.45
9/6/2024,3,41.04
9/6/2024,4,12.59
9/6/2024,5,15.16
9/6/2024,6,8.66
9/6/2024,7,5.85
9/6/2024,8,2.22
9/6/2024,9,-0.19
9/6/2024,10,-2.05
9/6/2024,11,-7.72
9/6/2024,12,-15.15
9/6/2024,13,-24.68
9/6/2024,14,-32.45
9/6/2024,15,-37.14
9/6/2024,16,-28.86
9/6/2024,17,-1.21
9/6/2024,18,8.55
9/6/2024,19,78.77
9/6/2024,20,97.52
9/6/2024,21,115.17
9/6/2024,22,105.76
9/6/2024,23,108.32
9/6/2024,24,97.37
10/6/2024,1,73.77
10/6/2024,2,72.51
10/6/2024,3,68.62
10/6/2024,4,69.26
10/6/2024,5,70.31
10/6/2024,6,78.18
10/6/2024,7,117.59
10/6/2024,8,183.97
10/6/2024,9,144.78
10/6/2024,10,105.63
10/6/2024,11,88.16
10/6/2024,12,83.7
10/6/2024,13,73.16
10/6/2024,14,73.16
10/6/2024,15,66.92
10/6/2024,16,66.83
10/6/2024,17,81.76
10/6/2024,18,90.78
10/6/2024,19,105
10/6/2024,20,121.81
10/6/2024,21,134.26
10/6/2024,22,121.14
10/6/2024,23,108.02
10/6/2024,24,88.2
11/6/2024,1,74.75
11/6/2024,2,68.72
11/6/2024,3,63.33
11/6/2024,4,60.16
11/6/2024,5,60.89
11/6/2024,6,65.02
11/6/2024,7,85
11/6/2024,8,101.11
11/6/2024,9,92.23
11/6/2024,10,72.01
11/6/2024,11,61.02
11/6/2024,12,60.22
11/6/2024,13,60.96
11/6/2024,14,38.41
11/6/2024,15,30.82
11/6/2024,16,57.8
11/6/2024,17,47.1
11/6/2024,18,65.16
11/6/2024,19,81.82
11/6/2024,20,109.03
11/6/2024,21,122.05
11/6/2024,22,119.42
11/6/2024,23,103.7
11/6/2024,24,90.9
12/6/2024,1,88.86
12/6/2024,2,85.14
12/6/2024,3,79.57
12/6/2024,4,81.89
12/6/2024,5,85.72
12/6/2024,6,94.13
12/6/2024,7,122.82
12/6/2024,8,132.19
12/6/2024,9,111.63
12/6/2024,10,79.76
12/6/2024,11,65.32
12/6/2024,12,60.69
12/6/2024,13,60.77
12/6/2024,14,50.14
12/6/2024,15,51.2
12/6/2024,16,46.2
12/6/2024,17,63.25
12/6/2024,18,91.09
12/6/2024,19,103.29
12/6/2024,20,128.27
12/6/2024,21,151.12
12/6/2024,22,153.64
12/6/2024,23,128.93
12/6/2024,24,106.89
13/6/2024,1,99.73
13/6/2024,2,93.27
13/6/2024,3,84.05
13/6/2024,4,85.15
13/6/2024,5,83.92
13/6/2024,6,99.74
13/6/2024,7,122.51
13/6/2024,8,130.5
13/6/2024,9,116.51
13/6/2024,10,85.06
13/6/2024,11,70.73
13/6/2024,12,63.26
13/6/2024,13,54.72
13/6/2024,14,48.21
13/6/2024,15,45.89
13/6/2024,16,64.84
13/6/2024,17,87.3
13/6/2024,18,91.56
13/6/2024,19,114.39
13/6/2024,20,142.76
13/6/2024,21,193.93
13/6/2024,22,161.68
13/6/2024,23,106.27
13/6/2024,24,83.99
14/6/2024,1,79.33
14/6/2024,2,67.84
14/6/2024,3,60.84
14/6/2024,4,60.61
14/6/2024,5,56.7
14/6/2024,6,65.42
14/6/2024,7,82.2
14/6/2024,8,97.25
14/6/2024,9,95.86
14/6/2024,10,84.11
14/6/2024,11,71.85
14/6/2024,12,64
14/6/2024,13,61.27
14/6/2024,14,48.38
14/6/2024,15,41.54
14/6/2024,16,41.66
14/6/2024,17,57.57
14/6/2024,18,77.08
14/6/2024,19,88.31
14/6/2024,20,134
14/6/2024,21,131.76
14/6/2024,22,114
14/6/2024,23,86.08
14/6/2024,24,59.32
15/6/2024,1,61.25
15/6/2024,2,43
15/6/2024,3,32.14
15/6/2024,4,33.02
15/6/2024,5,22.24
15/6/2024,6,9.68
15/6/2024,7,1.54
15/6/2024,8,0.09
15/6/2024,9,0
15/6/2024,10,-0.06
15/6/2024,11,-10.08
15/6/2024,12,-29.55
15/6/2024,13,-45.72
15/6/2024,14,-65.76
15/6/2024,15,-80.4
15/6/2024,16,-57.03
15/6/2024,17,-32.15
15/6/2024,18,-9.27
15/6/2024,19,-0.52
15/6/2024,20,67.25
15/6/2024,21,86.4
15/6/2024,22,95.33
15/6/2024,23,59.67
15/6/2024,24,37.62
16/6/2024,1,27.06
16/6/2024,2,12.37
16/6/2024,3,6.96
16/6/2024,4,4.92
16/6/2024,5,4.51
16/6/2024,6,4.83
16/6/2024,7,4.1
16/6/2024,8,0.47
16/6/2024,9,-0.02
16/6/2024,10,-1.31
16/6/2024,11,-10.05
16/6/2024,12,-13.4
16/6/2024,13,-20.09
16/6/2024,14,-30.14
16/6/2024,15,-35.86
16/6/2024,16,-29.22
16/6/2024,17,-11.56
16/6/2024,18,-6.38
16/6/2024,19,67.49
16/6/2024,20,105
16/6/2024,21,123.78
16/6/2024,22,130.25
16/6/2024,23,124.1
16/6/2024,24,95.57
17/6/2024,1,82.46
17/6/2024,2,68.98
17/6/2024,3,68.42
17/6/2024,4,70.81
17/6/2024,5,72.57
17/6/2024,6,90.09
17/6/2024,7,118.84
17/6/2024,8,127.92
17/6/2024,9,107.64
17/6/2024,10,82.44
17/6/2024,11,61.66
17/6/2024,12,56.32
17/6/2024,13,42.1
17/6/2024,14,39.85
17/6/2024,15,47.94
17/6/2024,16,56.48
17/6/2024,17,66.9
17/6/2024,18,86.64
17/6/2024,19,118.8
17/6/2024,20,179.39
17/6/2024,21,222.62
17/6/2024,22,212.19
17/6/2024,23,139.11
17/6/2024,24,102.91
18/6/2024,1,104.51
18/6/2024,2,92.14
18/6/2024,3,88.68
18/6/2024,4,87.77
18/6/2024,5,87.93
18/6/2024,6,97.09
18/6/2024,7,136.62
18/6/2024,8,127.3
18/6/2024,9,94.29
18/6/2024,10,73.8
18/6/2024,11,60.15
18/6/2024,12,51.93
18/6/2024,13,47.69
18/6/2024,14,45.6
18/6/2024,15,51.42
18/6/2024,16,66.95
18/6/2024,17,74.13
18/6/2024,18,90.34
18/6/2024,19,126.75
18/6/2024,20,193.82
18/6/2024,21,201.06
18/6/2024,22,145.3
18/6/2024,23,110.89
18/6/2024,24,93.14
19/6/2024,1,100.23
19/6/2024,2,92.34
19/6/2024,3,88.58
19/6/2024,4,87.86
19/6/2024,5,86.5
19/6/2024,6,88.59
19/6/2024,7,110
19/6/2024,8,113.97
19/6/2024,9,105.59
19/6/2024,10,86.32
19/6/2024,11,75.01
19/6/2024,12,67.12
19/6/2024,13,58.58
19/6/2024,14,39.95
19/6/2024,15,22.4
19/6/2024,16,36.26
19/6/2024,17,62.62
19/6/2024,18,81.87
19/6/2024,19,101.5
19/6/2024,20,124.95
19/6/2024,21,232.74
19/6/2024,22,126.73
19/6/2024,23,111.86
19/6/2024,24,93.58
20/6/2024,1,86.23
20/6/2024,2,78.91
20/6/2024,3,77.61
20/6/2024,4,76.83
20/6/2024,5,78.23
20/6/2024,6,86.65
20/6/2024,7,113.21
20/6/2024,8,112.78
20/6/2024,9,103.01
20/6/2024,10,83.33
20/6/2024,11,74.62
20/6/2024,12,68.2
20/6/2024,13,64.67
20/6/2024,14,64.16
20/6/2024,15,64.64
20/6/2024,16,69.87
20/6/2024,17,78.83
20/6/2024,18,96.41
20/6/2024,19,116.87
20/6/2024,20,159.84
20/6/2024,21,216.68
20/6/2024,22,164.45
20/6/2024,23,118.77
20/6/2024,24,96.31
21/6/2024,1,101.87
21/6/2024,2,91.74
21/6/2024,3,89.95
21/6/2024,4,87.9
21/6/2024,5,86.64
21/6/2024,6,86.24
21/6/2024,7,106.2
21/6/2024,8,122.36
21/6/2024,9,121.47
21/6/2024,10,104.19
21/6/2024,11,97.37
21/6/2024,12,89.54
21/6/2024,13,88.04
21/6/2024,14,81.48
21/6/2024,15,76.96
21/6/2024,16,79.81
21/6/2024,17,86.54
21/6/2024,18,95.5
21/6/2024,19,97.17
21/6/2024,20,82.56
21/6/2024,21,78.11
21/6/2024,22,79.23
21/6/2024,23,86.73
21/6/2024,24,74.35
22/6/2024,1,77.41
22/6/2024,2,67.91
22/6/2024,3,62.18
22/6/2024,4,50.82
22/6/2024,5,50.41
22/6/2024,6,46.54
22/6/2024,7,60.92
22/6/2024,8,48.92
22/6/2024,9,45.2
22/6/2024,10,34.65
22/6/2024,11,12.54
22/6/2024,12,3.59
22/6/2024,13,2.6
22/6/2024,14,-0.03
22/6/2024,15,-0.06
22/6/2024,16,-1.47
22/6/2024,17,0.81
22/6/2024,18,42.4
22/6/2024,19,79.54
22/6/2024,20,109
22/6/2024,21,120.54
22/6/2024,22,123.08
22/6/2024,23,109.59
22/6/2024,24,89.4
23/6/2024,1,89.95
23/6/2024,2,78.7
23/6/2024,3,70.23
23/6/2024,4,69.8
23/6/2024,5,65.99
23/6/2024,6,60.92
23/6/2024,7,56.84
23/6/2024,8,46.34
23/6/2024,9,20.03
23/6/2024,10,4.24
23/6/2024,11,0
23/6/2024,12,-0.05
23/6/2024,13,-0.1
23/6/2024,14,-1.07
23/6/2024,15,-2.28
23/6/2024,16,-2.27
23/6/2024,17,-1.15
23/6/2024,18,22.39
23/6/2024,19,71.75
23/6/2024,20,97.01
23/6/2024,21,100.18
23/6/2024,22,97.35
23/6/2024,23,106.6
23/6/2024,24,97.53
24/6/2024,1,105.5
24/6/2024,2,91.27
24/6/2024,3,83.87
24/6/2024,4,83.81
24/6/2024,5,84
24/6/2024,6,96.24
24/6/2024,7,131.28
24/6/2024,8,127.35
24/6/2024,9,104.22
24/6/2024,10,80.49
24/6/2024,11,54.71
24/6/2024,12,38.44
24/6/2024,13,31.08
24/6/2024,14,29.73
24/6/2024,15,29.04
24/6/2024,16,70.15
24/6/2024,17,87.26
24/6/2024,18,94.74
24/6/2024,19,120.48
24/6/2024,20,170
24/6/2024,21,237
24/6/2024,22,199.08
24/6/2024,23,132.5
24/6/2024,24,104.56
25/6/2024,1,88.8
25/6/2024,2,84.8
25/6/2024,3,84.78
25/6/2024,4,85.22
25/6/2024,5,85.5
25/6/2024,6,94.9
25/6/2024,7,145.64
25/6/2024,8,134.94
25/6/2024,9,111.01
25/6/2024,10,90.41
25/6/2024,11,78.01
25/6/2024,12,62.8
25/6/2024,13,62.8
25/6/2024,14,62.61
25/6/2024,15,57.88
25/6/2024,16,85.68
25/6/2024,17,80.01
25/6/2024,18,107.71
25/6/2024,19,95.9
25/6/2024,20,128.9
25/6/2024,21,136.69
25/6/2024,22,122.09
25/6/2024,23,106.57
25/6/2024,24,89.95
26/6/2024,1,107.59
26/6/2024,2,99.76
26/6/2024,3,95.32
26/6/2024,4,95.46
26/6/2024,5,91.67
26/6/2024,6,96.81
26/6/2024,7,108.18
26/6/2024,8,130
26/6/2024,9,121.1
26/6/2024,10,101.76
26/6/2024,11,94.21
26/6/2024,12,88.84
26/6/2024,13,81.47
26/6/2024,14,76.54
26/6/2024,15,80.25
26/6/2024,16,90.42
26/6/2024,17,100.08
26/6/2024,18,105.57
26/6/2024,19,125.22
26/6/2024,20,162.57
26/6/2024,21,181.58
26/6/2024,22,147
26/6/2024,23,117.73
26/6/2024,24,110
27/6/2024,1,96
27/6/2024,2,86.81
27/6/2024,3,80.18
27/6/2024,4,82.31
27/6/2024,5,78.36
27/6/2024,6,84.55
27/6/2024,7,117.15
27/6/2024,8,125
27/6/2024,9,115
27/6/2024,10,88.9
27/6/2024,11,67.9
27/6/2024,12,56.13
27/6/2024,13,49.86
27/6/2024,14,52.54
27/6/2024,15,52.86
27/6/2024,16,56.88
27/6/2024,17,66.22
27/6/2024,18,90.35
27/6/2024,19,99.39
27/6/2024,20,175
27/6/2024,21,274.34
27/6/2024,22,193.13
27/6/2024,23,124.2
27/6/2024,24,100
28/6/2024,1,94.52
28/6/2024,2,92.53
28/6/2024,3,83.67
28/6/2024,4,77.99
28/6/2024,5,81.8
28/6/2024,6,89.91
28/6/2024,7,123.67
28/6/2024,8,119.56
28/6/2024,9,84.96
28/6/2024,10,61.76
28/6/2024,11,25.38
28/6/2024,12,12.51
28/6/2024,13,17.16
28/6/2024,14,36.98
28/6/2024,15,25.83
28/6/2024,16,38
28/6/2024,17,49.9
28/6/2024,18,65.47
28/6/2024,19,82.33
28/6/2024,20,118.81
28/6/2024,21,137.7
28/6/2024,22,145.57
28/6/2024,23,128.83
28/6/2024,24,109.01
29/6/2024,1,104.71
29/6/2024,2,109.68
29/6/2024,3,110.73
29/6/2024,4,110.34
29/6/2024,5,108.89
29/6/2024,6,103.95
29/6/2024,7,96.57
29/6/2024,8,84.14
29/6/2024,9,66.91
29/6/2024,10,29.58
29/6/2024,11,5.04
29/6/2024,12,0.03
29/6/2024,13,-0.07
29/6/2024,14,-0.3
29/6/2024,15,-0.15
29/6/2024,16,0.93
29/6/2024,17,8.2
29/6/2024,18,65.76
29/6/2024,19,97.3
29/6/2024,20,118.65
29/6/2024,21,129.8
29/6/2024,22,94.1
29/6/2024,23,95.72
29/6/2024,24,94.43
30/6/2024,1,68.22
30/6/2024,2,57.59
30/6/2024,3,65.42
30/6/2024,4,65.16
30/6/2024,5,65.23
30/6/2024,6,52.08
30/6/2024,7,50.17
30/6/2024,8,20.34
30/6/2024,9,6.83
30/6/2024,10,0.82
30/6/2024,11,0
30/6/2024,12,0
30/6/2024,13,-0.02
30/6/2024,14,-1.53
30/6/2024,15,-1.11
30/6/2024,16,0
30/6/2024,17,0.84
30/6/2024,18,36.96
30/6/2024,19,63.45
30/6/2024,20,83.47
30/6/2024,21,97.83
30/6/2024,22,100.41
30/6/2024,23,102.47
30/6/2024,24,92.28
1/7/2024,1,94.23
1/7/2024,2,83.01
1/7/2024,3,76.59
1/7/2024,4,75.52
1/7/2024,5,71.97
1/7/2024,6,76.97
1/7/2024,7,129.54
1/7/2024,8,143.23
1/7/2024,9,143.14
1/7/2024,10,116.05
1/7/2024,11,107.67
1/7/2024,12,91.9
1/7/2024,13,79.06
1/7/2024,14,73.47
1/7/2024,15,58.08
1/7/2024,16,79.74
1/7/2024,17,90.57
1/7/2024,18,101.22
1/7/2024,19,139.84
1/7/2024,20,144.2
1/7/2024,21,194.37
1/7/2024,22,150
1/7/2024,23,112.08
1/7/2024,24,80.35
2/7/2024,1,77.04
2/7/2024,2,75.8
2/7/2024,3,79.89
2/7/2024,4,80.01
2/7/2024,5,82.6
2/7/2024,6,79.51
2/7/2024,7,94.09
2/7/2024,8,101.14
2/7/2024,9,100.55
2/7/2024,10,86.72
2/7/2024,11,82.05
2/7/2024,12,74.29
2/7/2024,13,73.17
2/7/2024,14,70.28
2/7/2024,15,61.47
2/7/2024,16,63.12
2/7/2024,17,75.01
2/7/2024,18,76.05
2/7/2024,19,83.72
2/7/2024,20,102.56
2/7/2024,21,119.28
2/7/2024,22,109.13
2/7/2024,23,112.51
2/7/2024,24,82.81
3/7/2024,1,65.71
3/7/2024,2,64.21
3/7/2024,3,62.81
3/7/2024,4,65.26
3/7/2024,5,70.27
3/7/2024,6,79.05
3/7/2024,7,100.54
3/7/2024,8,113.55
3/7/2024,9,113.21
3/7/2024,10,89.83
3/7/2024,11,75.15
3/7/2024,12,71
3/7/2024,13,72.82
3/7/2024,14,72.2
3/7/2024,15,72.89
3/7/2024,16,70.6
3/7/2024,17,72.94
3/7/2024,18,90.72
3/7/2024,19,124.61
3/7/2024,20,154.42
3/7/2024,21,209.8
3/7/2024,22,131.53
3/7/2024,23,118.3
3/7/2024,24,84.53
4/7/2024,1,78.32
4/7/2024,2,66.99
4/7/2024,3,50.82
4/7/2024,4,38.21
4/7/2024,5,38.81
4/7/2024,6,42.67
4/7/2024,7,72.41
4/7/2024,8,70.34
4/7/2024,9,35.65
4/7/2024,10,25.2
4/7/2024,11,24.37
4/7/2024,12,25.1
4/7/2024,13,26.78
4/7/2024,14,22.6
4/7/2024,15,14.93
4/7/2024,16,24.31
4/7/2024,17,41.74
4/7/2024,18,49.94
4/7/2024,19,61.73
4/7/2024,20,100.43
4/7/2024,21,119.5
4/7/2024,22,119.76
4/7/2024,23,98.33
4/7/2024,24,70.7
5/7/2024,1,28.26
5/7/2024,2,15.77
5/7/2024,3,18.7
5/7/2024,4,17.96
5/7/2024,5,11.22
5/7/2024,6,12.92
5/7/2024,7,35.76
5/7/2024,8,44.3
5/7/2024,9,38.55
5/7/2024,10,18.5
5/7/2024,11,2.8
5/7/2024,12,0.45
5/7/2024,13,0.21
5/7/2024,14,-0.89
5/7/2024,15,-0.16
5/7/2024,16,0.82
5/7/2024,17,2.73
5/7/2024,18,14.36
5/7/2024,19,55.03
5/7/2024,20,70.09
5/7/2024,21,172.24
5/7/2024,22,140
5/7/2024,23,91.99
5/7/2024,24,81.9
6/7/2024,1,85.99
6/7/2024,2,59.3
6/7/2024,3,57.37
6/7/2024,4,33.78
6/7/2024,5,25.74
6/7/2024,6,8.21
6/7/2024,7,-0.11
6/7/2024,8,5.04
6/7/2024,9,3.14
6/7/2024,10,-0.09
6/7/2024,11,-7.55
6/7/2024,12,-23.89
6/7/2024,13,-29.8
6/7/2024,14,-29.61
6/7/2024,15,-42.87
6/7/2024,16,-27.12
6/7/2024,17,9.62
6/7/2024,18,-5.78
6/7/2024,19,-6.5
6/7/2024,20,7.19
6/7/2024,21,-11.86
6/7/2024,22,-14.67
6/7/2024,23,6.21
6/7/2024,24,5.69
7/7/2024,1,-14.92
7/7/2024,2,-13.35
7/7/2024,3,-14.02
7/7/2024,4,-13.12
7/7/2024,5,-10.49
7/7/2024,6,-6.81
7/7/2024,7,1.54
7/7/2024,8,0.4
7/7/2024,9,-0.45
7/7/2024,10,-4.1
7/7/2024,11,-6.57
7/7/2024,12,-7.34
7/7/2024,13,-7.56
7/7/2024,14,-14.32
7/7/2024,15,-15.1
7/7/2024,16,-4.81
7/7/2024,17,0.77
7/7/2024,18,33.78
7/7/2024,19,56.09
7/7/2024,20,81.6
7/7/2024,21,132.88
7/7/2024,22,138.08
7/7/2024,23,116.96
7/7/2024,24,99.4
8/7/2024,1,78.49
8/7/2024,2,74.01
8/7/2024,3,71.7
8/7/2024,4,76.73
8/7/2024,5,74.72
8/7/2024,6,80.46
8/7/2024,7,125.21
8/7/2024,8,129.92
8/7/2024,9,105
8/7/2024,10,81.77
8/7/2024,11,58.58
8/7/2024,12,54.83
8/7/2024,13,55.3
8/7/2024,14,52.54
8/7/2024,15,54.32
8/7/2024,16,61.73
8/7/2024,17,67.47
8/7/2024,18,78.63
8/7/2024,19,100
8/7/2024,20,112.5
8/7/2024,21,260.8
8/7/2024,22,188.6
8/7/2024,23,95.32
8/7/2024,24,96.97
9/7/2024,1,107.05
9/7/2024,2,94.98
9/7/2024,3,87.94
9/7/2024,4,85.4
9/7/2024,5,82.6
9/7/2024,6,93.06
9/7/2024,7,108.34
9/7/2024,8,103.38
9/7/2024,9,93.12
9/7/2024,10,66.71
9/7/2024,11,46.63
9/7/2024,12,33.71
9/7/2024,13,21.95
9/7/2024,14,12.57
9/7/2024,15,15.46
9/7/2024,16,46.19
9/7/2024,17,70.3
9/7/2024,18,90.48
9/7/2024,19,117.74
9/7/2024,20,174.9
9/7/2024,21,181.81
9/7/2024,22,127.04
9/7/2024,23,100.03
9/7/2024,24,73.7
10/7/2024,1,57.92
10/7/2024,2,57.73
10/7/2024,3,47.95
10/7/2024,4,56.62
10/7/2024,5,59.81
10/7/2024,6,61.75
10/7/2024,7,86.06
10/7/2024,8,105.87
10/7/2024,9,102
10/7/2024,10,84.93
10/7/2024,11,65
10/7/2024,12,56.32
10/7/2024,13,48.33
10/7/2024,14,33.83
10/7/2024,15,58.47
10/7/2024,16,59.24
10/7/2024,17,77.2
10/7/2024,18,74.3
10/7/2024,19,118.85
10/7/2024,20,169.79
10/7/2024,21,198.86
10/7/2024,22,185.59
10/7/2024,23,130.27
10/7/2024,24,104.9
11/7/2024,1,99.71
11/7/2024,2,80.01
11/7/2024,3,72.54
11/7/2024,4,81.78
11/7/2024,5,77.37
11/7/2024,6,78.8
11/7/2024,7,129.15
11/7/2024,8,119.69
11/7/2024,9,105
11/7/2024,10,89.31
11/7/2024,11,80.7
11/7/2024,12,67
11/7/2024,13,59.04
11/7/2024,14,43.31
11/7/2024,15,57.58
11/7/2024,16,65.46
11/7/2024,17,82.01
11/7/2024,18,63.93
11/7/2024,19,129.86
11/7/2024,20,169.56
11/7/2024,21,210.89
11/7/2024,22,188.9
11/7/2024,23,135.98
11/7/2024,24,112.77
12/7/2024,1,110
12/7/2024,2,75.01
12/7/2024,3,78.83
12/7/2024,4,76.86
12/7/2024,5,79.37
12/7/2024,6,75.21
12/7/2024,7,121.87
12/7/2024,8,116.7
12/7/2024,9,102.44
12/7/2024,10,101.28
12/7/2024,11,95.26
12/7/2024,12,90.77
12/7/2024,13,85.14
12/7/2024,14,80.08
12/7/2024,15,79.88
12/7/2024,16,93.06
12/7/2024,17,95.26
12/7/2024,18,98.94
12/7/2024,19,48.51
12/7/2024,20,33.66
12/7/2024,21,7.62
12/7/2024,22,85.66
12/7/2024,23,52.54
12/7/2024,24,57.72
13/7/2024,1,46.86
13/7/2024,2,39.55
13/7/2024,3,35.38
13/7/2024,4,31.89
13/7/2024,5,22.78
13/7/2024,6,21.04
13/7/2024,7,22.29
13/7/2024,8,19.57
13/7/2024,9,26.6
13/7/2024,10,20.97
13/7/2024,11,5.15
13/7/2024,12,-0.04
13/7/2024,13,-0.12
13/7/2024,14,-5.18
13/7/2024,15,-15.46
13/7/2024,16,-15.52
13/7/2024,17,-14.47
13/7/2024,18,4.41
13/7/2024,19,-10
13/7/2024,20,-15.4
13/7/2024,21,7.98
13/7/2024,22,17.01
13/7/2024,23,40.94
13/7/2024,24,40.25
14/7/2024,1,80.41
14/7/2024,2,51.73
14/7/2024,3,47.13
14/7/2024,4,34.83
14/7/2024,5,35.28
14/7/2024,6,34.22
14/7/2024,7,29.8
14/7/2024,8,14.28
14/7/2024,9,0.29
14/7/2024,10,-3.79
14/7/2024,11,-20.78
14/7/2024,12,-41.08
14/7/2024,13,-62.05
14/7/2024,14,-72.82
14/7/2024,15,-81.16
14/7/2024,16,-64.34
14/7/2024,17,-33.53
14/7/2024,18,-13.78
14/7/2024,19,37.6
14/7/2024,20,52.21
14/7/2024,21,74.37
14/7/2024,22,61.28
14/7/2024,23,97.3
14/7/2024,24,77.28
15/7/2024,1,68.93
15/7/2024,2,56.68
15/7/2024,3,47.71
15/7/2024,4,55.97
15/7/2024,5,61.39
15/7/2024,6,73.58
15/7/2024,7,140.3
15/7/2024,8,155.18
15/7/2024,9,100
15/7/2024,10,66.45
15/7/2024,11,49.68
15/7/2024,12,32.87
15/7/2024,13,35.22
15/7/2024,14,38.86
15/7/2024,15,73.01
15/7/2024,16,50.87
15/7/2024,17,58.03
15/7/2024,18,99
15/7/2024,19,87.89
15/7/2024,20,167.42
15/7/2024,21,210
15/7/2024,22,115
15/7/2024,23,59.78
15/7/2024,24,65.6
16/7/2024,1,86.06
16/7/2024,2,71.58
16/7/2024,3,63.2
16/7/2024,4,42.22
16/7/2024,5,35.73
16/7/2024,6,46.02
16/7/2024,7,97.68
16/7/2024,8,90
16/7/2024,9,86.56
16/7/2024,10,66.2
16/7/2024,11,41.37
16/7/2024,12,30.95
16/7/2024,13,36.9
16/7/2024,14,38.65
16/7/2024,15,41.13
16/7/2024,16,32.5
16/7/2024,17,62.17
16/7/2024,18,70
16/7/2024,19,50.68
16/7/2024,20,182.04
16/7/2024,21,61.03
16/7/2024,22,33.22
16/7/2024,23,87.49
16/7/2024,24,91.68
17/7/2024,1,84.97
17/7/2024,2,65.35
17/7/2024,3,68.55
17/7/2024,4,65.94
17/7/2024,5,67.53
17/7/2024,6,76.86
17/7/2024,7,109.9
17/7/2024,8,109.01
17/7/2024,9,105.7
17/7/2024,10,84.49
17/7/2024,11,64.64
17/7/2024,12,53.92
17/7/2024,13,51.38
17/7/2024,14,48.35
17/7/2024,15,41.93
17/7/2024,16,48.2
17/7/2024,17,57.33
17/7/2024,18,46.17
17/7/2024,19,45.98
17/7/2024,20,95
17/7/2024,21,185
17/7/2024,22,65.05
17/7/2024,23,83.48
17/7/2024,24,66.49
18/7/2024,1,75.05
18/7/2024,2,73.66
18/7/2024,3,75.51
18/7/2024,4,75.84
18/7/2024,5,76.78
18/7/2024,6,102.26
18/7/2024,7,127.13
18/7/2024,8,109.59
18/7/2024,9,98.09
18/7/2024,10,79.03
18/7/2024,11,63.24
18/7/2024,12,51.7
18/7/2024,13,45.46
18/7/2024,14,44.63
18/7/2024,15,45.82
18/7/2024,16,50.93
18/7/2024,17,63.21
18/7/2024,18,68.97
18/7/2024,19,85.89
18/7/2024,20,79.75
18/7/2024,21,151
18/7/2024,22,115
18/7/2024,23,73.38
18/7/2024,24,97.96
19/7/2024,1,95.82
19/7/2024,2,78.63
19/7/2024,3,80.09
19/7/2024,4,83.47
19/7/2024,5,85.09
19/7/2024,6,91.3
19/7/2024,7,114.95
19/7/2024,8,110.44
19/7/2024,9,98.4
19/7/2024,10,81.43
19/7/2024,11,70.63
19/7/2024,12,59.96
19/7/2024,13,49.04
19/7/2024,14,49.39
19/7/2024,15,49.06
19/7/2024,16,52.56
19/7/2024,17,66.06
19/7/2024,18,74.38
19/7/2024,19,58.52
19/7/2024,20,9.6
19/7/2024,21,96.63
19/7/2024,22,60.01
19/7/2024,23,97.69
19/7/2024,24,85.9
20/7/2024,1,90.42
20/7/2024,2,82.57
20/7/2024,3,85.63
20/7/2024,4,88.22
20/7/2024,5,93.5
20/7/2024,6,94.08
20/7/2024,7,92.08
20/7/2024,8,85.58
20/7/2024,9,68.19
20/7/2024,10,49.7
20/7/2024,11,18.25
20/7/2024,12,17.82
20/7/2024,13,16.44
20/7/2024,14,24.82
20/7/2024,15,22.64
20/7/2024,16,17.16
20/7/2024,17,12.81
20/7/2024,18,39.47
20/7/2024,19,62.96
20/7/2024,20,67
20/7/2024,21,75
20/7/2024,22,64.56
20/7/2024,23,69.79
20/7/2024,24,65.47
21/7/2024,1,64.18
21/7/2024,2,38.84
21/7/2024,3,39.86
21/7/2024,4,48.67
21/7/2024,5,59.53
21/7/2024,6,72.1
21/7/2024,7,79.94
21/7/2024,8,57.88
21/7/2024,9,47.82
21/7/2024,10,9.76
21/7/2024,11,-0.06
21/7/2024,12,-0.07
21/7/2024,13,-0.06
21/7/2024,14,-0.17
21/7/2024,15,-0.37
21/7/2024,16,-0.18
21/7/2024,17,-13.6
21/7/2024,18,52.87
21/7/2024,19,89.32
21/7/2024,20,94.43
21/7/2024,21,103.03
21/7/2024,22,113.09
21/7/2024,23,106.92
21/7/2024,24,90
22/7/2024,1,121.49
22/7/2024,2,94.82
22/7/2024,3,84.45
22/7/2024,4,84.24
22/7/2024,5,83.6
22/7/2024,6,78.66
22/7/2024,7,113.81
22/7/2024,8,132.04
22/7/2024,9,124.71
22/7/2024,10,92.68
22/7/2024,11,74.62
22/7/2024,12,74.2
22/7/2024,13,66.5
22/7/2024,14,56.65
22/7/2024,15,51.26
22/7/2024,16,53.1
22/7/2024,17,58.55
22/7/2024,18,78.69
22/7/2024,19,99.32
22/7/2024,20,104.98
22/7/2024,21,250.02
22/7/2024,22,169.45
22/7/2024,23,111.72
22/7/2024,24,95.48
23/7/2024,1,85.35
23/7/2024,2,77.4
23/7/2024,3,74.1
23/7/2024,4,68.13
23/7/2024,5,71.18
23/7/2024,6,74.68
23/7/2024,7,107.19
23/7/2024,8,121.58
23/7/2024,9,115.35
23/7/2024,10,86.42
23/7/2024,11,68.83
23/7/2024,12,61.57
23/7/2024,13,47.45
23/7/2024,14,47.13
23/7/2024,15,47.61
23/7/2024,16,55.19
23/7/2024,17,70.47
23/7/2024,18,90.41
23/7/2024,19,113.27
23/7/2024,20,128.19
23/7/2024,21,151.91
23/7/2024,22,131.85
23/7/2024,23,112.1
23/7/2024,24,92.34
24/7/2024,1,83.82
24/7/2024,2,78.07
24/7/2024,3,74.46
24/7/2024,4,76.38
24/7/2024,5,76.61
24/7/2024,6,79.57
24/7/2024,7,107.97
24/7/2024,8,127.71
24/7/2024,9,100.28
24/7/2024,10,81.1
24/7/2024,11,63.74
24/7/2024,12,29.75
24/7/2024,13,22
24/7/2024,14,10.61
24/7/2024,15,16.74
24/7/2024,16,25.52
24/7/2024,17,25.54
24/7/2024,18,46.39
24/7/2024,19,92.64
24/7/2024,20,109.05
24/7/2024,21,121.21
24/7/2024,22,125
24/7/2024,23,114.94
24/7/2024,24,94.09
25/7/2024,1,55.88
25/7/2024,2,67.21
25/7/2024,3,64.91
25/7/2024,4,69.93
25/7/2024,5,66.41
25/7/2024,6,62.07
25/7/2024,7,115
25/7/2024,8,150
25/7/2024,9,146
25/7/2024,10,105
25/7/2024,11,65.01
25/7/2024,12,90.01
25/7/2024,13,90.01
25/7/2024,14,100
25/7/2024,15,60.28
25/7/2024,16,60.68
25/7/2024,17,75.01
25/7/2024,18,62.43
25/7/2024,19,150
25/7/2024,20,130
25/7/2024,21,130
25/7/2024,22,121.62
25/7/2024,23,109
25/7/2024,24,64.96
26/7/2024,1,92.97
26/7/2024,2,73.89
26/7/2024,3,79.01
26/7/2024,4,81.91
26/7/2024,5,81.05
26/7/2024,6,87.08
26/7/2024,7,107.87
26/7/2024,8,117.07
26/7/2024,9,103.92
26/7/2024,10,96.74
26/7/2024,11,90.46
26/7/2024,12,81.01
26/7/2024,13,69.92
26/7/2024,14,62.96
26/7/2024,15,59.56
26/7/2024,16,67.75
26/7/2024,17,72.78
26/7/2024,18,86.93
26/7/2024,19,107.27
26/7/2024,20,131.84
26/7/2024,21,158.77
26/7/2024,22,139.49
26/7/2024,23,108.75
26/7/2024,24,96.18
27/7/2024,1,107.92
27/7/2024,2,104.02
27/7/2024,3,98.3
27/7/2024,4,95.91
27/7/2024,5,93.78
27/7/2024,6,91.3
27/7/2024,7,87.48
27/7/2024,8,82.85
27/7/2024,9,84.69
27/7/2024,10,67.02
27/7/2024,11,60.85
27/7/2024,12,39.9
27/7/2024,13,28
27/7/2024,14,17.8
27/7/2024,15,17.92
27/7/2024,16,35.27
27/7/2024,17,68.78
27/7/2024,18,95.89
27/7/2024,19,106.11
27/7/2024,20,118.24
27/7/2024,21,122.75
27/7/2024,22,121.55
27/7/2024,23,108.82
27/7/2024,24,98.75
28/7/2024,1,110.68
28/7/2024,2,96.92
28/7/2024,3,87.43
28/7/2024,4,79.98
28/7/2024,5,78.47
28/7/2024,6,79.37
28/7/2024,7,74.14
28/7/2024,8,72.78
28/7/2024,9,25.49
28/7/2024,10,5
28/7/2024,11,0
28/7/2024,12,-1.36
28/7/2024,13,-8.37
28/7/2024,14,-27.22
28/7/2024,15,-51.38
28/7/2024,16,-29.56
28/7/2024,17,-3.02
28/7/2024,18,12.57
28/7/2024,19,36.41
28/7/2024,20,90.11
28/7/2024,21,109.68
28/7/2024,22,113.56
28/7/2024,23,104.46
28/7/2024,24,83.33
29/7/2024,1,78.81
29/7/2024,2,75.32
29/7/2024,3,71.55
29/7/2024,4,75.47
29/7/2024,5,79.22
29/7/2024,6,100.19
29/7/2024,7,134.56
29/7/2024,8,119.26
29/7/2024,9,97.5
29/7/2024,10,65.2
29/7/2024,11,16.08
29/7/2024,12,9.38
29/7/2024,13,0.26
29/7/2024,14,-0.66
29/7/2024,15,-2.71
29/7/2024,16,3.94
29/7/2024,17,18.16
29/7/2024,18,63.14
29/7/2024,19,98.16
29/7/2024,20,141.37
29/7/2024,21,175.35
29/7/2024,22,132
29/7/2024,23,107.82
29/7/2024,24,90.2
30/7/2024,1,75.59
30/7/2024,2,75.19
30/7/2024,3,78.37
30/7/2024,4,82.65
30/7/2024,5,87.26
30/7/2024,6,100.15
30/7/2024,7,114.02
30/7/2024,8,113.24
30/7/2024,9,98.2
30/7/2024,10,67.32
30/7/2024,11,37.52
30/7/2024,12,7.84
30/7/2024,13,1.25
30/7/2024,14,0.21
30/7/2024,15,1.37
30/7/2024,16,14.9
30/7/2024,17,41
30/7/2024,18,81.21
30/7/2024,19,102.63
30/7/2024,20,150
30/7/2024,21,209.95
30/7/2024,22,146.27
30/7/2024,23,115.25
30/7/2024,24,99.04
31/7/2024,1,98.72
31/7/2024,2,86.79
31/7/2024,3,84.57
31/7/2024,4,84.58
31/7/2024,5,91.68
31/7/2024,6,104.77
31/7/2024,7,115.84
31/7/2024,8,109.24
31/7/2024,9,95
31/7/2024,10,78.93
31/7/2024,11,55.89
31/7/2024,12,33.46
31/7/2024,13,21.01
31/7/2024,14,11.53
31/7/2024,15,20.79
31/7/2024,16,31.79
31/7/2024,17,44.21
31/7/2024,18,77.7
31/7/2024,19,99.98
31/7/2024,20,117.86
31/7/2024,21,165.59
31/7/2024,22,121.11
31/7/2024,23,109.62
31/7/2024,24,97.02
1/8/2024,1,97.52
1/8/2024,2,89.46
1/8/2024,3,85.78
1/8/2024,4,81.01
1/8/2024,5,85.84
1/8/2024,6,102.53
1/8/2024,7,123.51
1/8/2024,8,113.87
1/8/2024,9,105.95
1/8/2024,10,90.1
1/8/2024,11,76.95
1/8/2024,12,67.64
1/8/2024,13,64.03
1/8/2024,14,60.59
1/8/2024,15,63.08
1/8/2024,16,74
1/8/2024,17,79.85
1/8/2024,18,92.6
1/8/2024,19,102.88
1/8/2024,20,160.96
1/8/2024,21,172.87
1/8/2024,22,123.26
1/8/2024,23,115.54
1/8/2024,24,105.04
2/8/2024,1,93.93
2/8/2024,2,88.8
2/8/2024,3,87.58
2/8/2024,4,80.7
2/8/2024,5,84.34
2/8/2024,6,93.98
2/8/2024,7,109.87
2/8/2024,8,120.95
2/8/2024,9,113.08
2/8/2024,10,104.42
2/8/2024,11,89.13
2/8/2024,12,76.62
2/8/2024,13,72.71
2/8/2024,14,62.77
2/8/2024,15,58.72
2/8/2024,16,57.3
2/8/2024,17,69.98
2/8/2024,18,81.02
2/8/2024,19,113.15
2/8/2024,20,144.63
2/8/2024,21,145.69
2/8/2024,22,117.27
2/8/2024,23,112.05
2/8/2024,24,103.18
3/8/2024,1,101.81
3/8/2024,2,97.86
3/8/2024,3,91.67
3/8/2024,4,87.26
3/8/2024,5,84.49
3/8/2024,6,92.95
3/8/2024,7,100.91
3/8/2024,8,93
3/8/2024,9,82.43
3/8/2024,10,64.46
3/8/2024,11,32.44
3/8/2024,12,20.36
3/8/2024,13,14.66
3/8/2024,14,6.41
3/8/2024,15,3.94
3/8/2024,16,11.19
3/8/2024,17,31.43
3/8/2024,18,67.38
3/8/2024,19,104.64
3/8/2024,20,116.23
3/8/2024,21,131.96
3/8/2024,22,130.29
3/8/2024,23,116.09
3/8/2024,24,98.43
4/8/2024,1,108.12
4/8/2024,2,99.49
4/8/2024,3,95
4/8/2024,4,90.4
4/8/2024,5,87.9
4/8/2024,6,81.07
4/8/2024,7,75.63
4/8/2024,8,71.33
4/8/2024,9,64.56
4/8/2024,10,28.38
4/8/2024,11,8.05
4/8/2024,12,2.05
4/8/2024,13,0.06
4/8/2024,14,-0.04
4/8/2024,15,-2.04
4/8/2024,16,-0.01
4/8/2024,17,0.77
4/8/2024,18,19.14
4/8/2024,19,68.53
4/8/2024,20,101.87
4/8/2024,21,122.51
4/8/2024,22,118.82
4/8/2024,23,110.55
4/8/2024,24,103.95
5/8/2024,1,102.68
5/8/2024,2,85.01
5/8/2024,3,81.96
5/8/2024,4,85.07
5/8/2024,5,83.38
5/8/2024,6,95.42
5/8/2024,7,118.81
5/8/2024,8,135.22
5/8/2024,9,116.92
5/8/2024,10,105.59
5/8/2024,11,82.72
5/8/2024,12,79.7
5/8/2024,13,76.87
5/8/2024,14,64.02
5/8/2024,15,62.28
5/8/2024,16,79.31
5/8/2024,17,96.14
5/8/2024,18,97.8
5/8/2024,19,120.27
5/8/2024,20,165.61
5/8/2024,21,271.36
5/8/2024,22,185.42
5/8/2024,23,128.38
5/8/2024,24,106.52
6/8/2024,1,105.06
6/8/2024,2,97.96
6/8/2024,3,91.57
6/8/2024,4,87.76
6/8/2024,5,88.34
6/8/2024,6,98.39
6/8/2024,7,127.81
6/8/2024,8,129.57
6/8/2024,9,86.2
6/8/2024,10,75.44
6/8/2024,11,35.99
6/8/2024,12,23.69
6/8/2024,13,15.77
6/8/2024,14,2.79
6/8/2024,15,4.58
6/8/2024,16,21.9
6/8/2024,17,44.23
6/8/2024,18,83.66
6/8/2024,19,126.2
6/8/2024,20,177.6
6/8/2024,21,236.54
6/8/2024,22,173.83
6/8/2024,23,120.45
6/8/2024,24,101.02
7/8/2024,1,93.19
7/8/2024,2,85.15
7/8/2024,3,81.28
7/8/2024,4,85.91
7/8/2024,5,89.18
7/8/2024,6,107.66
7/8/2024,7,129.9
7/8/2024,8,132.12
7/8/2024,9,111.84
7/8/2024,10,91.06
7/8/2024,11,75.23
7/8/2024,12,63.5
7/8/2024,13,42.93
7/8/2024,14,34.04
7/8/2024,15,49.93
7/8/2024,16,68.46
7/8/2024,17,84.26
7/8/2024,18,109.77
7/8/2024,19,132.5
7/8/2024,20,164.88
7/8/2024,21,185.58
7/8/2024,22,155.41
7/8/2024,23,125.92
7/8/2024,24,106.02
8/8/2024,1,100.69
8/8/2024,2,89.98
8/8/2024,3,89.74
8/8/2024,4,90.67
8/8/2024,5,90.94
8/8/2024,6,98.7
8/8/2024,7,110.93
8/8/2024,8,128.21
8/8/2024,9,117.05
8/8/2024,10,109.57
8/8/2024,11,89.41
8/8/2024,12,73.95
8/8/2024,13,58.2
8/8/2024,14,54.86
8/8/2024,15,53.98
8/8/2024,16,67.86
8/8/2024,17,84.73
8/8/2024,18,99.87
8/8/2024,19,115.4
8/8/2024,20,146.75
8/8/2024,21,203.63
8/8/2024,22,139.12
8/8/2024,23,105.65
8/8/2024,24,95.12
9/8/2024,1,106.12
9/8/2024,2,86.31
9/8/2024,3,69.41
9/8/2024,4,69.06
9/8/2024,5,68.75
9/8/2024,6,77.38
9/8/2024,7,103.21
9/8/2024,8,97.79
9/8/2024,9,70.43
9/8/2024,10,35.76
9/8/2024,11,13.68
9/8/2024,12,5.66
9/8/2024,13,4.82
9/8/2024,14,7.84
9/8/2024,15,10.72
9/8/2024,16,30.86
9/8/2024,17,42.19
9/8/2024,18,53.78
9/8/2024,19,84.93
9/8/2024,20,139.98
9/8/2024,21,143.5
9/8/2024,22,123.18
9/8/2024,23,114.06
9/8/2024,24,94.03
10/8/2024,1,84.27
10/8/2024,2,95.33
10/8/2024,3,91.07
10/8/2024,4,88.5
10/8/2024,5,87.01
10/8/2024,6,89.53
10/8/2024,7,92.17
10/8/2024,8,78.42
10/8/2024,9,32.02
10/8/2024,10,0.13
10/8/2024,11,-3.07
10/8/2024,12,-12.28
10/8/2024,13,-22.7
10/8/2024,14,-43
10/8/2024,15,-44.05
10/8/2024,16,-29.04
10/8/2024,17,10.48
10/8/2024,18,14.62
10/8/2024,19,51.17
10/8/2024,20,114.15
10/8/2024,21,137.68
10/8/2024,22,134.9
10/8/2024,23,120.76
10/8/2024,24,107.99
11/8/2024,1,110
11/8/2024,2,107.43
11/8/2024,3,103.01
11/8/2024,4,97.64
11/8/2024,5,100.29
11/8/2024,6,110.64
11/8/2024,7,105
11/8/2024,8,71.12
11/8/2024,9,28.04
11/8/2024,10,0
11/8/2024,11,-5.16
11/8/2024,12,-15.51
11/8/2024,13,-33.11
11/8/2024,14,-61.92
11/8/2024,15,-49.66
11/8/2024,16,-29.57
11/8/2024,17,-1.82
11/8/2024,18,12.71
11/8/2024,19,86.63
11/8/2024,20,125.68
11/8/2024,21,134.79
11/8/2024,22,124.9
11/8/2024,23,110.54
11/8/2024,24,97.59
12/8/2024,1,104.98
12/8/2024,2,94.62
12/8/2024,3,85.3
12/8/2024,4,88.13
12/8/2024,5,93.06
12/8/2024,6,114.54
12/8/2024,7,146.39
12/8/2024,8,142.23
12/8/2024,9,111.67
12/8/2024,10,70.94
12/8/2024,11,40.12
12/8/2024,12,16.04
12/8/2024,13,14.61
12/8/2024,14,14
12/8/2024,15,32.37
12/8/2024,16,40.05
12/8/2024,17,52.09
12/8/2024,18,92.31
12/8/2024,19,137.14
12/8/2024,20,201.97
12/8/2024,21,220.8
12/8/2024,22,129.85
12/8/2024,23,113.01
12/8/2024,24,100.99
13/8/2024,1,104.11
13/8/2024,2,91.13
13/8/2024,3,87.67
13/8/2024,4,85.38
13/8/2024,5,86.77
13/8/2024,6,100.42
13/8/2024,7,127.23
13/8/2024,8,133.71
13/8/2024,9,117.89
13/8/2024,10,89.38
13/8/2024,11,69.64
13/8/2024,12,59.34
13/8/2024,13,47.52
13/8/2024,14,45.13
13/8/2024,15,52.69
13/8/2024,16,68.86
13/8/2024,17,91.21
13/8/2024,18,104.72
13/8/2024,19,149.04
13/8/2024,20,203.73
13/8/2024,21,206.44
13/8/2024,22,126.29
13/8/2024,23,112.29
13/8/2024,24,103.09
14/8/2024,1,86.69
14/8/2024,2,89.34
14/8/2024,3,86.61
14/8/2024,4,92.27
14/8/2024,5,93.08
14/8/2024,6,106.51
14/8/2024,7,128.91
14/8/2024,8,135.11
14/8/2024,9,120.68
14/8/2024,10,108.29
14/8/2024,11,83.05
14/8/2024,12,77.65
14/8/2024,13,73.49
14/8/2024,14,76.32
14/8/2024,15,76.26
14/8/2024,16,83.58
14/8/2024,17,97.06
14/8/2024,18,111.28
14/8/2024,19,125.03
14/8/2024,20,166.16
14/8/2024,21,224.51
14/8/2024,22,146.87
14/8/2024,23,119.5
14/8/2024,24,109.26
15/8/2024,1,109.77
15/8/2024,2,109.96
15/8/2024,3,105.95
15/8/2024,4,93.98
15/8/2024,5,95.16
15/8/2024,6,109.01
15/8/2024,7,119.71
15/8/2024,8,120.68
15/8/2024,9,114.86
15/8/2024,10,90.61
15/8/2024,11,70.67
15/8/2024,12,22.54
15/8/2024,13,10.33
15/8/2024,14,1.75
15/8/2024,15,1.16
15/8/2024,16,23.83
15/8/2024,17,63.61
15/8/2024,18,81.44
15/8/2024,19,119.53
15/8/2024,20,142.2
15/8/2024,21,160.07
15/8/2024,22,140.97
15/8/2024,23,120.34
15/8/2024,24,95.82
16/8/2024,1,107.83
16/8/2024,2,86.73
16/8/2024,3,85.91
16/8/2024,4,86.2
16/8/2024,5,87.7
16/8/2024,6,92.4
16/8/2024,7,126.79
16/8/2024,8,133.38
16/8/2024,9,123.68
16/8/2024,10,100.06
16/8/2024,11,75.78
16/8/2024,12,61.09
16/8/2024,13,54.69
16/8/2024,14,58.87
16/8/2024,15,60.75
16/8/2024,16,75.89
16/8/2024,17,106.86
16/8/2024,18,125.81
16/8/2024,19,145.82
16/8/2024,20,230.86
16/8/2024,21,241.67
16/8/2024,22,173.03
16/8/2024,23,135.49
16/8/2024,24,116.43
17/8/2024,1,102.17
17/8/2024,2,109
17/8/2024,3,102.9
17/8/2024,4,101.75
17/8/2024,5,110.01
17/8/2024,6,110.01
17/8/2024,7,105.93
17/8/2024,8,103.19
17/8/2024,9,102.93
17/8/2024,10,83.71
17/8/2024,11,69.52
17/8/2024,12,57.17
17/8/2024,13,47.89
17/8/2024,14,44.54
17/8/2024,15,55.32
17/8/2024,16,60.09
17/8/2024,17,71.05
17/8/2024,18,104.99
17/8/2024,19,100.84
17/8/2024,20,139.59
17/8/2024,21,149.51
17/8/2024,22,123.45
17/8/2024,23,114.36
17/8/2024,24,103.79
18/8/2024,1,109.14
18/8/2024,2,112.16
18/8/2024,3,105.56
18/8/2024,4,105.47
18/8/2024,5,103.95
18/8/2024,6,104.09
18/8/2024,7,98.58
18/8/2024,8,94.19
18/8/2024,9,87.5
18/8/2024,10,81.21
18/8/2024,11,70.13
18/8/2024,12,68.55
18/8/2024,13,62.69
18/8/2024,14,32.11
18/8/2024,15,16.63
18/8/2024,16,49.07
18/8/2024,17,51.09
18/8/2024,18,66.93
18/8/2024,19,78.01
18/8/2024,20,94.28
18/8/2024,21,91.08
18/8/2024,22,100.34
18/8/2024,23,105
18/8/2024,24,93.28
19/8/2024,1,98.55
19/8/2024,2,90.89
19/8/2024,3,88.9
19/8/2024,4,84.83
19/8/2024,5,84.63
19/8/2024,6,83.94
19/8/2024,7,128.25
19/8/2024,8,152.21
19/8/2024,9,129.55
19/8/2024,10,112.58
19/8/2024,11,96.83
19/8/2024,12,90.07
19/8/2024,13,89.85
19/8/2024,14,80.95
19/8/2024,15,81.95
19/8/2024,16,84.73
19/8/2024,17,86.9
19/8/2024,18,101.44
19/8/2024,19,112.35
19/8/2024,20,195.59
19/8/2024,21,200.59
19/8/2024,22,138.86
19/8/2024,23,100.25
19/8/2024,24,85.86
20/8/2024,1,84.18
20/8/2024,2,84.29
20/8/2024,3,84.52
20/8/2024,4,85.5
20/8/2024,5,86.27
20/8/2024,6,92.54
20/8/2024,7,128.8
20/8/2024,8,132.96
20/8/2024,9,122.37
20/8/2024,10,103
20/8/2024,11,82.59
20/8/2024,12,63.09
20/8/2024,13,52.23
20/8/2024,14,47.64
20/8/2024,15,63.39
20/8/2024,16,97
20/8/2024,17,93.82
20/8/2024,18,105.51
20/8/2024,19,116.14
20/8/2024,20,160.17
20/8/2024,21,138.62
20/8/2024,22,130
20/8/2024,23,110.51
20/8/2024,24,98.37
21/8/2024,1,89.19
21/8/2024,2,83.08
21/8/2024,3,71.47
21/8/2024,4,65.06
21/8/2024,5,68.17
21/8/2024,6,69.94
21/8/2024,7,83.9
21/8/2024,8,99.33
21/8/2024,9,100.42
21/8/2024,10,79.36
21/8/2024,11,63.12
21/8/2024,12,77.97
21/8/2024,13,64.07
21/8/2024,14,64.18
21/8/2024,15,47.83
21/8/2024,16,45.02
21/8/2024,17,63.04
21/8/2024,18,76.31
21/8/2024,19,67.06
21/8/2024,20,66.5
21/8/2024,21,121.93
21/8/2024,22,128.96
21/8/2024,23,100
21/8/2024,24,80.5
22/8/2024,1,71.16
22/8/2024,2,67.14
22/8/2024,3,78.69
22/8/2024,4,79.39
22/8/2024,5,69.84
22/8/2024,6,81.42
22/8/2024,7,102.27
22/8/2024,8,134.55
22/8/2024,9,117.08
22/8/2024,10,82.09
22/8/2024,11,38.31
22/8/2024,12,27.27
22/8/2024,13,33.71
22/8/2024,14,33
22/8/2024,15,31.82
22/8/2024,16,34.19
22/8/2024,17,37.68
22/8/2024,18,64.28
22/8/2024,19,110
22/8/2024,20,146.87
22/8/2024,21,154.08
22/8/2024,22,126.74
22/8/2024,23,100.11
22/8/2024,24,79.27
23/8/2024,1,66.11
23/8/2024,2,53.34
23/8/2024,3,63.15
23/8/2024,4,62.99
23/8/2024,5,62.97
23/8/2024,6,99.56
23/8/2024,7,170.95
23/8/2024,8,132.4
23/8/2024,9,95
23/8/2024,10,45.6
23/8/2024,11,28.86
23/8/2024,12,10.11
23/8/2024,13,2.45
23/8/2024,14,-3.24
23/8/2024,15,-14.26
23/8/2024,16,-0.62
23/8/2024,17,30.39
23/8/2024,18,37.74
23/8/2024,19,68.4
23/8/2024,20,142.67
23/8/2024,21,109.22
23/8/2024,22,125.91
23/8/2024,23,119.75
23/8/2024,24,94.3
24/8/2024,1,110
24/8/2024,2,103.74
24/8/2024,3,99.64
24/8/2024,4,100
24/8/2024,5,103.18
24/8/2024,6,108.72
24/8/2024,7,106.43
24/8/2024,8,103.16
24/8/2024,9,76.86
24/8/2024,10,15
24/8/2024,11,-0.07
24/8/2024,12,-7.03
24/8/2024,13,-18.99
24/8/2024,14,-31.03
24/8/2024,15,-24.66
24/8/2024,16,7.42
24/8/2024,17,39.65
24/8/2024,18,67.39
24/8/2024,19,124.93
24/8/2024,20,144.12
24/8/2024,21,130.03
24/8/2024,22,102.05
24/8/2024,23,93.17
24/8/2024,24,64.65
25/8/2024,1,6.56
25/8/2024,2,-10.05
25/8/2024,3,-9.81
25/8/2024,4,-8.16
25/8/2024,5,-7.23
25/8/2024,6,-5.56
25/8/2024,7,-2.59
25/8/2024,8,-0.07
25/8/2024,9,0.48
25/8/2024,10,-1.24
25/8/2024,11,-5.34
25/8/2024,12,-8.47
25/8/2024,13,-13.46
25/8/2024,14,-17.96
25/8/2024,15,-17.52
25/8/2024,16,-9.06
25/8/2024,17,12.79
25/8/2024,18,23.15
25/8/2024,19,83.18
25/8/2024,20,123.39
25/8/2024,21,147.66
25/8/2024,22,128.96
25/8/2024,23,110.61
25/8/2024,24,92.65
26/8/2024,1,93.44
26/8/2024,2,85.51
26/8/2024,3,82.19
26/8/2024,4,83.46
26/8/2024,5,83.7
26/8/2024,6,86.64
26/8/2024,7,118.74
26/8/2024,8,151.74
26/8/2024,9,128.17
26/8/2024,10,102.24
26/8/2024,11,82.5
26/8/2024,12,76.82
26/8/2024,13,54.9
26/8/2024,14,53.36
26/8/2024,15,64.61
26/8/2024,16,79.63
26/8/2024,17,91.01
26/8/2024,18,94.82
26/8/2024,19,72.76
26/8/2024,20,155.48
26/8/2024,21,181.16
26/8/2024,22,130.44
26/8/2024,23,106.21
26/8/2024,24,105.96
27/8/2024,1,95.01
27/8/2024,2,86.86
27/8/2024,3,83.06
27/8/2024,4,85.01
27/8/2024,5,86.49
27/8/2024,6,95.01
27/8/2024,7,131.6
27/8/2024,8,143.91
27/8/2024,9,116.04
27/8/2024,10,89.86
27/8/2024,11,74.28
27/8/2024,12,52.22
27/8/2024,13,38.93
27/8/2024,14,31.46
27/8/2024,15,32.32
27/8/2024,16,54.34
27/8/2024,17,60.26
27/8/2024,18,99.16
27/8/2024,19,78.41
27/8/2024,20,189.47
27/8/2024,21,172.77
27/8/2024,22,112.86
27/8/2024,23,101.06
27/8/2024,24,89.01
28/8/2024,1,84.32
28/8/2024,2,87.4
28/8/2024,3,84.07
28/8/2024,4,89.82
28/8/2024,5,90.01
28/8/2024,6,106.48
28/8/2024,7,122.17
28/8/2024,8,129.15
28/8/2024,9,123.39
28/8/2024,10,106.54
28/8/2024,11,90.91
28/8/2024,12,75
28/8/2024,13,49.31
28/8/2024,14,40.27
28/8/2024,15,62.07
28/8/2024,16,98.75
28/8/2024,17,89.59
28/8/2024,18,135.4
28/8/2024,19,250
28/8/2024,20,298.79
28/8/2024,21,205.11
28/8/2024,22,131.39
28/8/2024,23,105.33
28/8/2024,24,92.57
29/8/2024,1,90.11
29/8/2024,2,92.8
29/8/2024,3,87.07
29/8/2024,4,85.95
29/8/2024,5,86.11
29/8/2024,6,103.33
29/8/2024,7,127.46
29/8/2024,8,134.75
29/8/2024,9,126.24
29/8/2024,10,109.09
29/8/2024,11,91.94
29/8/2024,12,84.37
29/8/2024,13,71.6
29/8/2024,14,65.25
29/8/2024,15,62.11
29/8/2024,16,83.14
29/8/2024,17,103.51
29/8/2024,18,147.52
29/8/2024,19,231.28
29/8/2024,20,350
29/8/2024,21,299.06
29/8/2024,22,172.76
29/8/2024,23,126.91
29/8/2024,24,114.08
30/8/2024,1,110.12
30/8/2024,2,100.01
30/8/2024,3,94.53
30/8/2024,4,93.91
30/8/2024,5,98.23
30/8/2024,6,111.74
30/8/2024,7,140.1
30/8/2024,8,153.86
30/8/2024,9,134.12
30/8/2024,10,113.7
30/8/2024,11,98.44
30/8/2024,12,90.1
30/8/2024,13,87.16
30/8/2024,14,82.96
30/8/2024,15,85.74
30/8/2024,16,87.63
30/8/2024,17,100.24
30/8/2024,18,131.95
30/8/2024,19,216.4
30/8/2024,20,257.75
30/8/2024,21,196.34
30/8/2024,22,128.83
30/8/2024,23,103.75
30/8/2024,24,100.54
31/8/2024,1,108.35
31/8/2024,2,107.3
31/8/2024,3,102.84
31/8/2024,4,100.13
31/8/2024,5,98.12
31/8/2024,6,99.46
31/8/2024,7,112.97
31/8/2024,8,114.04
31/8/2024,9,110.7
31/8/2024,10,84.92
31/8/2024,11,60.13
31/8/2024,12,18.34
31/8/2024,13,2.75
31/8/2024,14,0.45
31/8/2024,15,21.29
31/8/2024,16,47.9
31/8/2024,17,63.59
31/8/2024,18,94.46
31/8/2024,19,135
31/8/2024,20,134.98
31/8/2024,21,125.2
31/8/2024,22,125.87
31/8/2024,23,115.51
31/8/2024,24,101.59
1/9/2024,1,95.09
1/9/2024,2,86.01
1/9/2024,3,80.37
1/9/2024,4,80.5
1/9/2024,5,81.75
1/9/2024,6,80.08
1/9/2024,7,80.76
1/9/2024,8,78.01
1/9/2024,9,62
1/9/2024,10,41.27
1/9/2024,11,12.73
1/9/2024,12,0.95
1/9/2024,13,-5.75
1/9/2024,14,-18.15
1/9/2024,15,-13.77
1/9/2024,16,34.93
1/9/2024,17,59.64
1/9/2024,18,101.48
1/9/2024,19,129.16
1/9/2024,20,128.58
1/9/2024,21,133
1/9/2024,22,125.05
1/9/2024,23,114.56
1/9/2024,24,106.02
2/9/2024,1,102.4
2/9/2024,2,97.42
2/9/2024,3,93.61
2/9/2024,4,93.48
2/9/2024,5,95.75
2/9/2024,6,108.15
2/9/2024,7,144.11
2/9/2024,8,159.57
2/9/2024,9,144.18
2/9/2024,10,122.64
2/9/2024,11,102.83
2/9/2024,12,91.52
2/9/2024,13,87.37
2/9/2024,14,88.19
2/9/2024,15,92.48
2/9/2024,16,112.7
2/9/2024,17,121.22
2/9/2024,18,173.95
2/9/2024,19,270.83
2/9/2024,20,306.45
2/9/2024,21,119.66
2/9/2024,22,150
2/9/2024,23,99.86
2/9/2024,24,106.63
3/9/2024,1,104.13
3/9/2024,2,98.89
3/9/2024,3,94.19
3/9/2024,4,95.08
3/9/2024,5,97.56
3/9/2024,6,106.08
3/9/2024,7,139.35
3/9/2024,8,157.55
3/9/2024,9,133.95
3/9/2024,10,115.98
3/9/2024,11,98.88
3/9/2024,12,90.02
3/9/2024,13,85.47
3/9/2024,14,83.99
3/9/2024,15,85.99
3/9/2024,16,90.44
3/9/2024,17,104.58
3/9/2024,18,92.78
3/9/2024,19,195.26
3/9/2024,20,582
3/9/2024,21,431.28
3/9/2024,22,193.24
3/9/2024,23,131.7
3/9/2024,24,116.01
4/9/2024,1,107.85
4/9/2024,2,100.82
4/9/2024,3,100.75
4/9/2024,4,99.98
4/9/2024,5,100.86
4/9/2024,6,110.43
4/9/2024,7,147.66
4/9/2024,8,179.67
4/9/2024,9,152.84
4/9/2024,10,124.97
4/9/2024,11,107.21
4/9/2024,12,91.84
4/9/2024,13,92.29
4/9/2024,14,89.8
4/9/2024,15,91.64
4/9/2024,16,95.13
4/9/2024,17,113.95
4/9/2024,18,142.34
4/9/2024,19,147.59
4/9/2024,20,295.72
4/9/2024,21,130.72
4/9/2024,22,114.29
4/9/2024,23,101.18
4/9/2024,24,95.03
5/9/2024,1,101.27
5/9/2024,2,94.6
5/9/2024,3,90
5/9/2024,4,87.11
5/9/2024,5,86.06
5/9/2024,6,92.37
5/9/2024,7,120.57
5/9/2024,8,124.99
5/9/2024,9,119.04
5/9/2024,10,97.68
5/9/2024,11,67.55
5/9/2024,12,32.02
5/9/2024,13,25.75
5/9/2024,14,37.94
5/9/2024,15,37.7
5/9/2024,16,44.41
5/9/2024,17,60.05
5/9/2024,18,80.81
5/9/2024,19,109.38
5/9/2024,20,134
5/9/2024,21,95
5/9/2024,22,97.07
5/9/2024,23,71.92
5/9/2024,24,59.44
6/9/2024,1,65.53
6/9/2024,2,70.97
6/9/2024,3,66.72
6/9/2024,4,64.91
6/9/2024,5,71.86
6/9/2024,6,83
6/9/2024,7,111.9
6/9/2024,8,129.04
6/9/2024,9,123.48
6/9/2024,10,103.17
6/9/2024,11,82.34
6/9/2024,12,71.49
6/9/2024,13,55.12
6/9/2024,14,45.49
6/9/2024,15,53.16
6/9/2024,16,68.16
6/9/2024,17,91.75
6/9/2024,18,95.35
6/9/2024,19,118.69
6/9/2024,20,160.84
6/9/2024,21,132.8
6/9/2024,22,114.9
6/9/2024,23,98.63
6/9/2024,24,92.48
7/9/2024,1,101.41
7/9/2024,2,96.94
7/9/2024,3,96.48
7/9/2024,4,95.43
7/9/2024,5,98.29
7/9/2024,6,101.68
7/9/2024,7,105
7/9/2024,8,105
7/9/2024,9,95.44
7/9/2024,10,84.84
7/9/2024,11,51.52
7/9/2024,12,15.04
7/9/2024,13,5.48
7/9/2024,14,1.02
7/9/2024,15,0.44
7/9/2024,16,12.98
7/9/2024,17,63.55
7/9/2024,18,103.1
7/9/2024,19,129.94
7/9/2024,20,147.09
7/9/2024,21,125.01
7/9/2024,22,98.03
7/9/2024,23,88.67
7/9/2024,24,88.74
8/9/2024,1,93.94
8/9/2024,2,86.7
8/9/2024,3,83.85
8/9/2024,4,82.34
8/9/2024,5,83.8
8/9/2024,6,85.66
8/9/2024,7,84.15
8/9/2024,8,84.05
8/9/2024,9,77.29
8/9/2024,10,40.74
8/9/2024,11,8.29
8/9/2024,12,0.44
8/9/2024,13,0.04
8/9/2024,14,0.01
8/9/2024,15,0.98
8/9/2024,16,6
8/9/2024,17,62.49
8/9/2024,18,106.97
8/9/2024,19,124.93
8/9/2024,20,137.73
8/9/2024,21,127.4
8/9/2024,22,116.74
8/9/2024,23,106.33
8/9/2024,24,97.28
9/9/2024,1,85.93
9/9/2024,2,85.12
9/9/2024,3,84.13
9/9/2024,4,80.07
9/9/2024,5,84.19
9/9/2024,6,85.03
9/9/2024,7,117.47
9/9/2024,8,138.24
9/9/2024,9,158.46
9/9/2024,10,132.58
9/9/2024,11,117.06
9/9/2024,12,111.68
9/9/2024,13,108.18
9/9/2024,14,106.16
9/9/2024,15,102.98
9/9/2024,16,108.43
9/9/2024,17,100.32
9/9/2024,18,95.47
9/9/2024,19,101.12
9/9/2024,20,77.67
9/9/2024,21,92.83
9/9/2024,22,88.73
9/9/2024,23,83.9
9/9/2024,24,77.55
10/9/2024,1,67.01
10/9/2024,2,59.87
10/9/2024,3,61.2
10/9/2024,4,59.83
10/9/2024,5,66.78
10/9/2024,6,84.41
10/9/2024,7,114.82
10/9/2024,8,139.28
10/9/2024,9,127.1
10/9/2024,10,105.91
10/9/2024,11,71.58
10/9/2024,12,48.4
10/9/2024,13,41.41
10/9/2024,14,36.77
10/9/2024,15,42.4
10/9/2024,16,45.51
10/9/2024,17,50.21
10/9/2024,18,55.65
10/9/2024,19,105.89
10/9/2024,20,132.2
10/9/2024,21,139.5
10/9/2024,22,100.45
10/9/2024,23,85.23
10/9/2024,24,71.1
11/9/2024,1,39.49
11/9/2024,2,38.96
11/9/2024,3,30.9
11/9/2024,4,32.5
11/9/2024,5,38.47
11/9/2024,6,65.7
11/9/2024,7,91.56
11/9/2024,8,96.61
11/9/2024,9,109.37
11/9/2024,10,97.4
11/9/2024,11,76.56
11/9/2024,12,68.28
11/9/2024,13,63.49
11/9/2024,14,65.57
11/9/2024,15,72.04
11/9/2024,16,72.67
11/9/2024,17,84.65
11/9/2024,18,99.27
11/9/2024,19,107.6
11/9/2024,20,85.44
11/9/2024,21,132.99
11/9/2024,22,105.02
11/9/2024,23,100.7
11/9/2024,24,100.52
12/9/2024,1,91.1
12/9/2024,2,86.85
12/9/2024,3,84.91
12/9/2024,4,83.92
12/9/2024,5,86.32
12/9/2024,6,87.09
12/9/2024,7,115.93
12/9/2024,8,141.9
12/9/2024,9,137.97
12/9/2024,10,104.33
12/9/2024,11,86.37
12/9/2024,12,85.76
12/9/2024,13,85.13
12/9/2024,14,85.43
12/9/2024,15,87.7
12/9/2024,16,95.78
12/9/2024,17,75.17
12/9/2024,18,120.29
12/9/2024,19,155
12/9/2024,20,242.87
12/9/2024,21,247.46
12/9/2024,22,124.53
12/9/2024,23,98.43
12/9/2024,24,91.31
13/9/2024,1,99.82
13/9/2024,2,91.4
13/9/2024,3,87.15
13/9/2024,4,86.44
13/9/2024,5,84.28
13/9/2024,6,87.97
13/9/2024,7,103.75
13/9/2024,8,131.81
13/9/2024,9,134.24
13/9/2024,10,117.72
13/9/2024,11,105.47
13/9/2024,12,99.42
13/9/2024,13,92.05
13/9/2024,14,84.01
13/9/2024,15,76.54
13/9/2024,16,75.56
13/9/2024,17,83.93
13/9/2024,18,89.42
13/9/2024,19,95.55
13/9/2024,20,99.55
13/9/2024,21,94.8
13/9/2024,22,85
13/9/2024,23,79.42
13/9/2024,24,61.69
14/9/2024,1,58.72
14/9/2024,2,52.61
14/9/2024,3,45.41
14/9/2024,4,47.7
14/9/2024,5,49
14/9/2024,6,46.21
14/9/2024,7,56.76
14/9/2024,8,67.43
14/9/2024,9,77.91
14/9/2024,10,68.08
14/9/2024,11,41.38
14/9/2024,12,10.76
14/9/2024,13,7.39
14/9/2024,14,7.04
14/9/2024,15,7.02
14/9/2024,16,14.06
14/9/2024,17,25.97
14/9/2024,18,62.1
14/9/2024,19,92.73
14/9/2024,20,126.23
14/9/2024,21,116.35
14/9/2024,22,103.25
14/9/2024,23,93.42
14/9/2024,24,84.86
15/9/2024,1,77.54
15/9/2024,2,69.62
15/9/2024,3,65.59
15/9/2024,4,65.84
15/9/2024,5,62.45
15/9/2024,6,64.5
15/9/2024,7,67.82
15/9/2024,8,83.41
15/9/2024,9,75.32
15/9/2024,10,52.88
15/9/2024,11,10.92
15/9/2024,12,0.07
15/9/2024,13,0
15/9/2024,14,-0.01
15/9/2024,15,-0.52
15/9/2024,16,-0.96
15/9/2024,17,18.04
15/9/2024,18,77.62
15/9/2024,19,111.23
15/9/2024,20,129.33
15/9/2024,21,121.85
15/9/2024,22,111.59
15/9/2024,23,106.62
15/9/2024,24,91.93
16/9/2024,1,90.97
16/9/2024,2,86.34
16/9/2024,3,85.86
16/9/2024,4,82.88
16/9/2024,5,82.41
16/9/2024,6,86.2
16/9/2024,7,115.59
16/9/2024,8,133.66
16/9/2024,9,145.39
16/9/2024,10,125.45
16/9/2024,11,112.78
16/9/2024,12,105.77
16/9/2024,13,97.44
16/9/2024,14,88.92
16/9/2024,15,84.05
16/9/2024,16,87.04
16/9/2024,17,98.74
16/9/2024,18,112.33
16/9/2024,19,128.68
16/9/2024,20,107.62
16/9/2024,21,100.75
16/9/2024,22,100.64
16/9/2024,23,88.39
16/9/2024,24,83.35
17/9/2024,1,87.91
17/9/2024,2,84.92
17/9/2024,3,83.16
17/9/2024,4,81.37
17/9/2024,5,81.38
17/9/2024,6,96.07
17/9/2024,7,103.23
17/9/2024,8,139.26
17/9/2024,9,143.28
17/9/2024,10,110.8
17/9/2024,11,100.04
17/9/2024,12,86.32
17/9/2024,13,67.2
17/9/2024,14,55.84
17/9/2024,15,53.91
17/9/2024,16,60.79
17/9/2024,17,86.88
17/9/2024,18,104.22
17/9/2024,19,124.41
17/9/2024,20,108.82
17/9/2024,21,104.78
17/9/2024,22,96.07
17/9/2024,23,90.58
17/9/2024,24,81.86
18/9/2024,1,85.22
18/9/2024,2,81.39
18/9/2024,3,84.42
18/9/2024,4,84.56
18/9/2024,5,83.53
18/9/2024,6,92.76
18/9/2024,7,118.9
18/9/2024,8,148.57
18/9/2024,9,132.77
18/9/2024,10,103.09
18/9/2024,11,79.2
18/9/2024,12,56.48
18/9/2024,13,5.49
18/9/2024,14,0
18/9/2024,15,0.56
18/9/2024,16,21.7
18/9/2024,17,67.01
18/9/2024,18,92.57
18/9/2024,19,123.75
18/9/2024,20,108.17
18/9/2024,21,97.93
18/9/2024,22,91.06
18/9/2024,23,88.71
18/9/2024,24,77.28
19/9/2024,1,76.4
19/9/2024,2,77.53
19/9/2024,3,76.95
19/9/2024,4,75.66
19/9/2024,5,78.81
19/9/2024,6,89.98
19/9/2024,7,113.62
19/9/2024,8,145.63
19/9/2024,9,124.81
19/9/2024,10,97.9
19/9/2024,11,74.81
19/9/2024,12,51.36
19/9/2024,13,4.97
19/9/2024,14,0.22
19/9/2024,15,1.02
19/9/2024,16,31.85
19/9/2024,17,63.49
19/9/2024,18,104.97
19/9/2024,19,123.57
19/9/2024,20,149.2
19/9/2024,21,113.47
19/9/2024,22,90.72
19/9/2024,23,88.97
19/9/2024,24,78.87
20/9/2024,1,72.71
20/9/2024,2,74.19
20/9/2024,3,73.41
20/9/2024,4,73.58
20/9/2024,5,74.73
20/9/2024,6,90.39
20/9/2024,7,112.04
20/9/2024,8,145.79
20/9/2024,9,108.64
20/9/2024,10,88.92
20/9/2024,11,62.05
20/9/2024,12,24.69
20/9/2024,13,23.38
20/9/2024,14,0.02
20/9/2024,15,0.07
20/9/2024,16,23.13
20/9/2024,17,59.23
20/9/2024,18,100.43
20/9/2024,19,122.71
20/9/2024,20,168.37
20/9/2024,21,116.42
20/9/2024,22,93.73
20/9/2024,23,91.56
20/9/2024,24,86.99
21/9/2024,1,89.96
21/9/2024,2,87.02
21/9/2024,3,83.77
21/9/2024,4,82.2
21/9/2024,5,86.41
21/9/2024,6,89.54
21/9/2024,7,99.17
21/9/2024,8,96.89
21/9/2024,9,85.01
21/9/2024,10,60.35
21/9/2024,11,22
21/9/2024,12,3.15
21/9/2024,13,0
21/9/2024,14,-3.36
21/9/2024,15,-3.95
21/9/2024,16,1.09
21/9/2024,17,48.08
21/9/2024,18,99.1
21/9/2024,19,142.54
21/9/2024,20,154.87
21/9/2024,21,121.5
21/9/2024,22,100.96
21/9/2024,23,93.74
21/9/2024,24,89.89
22/9/2024,1,97.62
22/9/2024,2,90.22
22/9/2024,3,89.95
22/9/2024,4,89.55
22/9/2024,5,90.81
22/9/2024,6,90.7
22/9/2024,7,94.36
22/9/2024,8,96.69
22/9/2024,9,82.91
22/9/2024,10,57.9
22/9/2024,11,13.09
22/9/2024,12,4.18
22/9/2024,13,3.51
22/9/2024,14,-0.08
22/9/2024,15,0.01
22/9/2024,16,9.66
22/9/2024,17,62.32
22/9/2024,18,106.2
22/9/2024,19,125.42
22/9/2024,20,144.36
22/9/2024,21,130.12
22/9/2024,22,108.33
22/9/2024,23,99.03
22/9/2024,24,92
23/9/2024,1,90.1
23/9/2024,2,83.42
23/9/2024,3,84.47
23/9/2024,4,86.32
23/9/2024,5,86.02
23/9/2024,6,97.89
23/9/2024,7,133.4
23/9/2024,8,200.79
23/9/2024,9,134.43
23/9/2024,10,104.21
23/9/2024,11,81.26
23/9/2024,12,70.74
23/9/2024,13,63.27
23/9/2024,14,69.98
23/9/2024,15,75.97
23/9/2024,16,78.86
23/9/2024,17,102.25
23/9/2024,18,128.8
23/9/2024,19,233.26
23/9/2024,20,322.3
23/9/2024,21,175.35
23/9/2024,22,113.32
23/9/2024,23,99.35
23/9/2024,24,90.74
24/9/2024,1,87.75
24/9/2024,2,81.91
24/9/2024,3,82.85
24/9/2024,4,83.94
24/9/2024,5,82.1
24/9/2024,6,87.38
24/9/2024,7,108.97
24/9/2024,8,140.18
24/9/2024,9,126.15
24/9/2024,10,103.8
24/9/2024,11,89.39
24/9/2024,12,78.21
24/9/2024,13,75.08
24/9/2024,14,70.35
24/9/2024,15,63.35
24/9/2024,16,76.57
24/9/2024,17,84.57
24/9/2024,18,106.76
24/9/2024,19,117.78
24/9/2024,20,122.41
24/9/2024,21,103.18
24/9/2024,22,80.54
24/9/2024,23,74.58
24/9/2024,24,60.76
25/9/2024,1,52.97
25/9/2024,2,43.6
25/9/2024,3,41.3
25/9/2024,4,41.7
25/9/2024,5,58.27
25/9/2024,6,66.55
25/9/2024,7,78.37
25/9/2024,8,91.43
25/9/2024,9,88.25
25/9/2024,10,71
25/9/2024,11,50.66
25/9/2024,12,34.35
25/9/2024,13,20.47
25/9/2024,14,20.21
25/9/2024,15,55.28
25/9/2024,16,71.55
25/9/2024,17,86.59
25/9/2024,18,101.41
25/9/2024,19,143.11
25/9/2024,20,190.78
25/9/2024,21,128.47
25/9/2024,22,94.05
25/9/2024,23,89.73
25/9/2024,24,80.21
26/9/2024,1,67.67
26/9/2024,2,60.66
26/9/2024,3,53.88
26/9/2024,4,51.48
26/9/2024,5,47.03
26/9/2024,6,51.24
26/9/2024,7,69.59
26/9/2024,8,79.78
26/9/2024,9,84.05
26/9/2024,10,67.88
26/9/2024,11,50.03
26/9/2024,12,31.62
26/9/2024,13,17
26/9/2024,14,13.39
26/9/2024,15,32.5
26/9/2024,16,53.36
26/9/2024,17,57.22
26/9/2024,18,70
26/9/2024,19,70.06
26/9/2024,20,73.16
26/9/2024,21,71.98
26/9/2024,22,59.83
26/9/2024,23,51.56
26/9/2024,24,36.3
27/9/2024,1,0.94
27/9/2024,2,1.34
27/9/2024,3,2.07
27/9/2024,4,1.7
27/9/2024,5,7.83
27/9/2024,6,10.32
27/9/2024,7,25.39
27/9/2024,8,54.57
27/9/2024,9,51.23
27/9/2024,10,46.5
27/9/2024,11,38.8
27/9/2024,12,31.49
27/9/2024,13,30.09
27/9/2024,14,26.29
27/9/2024,15,19.9
27/9/2024,16,31.9
27/9/2024,17,13.8
27/9/2024,18,45.93
27/9/2024,19,74.26
27/9/2024,20,77.1
27/9/2024,21,68.01
27/9/2024,22,33.25
27/9/2024,23,26.41
27/9/2024,24,24.94
28/9/2024,1,1.77
28/9/2024,2,3.03
28/9/2024,3,3.29
28/9/2024,4,3.16
28/9/2024,5,3.27
28/9/2024,6,4.15
28/9/2024,7,11.96
28/9/2024,8,23.18
28/9/2024,9,26.99
28/9/2024,10,28.65
28/9/2024,11,14.77
28/9/2024,12,4.38
28/9/2024,13,0.72
28/9/2024,14,0
28/9/2024,15,0
28/9/2024,16,0.06
28/9/2024,17,9.82
28/9/2024,18,65.02
28/9/2024,19,80.34
28/9/2024,20,100.37
28/9/2024,21,97.44
28/9/2024,22,81.81
28/9/2024,23,80.93
28/9/2024,24,75.35
29/9/2024,1,62.44
29/9/2024,2,47.96
29/9/2024,3,45.53
29/9/2024,4,45.54
29/9/2024,5,57.48
29/9/2024,6,69.76
29/9/2024,7,69.68
29/9/2024,8,82.16
29/9/2024,9,80.96
29/9/2024,10,40.19
29/9/2024,11,1.33
29/9/2024,12,0
29/9/2024,13,-0.01
29/9/2024,14,-0.51
29/9/2024,15,-0.46
29/9/2024,16,0
29/9/2024,17,36.3
29/9/2024,18,91.35
29/9/2024,19,143.24
29/9/2024,20,165.06
29/9/2024,21,108.08
29/9/2024,22,79.82
29/9/2024,23,66.15
29/9/2024,24,37.75
30/9/2024,1,18.76
30/9/2024,2,11.21
30/9/2024,3,8.25
30/9/2024,4,5.43
30/9/2024,5,15.18
30/9/2024,6,41.4
30/9/2024,7,89.26
30/9/2024,8,123.86
30/9/2024,9,100.9
30/9/2024,10,68.04
30/9/2024,11,44.11
30/9/2024,12,20.71
30/9/2024,13,9.19
30/9/2024,14,2.04
30/9/2024,15,7.88
30/9/2024,16,22.27
30/9/2024,17,68.09
30/9/2024,18,96.04
30/9/2024,19,112.96
30/9/2024,20,119.28
30/9/2024,21,82.21
30/9/2024,22,45.42
30/9/2024,23,38.83
30/9/2024,24,9.84
1/10/2024,1,3.21
1/10/2024,2,0.07
1/10/2024,3,0.05
1/10/2024,4,0.02
1/10/2024,5,0.09
1/10/2024,6,6.65
1/10/2024,7,86.94
1/10/2024,8,114.03
1/10/2024,9,115.69
1/10/2024,10,101.53
1/10/2024,11,77.28
1/10/2024,12,59.88
1/10/2024,13,55.1
1/10/2024,14,56.32
1/10/2024,15,57.14
1/10/2024,16,62.1
1/10/2024,17,97.89
1/10/2024,18,131.82
1/10/2024,19,169.79
1/10/2024,20,184.69
1/10/2024,21,133.1
1/10/2024,22,97.05
1/10/2024,23,92.4
1/10/2024,24,77.24
2/10/2024,1,86.14
2/10/2024,2,81.28
2/10/2024,3,77.54
2/10/2024,4,74.8
2/10/2024,5,76.36
2/10/2024,6,81.06
2/10/2024,7,115.31
2/10/2024,8,134.51
2/10/2024,9,136.4
2/10/2024,10,118.13
2/10/2024,11,104
2/10/2024,12,97.47
2/10/2024,13,96.11
2/10/2024,14,93.29
2/10/2024,15,90.79
2/10/2024,16,99.15
2/10/2024,17,109.1
2/10/2024,18,138.31
2/10/2024,19,174.49
2/10/2024,20,169.59
2/10/2024,21,127.86
2/10/2024,22,102.74
2/10/2024,23,94.99
2/10/2024,24,85
3/10/2024,1,67.09
3/10/2024,2,65.17
3/10/2024,3,65.19
3/10/2024,4,63.8
3/10/2024,5,63.39
3/10/2024,6,64.6
3/10/2024,7,89.37
3/10/2024,8,116.5
3/10/2024,9,113.52
3/10/2024,10,95.05
3/10/2024,11,89.13
3/10/2024,12,81.52
3/10/2024,13,72.68
3/10/2024,14,67.04
3/10/2024,15,73.79
3/10/2024,16,86.92
3/10/2024,17,106.27
3/10/2024,18,120.83
3/10/2024,19,137.74
3/10/2024,20,145.69
3/10/2024,21,122.98
3/10/2024,22,102.06
3/10/2024,23,91.25
3/10/2024,24,81.72
4/10/2024,1,73.93
4/10/2024,2,72.53
4/10/2024,3,72.23
4/10/2024,4,72.24
4/10/2024,5,72.33
4/10/2024,6,77.1
4/10/2024,7,103
4/10/2024,8,134.13
4/10/2024,9,142.22
4/10/2024,10,120
4/10/2024,11,102.63
4/10/2024,12,90.83
4/10/2024,13,77.5
4/10/2024,14,73.56
4/10/2024,15,76.75
4/10/2024,16,87.29
4/10/2024,17,102.33
4/10/2024,18,116.57
4/10/2024,19,138.18
4/10/2024,20,152.17
4/10/2024,21,123.7
4/10/2024,22,99.9
4/10/2024,23,99.9
4/10/2024,24,90
5/10/2024,1,93.1
5/10/2024,2,84.64
5/10/2024,3,81.4
5/10/2024,4,75.54
5/10/2024,5,75.72
5/10/2024,6,79.82
5/10/2024,7,86.2
5/10/2024,8,100.4
5/10/2024,9,110.58
5/10/2024,10,102.74
5/10/2024,11,81.96
5/10/2024,12,67.74
5/10/2024,13,51.01
5/10/2024,14,38.49
5/10/2024,15,42.65
5/10/2024,16,62.95
5/10/2024,17,87.86
5/10/2024,18,108.3
5/10/2024,19,146.87
5/10/2024,20,150.18
5/10/2024,21,107.98
5/10/2024,22,96.11
5/10/2024,23,85.07
5/10/2024,24,67
6/10/2024,1,66.65
6/10/2024,2,63.3
6/10/2024,3,62.05
6/10/2024,4,62.27
6/10/2024,5,61.55
6/10/2024,6,62.78
6/10/2024,7,62.06
6/10/2024,8,71.09
6/10/2024,9,75.92
6/10/2024,10,64.98
6/10/2024,11,35.23
6/10/2024,12,16.68
6/10/2024,13,5.25
6/10/2024,14,-0.01
6/10/2024,15,-0.01
6/10/2024,16,0.2
6/10/2024,17,61.02
6/10/2024,18,98.78
6/10/2024,19,123.29
6/10/2024,20,136.83
6/10/2024,21,101.43
6/10/2024,22,84.1
6/10/2024,23,73.44
6/10/2024,24,63.44
7/10/2024,1,34.58
7/10/2024,2,35.34
7/10/2024,3,33.25
7/10/2024,4,30.12
7/10/2024,5,36.75
7/10/2024,6,63.8
7/10/2024,7,108.78
7/10/2024,8,142.66
7/10/2024,9,108.32
7/10/2024,10,92.21
7/10/2024,11,66.01
7/10/2024,12,60.15
7/10/2024,13,54.5
7/10/2024,14,43.29
7/10/2024,15,55
7/10/2024,16,68.55
7/10/2024,17,100.64
7/10/2024,18,136.57
7/10/2024,19,237.58
7/10/2024,20,245.41
7/10/2024,21,134.32
7/10/2024,22,98.55
7/10/2024,23,90.47
7/10/2024,24,79.79
8/10/2024,1,73.7
8/10/2024,2,68.6
8/10/2024,3,64.81
8/10/2024,4,61.61
8/10/2024,5,61.69
8/10/2024,6,69.11
8/10/2024,7,96.79
8/10/2024,8,119.11
8/10/2024,9,104.78
8/10/2024,10,82.85
8/10/2024,11,62.64
8/10/2024,12,48.62
8/10/2024,13,39.72
8/10/2024,14,40.74
8/10/2024,15,45.4
8/10/2024,16,73.72
8/10/2024,17,95.21
8/10/2024,18,122.46
8/10/2024,19,153.37
8/10/2024,20,165.29
8/10/2024,21,112.85
8/10/2024,22,92.04
8/10/2024,23,85
8/10/2024,24,67.01
9/10/2024,1,60.98
9/10/2024,2,58.73
9/10/2024,3,56.22
9/10/2024,4,53.11
9/10/2024,5,56.04
9/10/2024,6,63.5
9/10/2024,7,88.62
9/10/2024,8,114.08
9/10/2024,9,110.91
9/10/2024,10,89.04
9/10/2024,11,73.89
9/10/2024,12,61.38
9/10/2024,13,61.1
9/10/2024,14,61.53
9/10/2024,15,69.21
9/10/2024,16,79.06
9/10/2024,17,93.23
9/10/2024,18,117.7
9/10/2024,19,116
9/10/2024,20,117.13
9/10/2024,21,104.82
9/10/2024,22,92.82
9/10/2024,23,93.34
9/10/2024,24,83.28
10/10/2024,1,57.88
10/10/2024,2,45.2
10/10/2024,3,36.13
10/10/2024,4,30.4
10/10/2024,5,28.74
10/10/2024,6,38.53
10/10/2024,7,61.33
10/10/2024,8,85.08
10/10/2024,9,80.46
10/10/2024,10,67.5
10/10/2024,11,52.01
10/10/2024,12,38.96
10/10/2024,13,21.9
10/10/2024,14,15.95
10/10/2024,15,20.01
10/10/2024,16,38.37
10/10/2024,17,58.64
10/10/2024,18,86.68
10/10/2024,19,97.04
10/10/2024,20,120.74
10/10/2024,21,100.52
10/10/2024,22,90.41
10/10/2024,23,83.16
10/10/2024,24,69.93
11/10/2024,1,79.98
11/10/2024,2,73.26
11/10/2024,3,72.04
11/10/2024,4,67.91
11/10/2024,5,69.67
11/10/2024,6,73.7
11/10/2024,7,99.95
11/10/2024,8,140.41
11/10/2024,9,155.49
11/10/2024,10,110.01
11/10/2024,11,90
11/10/2024,12,72.35
11/10/2024,13,61.65
11/10/2024,14,57.17
11/10/2024,15,59.56
11/10/2024,16,66.96
11/10/2024,17,76.7
11/10/2024,18,111.78
11/10/2024,19,164.69
11/10/2024,20,173.46
11/10/2024,21,120.84
11/10/2024,22,99.33
11/10/2024,23,97.36
11/10/2024,24,87.42
12/10/2024,1,89.83
12/10/2024,2,78.54
12/10/2024,3,74.45
12/10/2024,4,73.54
12/10/2024,5,70.58
12/10/2024,6,69.33
12/10/2024,7,71.96
12/10/2024,8,83.71
12/10/2024,9,71.06
12/10/2024,10,46.17
12/10/2024,11,35.32
12/10/2024,12,34.35
12/10/2024,13,25.87
12/10/2024,14,15.15
12/10/2024,15,23.34
12/10/2024,16,46.35
12/10/2024,17,64.37
12/10/2024,18,94.14
12/10/2024,19,106.48
12/10/2024,20,100.1
12/10/2024,21,64.9
12/10/2024,22,45.42
12/10/2024,23,34.87
12/10/2024,24,25.37
13/10/2024,1,0
13/10/2024,2,-0.01
13/10/2024,3,-0.07
13/10/2024,4,-0.37
13/10/2024,5,-0.51
13/10/2024,6,-0.09
13/10/2024,7,-0.33
13/10/2024,8,0.66
13/10/2024,9,5.33
13/10/2024,10,-0.06
13/10/2024,11,-0.3
13/10/2024,12,-1.44
13/10/2024,13,-7.49
13/10/2024,14,-13.61
13/10/2024,15,-8.91
13/10/2024,16,-2.98
13/10/2024,17,0.52
13/10/2024,18,11.74
13/10/2024,19,49.79
13/10/2024,20,61.51
13/10/2024,21,53.91
13/10/2024,22,39.58
13/10/2024,23,43.02
13/10/2024,24,46.61
14/10/2024,1,55.24
14/10/2024,2,36.46
14/10/2024,3,36.67
14/10/2024,4,35.87
14/10/2024,5,40.43
14/10/2024,6,62.2
14/10/2024,7,98.73
14/10/2024,8,132.63
14/10/2024,9,153.17
14/10/2024,10,108.3
14/10/2024,11,94
14/10/2024,12,84.41
14/10/2024,13,76.81
14/10/2024,14,75.71
14/10/2024,15,74.16
14/10/2024,16,86.37
14/10/2024,17,105.3
14/10/2024,18,157.29
14/10/2024,19,253.06
14/10/2024,20,266.92
14/10/2024,21,158
14/10/2024,22,114.01
14/10/2024,23,99.66
14/10/2024,24,94.8
15/10/2024,1,90.68
15/10/2024,2,86.18
15/10/2024,3,87.17
15/10/2024,4,83.11
15/10/2024,5,79.7
15/10/2024,6,88.56
15/10/2024,7,117.25
15/10/2024,8,192.79
15/10/2024,9,176.61
15/10/2024,10,110.54
15/10/2024,11,92.74
15/10/2024,12,83.05
15/10/2024,13,78.47
15/10/2024,14,71.9
15/10/2024,15,76.84
15/10/2024,16,87.62
15/10/2024,17,109.38
15/10/2024,18,151.12
15/10/2024,19,176.09
15/10/2024,20,160.84
15/10/2024,21,117.14
15/10/2024,22,94.2
15/10/2024,23,80.16
15/10/2024,24,62.49
16/10/2024,1,52.06
16/10/2024,2,12.8
16/10/2024,3,5.3
16/10/2024,4,3.61
16/10/2024,5,3.51
16/10/2024,6,41.52
16/10/2024,7,92.26
16/10/2024,8,137.9
16/10/2024,9,103.75
16/10/2024,10,54.29
16/10/2024,11,26.68
16/10/2024,12,14.17
16/10/2024,13,4.09
16/10/2024,14,2.04
16/10/2024,15,4
16/10/2024,16,14.18
16/10/2024,17,66.69
16/10/2024,18,106.43
16/10/2024,19,109.77
16/10/2024,20,107.94
16/10/2024,21,77.44
16/10/2024,22,61.59
16/10/2024,23,35.14
16/10/2024,24,26.54
17/10/2024,1,17.04
17/10/2024,2,12.15
17/10/2024,3,10.48
17/10/2024,4,5.61
17/10/2024,5,10.01
17/10/2024,6,29.58
17/10/2024,7,70.24
17/10/2024,8,100.8
17/10/2024,9,92.57
17/10/2024,10,75.63
17/10/2024,11,81.04
17/10/2024,12,54.21
17/10/2024,13,41.95
17/10/2024,14,40.71
17/10/2024,15,49.94
17/10/2024,16,64.5
17/10/2024,17,92.22
17/10/2024,18,121.6
17/10/2024,19,181.18
17/10/2024,20,168.61
17/10/2024,21,115.78
17/10/2024,22,96.45
17/10/2024,23,88.21
17/10/2024,24,81.22
18/10/2024,1,79.11
18/10/2024,2,67.72
18/10/2024,3,61.57
18/10/2024,4,73.07
18/10/2024,5,71.47
18/10/2024,6,82.42
18/10/2024,7,96.77
18/10/2024,8,146.28
18/10/2024,9,153.19
18/10/2024,10,83.5
18/10/2024,11,64.02
18/10/2024,12,65.74
18/10/2024,13,57.61
18/10/2024,14,47.26
18/10/2024,15,59.5
18/10/2024,16,82.33
18/10/2024,17,100.48
18/10/2024,18,129.78
18/10/2024,19,175.94
18/10/2024,20,142.3
18/10/2024,21,103.17
18/10/2024,22,96.65
18/10/2024,23,92.33
18/10/2024,24,84.69
19/10/2024,1,85.83
19/10/2024,2,80.58
19/10/2024,3,77.74
19/10/2024,4,73.69
19/10/2024,5,73.3
19/10/2024,6,74.85
19/10/2024,7,78.79
19/10/2024,8,89.45
19/10/2024,9,87.27
19/10/2024,10,82.04
19/10/2024,11,63.66
19/10/2024,12,50.83
19/10/2024,13,39.01
19/10/2024,14,36.18
19/10/2024,15,56.21
19/10/2024,16,75.67
19/10/2024,17,94.01
19/10/2024,18,108.73
19/10/2024,19,129.79
19/10/2024,20,117.91
19/10/2024,21,95.47
19/10/2024,22,88.89
19/10/2024,23,83.45
19/10/2024,24,73.33
20/10/2024,1,54.97
20/10/2024,2,54.11
20/10/2024,3,56.18
20/10/2024,4,58.28
20/10/2024,5,61.23
20/10/2024,6,65.07
20/10/2024,7,61.98
20/10/2024,8,72.66
20/10/2024,9,66.1
20/10/2024,10,44.06
20/10/2024,11,6.37
20/10/2024,12,0.08
20/10/2024,13,0
20/10/2024,14,-0.98
20/10/2024,15,-2.01
20/10/2024,16,0
20/10/2024,17,1.92
20/10/2024,18,51.59
20/10/2024,19,70.95
20/10/2024,20,63.17
20/10/2024,21,29.24
20/10/2024,22,15.59
20/10/2024,23,8.77
20/10/2024,24,1.43
21/10/2024,1,-0.62
21/10/2024,2,-0.42
21/10/2024,3,-0.43
21/10/2024,4,-0.25
21/10/2024,5,-0.74
21/10/2024,6,5.48
21/10/2024,7,91.7
21/10/2024,8,122.81
21/10/2024,9,120.7
21/10/2024,10,103.9
21/10/2024,11,88.83
21/10/2024,12,81
21/10/2024,13,72.41
21/10/2024,14,77.11
21/10/2024,15,80.77
21/10/2024,16,97.2
21/10/2024,17,125.37
21/10/2024,18,153.38
21/10/2024,19,236.68
21/10/2024,20,207.97
21/10/2024,21,141.72
21/10/2024,22,106.02
21/10/2024,23,97.8
21/10/2024,24,92.97
22/10/2024,1,91.54
22/10/2024,2,88.57
22/10/2024,3,84.63
22/10/2024,4,82.83
22/10/2024,5,83.44
22/10/2024,6,94.81
22/10/2024,7,122.09
22/10/2024,8,173.51
22/10/2024,9,172.49
22/10/2024,10,113.41
22/10/2024,11,97.1
22/10/2024,12,82.35
22/10/2024,13,73.62
22/10/2024,14,70.88
22/10/2024,15,72.9
22/10/2024,16,85.66
22/10/2024,17,115.83
22/10/2024,18,136.82
22/10/2024,19,164.55
22/10/2024,20,166.08
22/10/2024,21,113.82
22/10/2024,22,97.75
22/10/2024,23,95.51
22/10/2024,24,88.35
23/10/2024,1,80.61
23/10/2024,2,82.98
23/10/2024,3,81.31
23/10/2024,4,82
23/10/2024,5,84.88
23/10/2024,6,92.38
23/10/2024,7,112.55
23/10/2024,8,169.48
23/10/2024,9,180.25
23/10/2024,10,127.41
23/10/2024,11,103.35
23/10/2024,12,95.01
23/10/2024,13,87.47
23/10/2024,14,82.74
23/10/2024,15,80.14
23/10/2024,16,90.07
23/10/2024,17,113.02
23/10/2024,18,169.41
23/10/2024,19,226.8
23/10/2024,20,195.12
23/10/2024,21,132.11
23/10/2024,22,107.73
23/10/2024,23,103.53
23/10/2024,24,93.16
24/10/2024,1,92.6
24/10/2024,2,82.85
24/10/2024,3,81.15
24/10/2024,4,81.15
24/10/2024,5,81.23
24/10/2024,6,90.29
24/10/2024,7,123.52
24/10/2024,8,169.94
24/10/2024,9,172.73
24/10/2024,10,116.32
24/10/2024,11,102.55
24/10/2024,12,93.71
24/10/2024,13,84.64
24/10/2024,14,79.86
24/10/2024,15,82.5
24/10/2024,16,97.06
24/10/2024,17,121.73
24/10/2024,18,163.42
24/10/2024,19,179.27
24/10/2024,20,156.79
24/10/2024,21,116.8
24/10/2024,22,102.31
24/10/2024,23,97.58
24/10/2024,24,85.56
25/10/2024,1,81.61
25/10/2024,2,80.58
25/10/2024,3,78.58
25/10/2024,4,81.53
25/10/2024,5,82.85
25/10/2024,6,95.14
25/10/2024,7,126.54
25/10/2024,8,156.04
25/10/2024,9,147.92
25/10/2024,10,120.53
25/10/2024,11,106.46
25/10/2024,12,90.75
25/10/2024,13,80.57
25/10/2024,14,77.11
25/10/2024,15,81.14
25/10/2024,16,97.01
25/10/2024,17,123.17
25/10/2024,18,172.04
25/10/2024,19,224.06
25/10/2024,20,180.89
25/10/2024,21,118.47
25/10/2024,22,114.49
25/10/2024,23,112.66
25/10/2024,24,107.75
26/10/2024,1,114.03
26/10/2024,2,108.22
26/10/2024,3,105.44
26/10/2024,4,106.03
26/10/2024,5,103.85
26/10/2024,6,105.1
26/10/2024,7,112.42
26/10/2024,8,125.32
26/10/2024,9,123.44
26/10/2024,10,115.51
26/10/2024,11,99.84
26/10/2024,12,80.24
26/10/2024,13,68.16
26/10/2024,14,63.07
26/10/2024,15,64.53
26/10/2024,16,82.64
26/10/2024,17,109.02
26/10/2024,18,136.47
26/10/2024,19,162.33
26/10/2024,20,139.37
26/10/2024,21,117.91
26/10/2024,22,102.34
26/10/2024,23,95.89
26/10/2024,24,82.38
27/10/2024,1,92.37
27/10/2024,2,84.02
27/10/2024,3,82.23
27/10/2024,4,80.43
27/10/2024,5,78.22
27/10/2024,6,78.23
27/10/2024,7,85.94
27/10/2024,8,88.39
27/10/2024,9,87.97
27/10/2024,10,84.21
27/10/2024,11,66.39
27/10/2024,12,54.72
27/10/2024,13,42.5
27/10/2024,14,39.99
27/10/2024,15,40
27/10/2024,16,64.59
27/10/2024,17,113.81
27/10/2024,18,123.5
27/10/2024,19,142.7
27/10/2024,20,141.49
27/10/2024,21,128
27/10/2024,22,114.96
27/10/2024,23,109.93
27/10/2024,24,114.42
27/10/2024,25,102.99
28/10/2024,1,95.89
28/10/2024,2,95.16
28/10/2024,3,89.45
28/10/2024,4,84.81
28/10/2024,5,87.12
28/10/2024,6,100.76
28/10/2024,7,124.6
28/10/2024,8,147.79
28/10/2024,9,126.18
28/10/2024,10,115.03
28/10/2024,11,98.03
28/10/2024,12,98.8
28/10/2024,13,95.38
28/10/2024,14,101.86
28/10/2024,15,114.57
28/10/2024,16,124.8
28/10/2024,17,165.31
28/10/2024,18,183.64
28/10/2024,19,168.4
28/10/2024,20,148.43
28/10/2024,21,125
28/10/2024,22,115.56
28/10/2024,23,110.14
28/10/2024,24,102.61
29/10/2024,1,101.36
29/10/2024,2,100.07
29/10/2024,3,99.16
29/10/2024,4,98.84
29/10/2024,5,100.72
29/10/2024,6,113.86
29/10/2024,7,128.11
29/10/2024,8,157.09
29/10/2024,9,152
29/10/2024,10,129.95
29/10/2024,11,120.77
29/10/2024,12,113.16
29/10/2024,13,105.55
29/10/2024,14,118.13
29/10/2024,15,136.1
29/10/2024,16,173.03
29/10/2024,17,222.47
29/10/2024,18,285.8
29/10/2024,19,253.93
29/10/2024,20,201.9
29/10/2024,21,139.36
29/10/2024,22,124.45
29/10/2024,23,118.52
29/10/2024,24,103.55
30/10/2024,1,101.11
30/10/2024,2,101.03
30/10/2024,3,98.66
30/10/2024,4,98.65
30/10/2024,5,101.23
30/10/2024,6,106.78
30/10/2024,7,124.08
30/10/2024,8,139.48
30/10/2024,9,139.67
30/10/2024,10,124.58
30/10/2024,11,115.47
30/10/2024,12,110.01
30/10/2024,13,102.32
30/10/2024,14,106.95
30/10/2024,15,111.92
30/10/2024,16,127.09
30/10/2024,17,161.4
30/10/2024,18,192.9
30/10/2024,19,192.01
30/10/2024,20,159.26
30/10/2024,21,130.07
30/10/2024,22,123.18
30/10/2024,23,115.85
30/10/2024,24,112.45
31/10/2024,1,104.87
31/10/2024,2,98.68
31/10/2024,3,96.75
31/10/2024,4,94.98
31/10/2024,5,98.25
31/10/2024,6,102.54
31/10/2024,7,121.51
31/10/2024,8,135.14
31/10/2024,9,133.62
31/10/2024,10,123.46
31/10/2024,11,105.28
31/10/2024,12,98.21
31/10/2024,13,88.91
31/10/2024,14,92.87
31/10/2024,15,99.48
31/10/2024,16,110.14
31/10/2024,17,121.88
31/10/2024,18,126.59
31/10/2024,19,124.24
31/10/2024,20,112.71
31/10/2024,21,98.76
31/10/2024,22,81.51
31/10/2024,23,82.45
31/10/2024,24,81.77
1/11/2024,1,90
1/11/2024,2,81.89
1/11/2024,3,79.59
1/11/2024,4,71.84
1/11/2024,5,65.47
1/11/2024,6,82.99
1/11/2024,7,104.91
1/11/2024,8,106.79
1/11/2024,9,96.21
1/11/2024,10,90.53
1/11/2024,11,66.86
1/11/2024,12,46.06
1/11/2024,13,47
1/11/2024,14,43.44
1/11/2024,15,67.02
1/11/2024,16,93.7
1/11/2024,17,139.59
1/11/2024,18,143.28
1/11/2024,19,142.81
1/11/2024,20,139.45
1/11/2024,21,123.26
1/11/2024,22,116.21
1/11/2024,23,114.82
1/11/2024,24,100
2/11/2024,1,101.43
2/11/2024,2,93.52
2/11/2024,3,89.5
2/11/2024,4,86
2/11/2024,5,86.85
2/11/2024,6,92.18
2/11/2024,7,97
2/11/2024,8,100.11
2/11/2024,9,101.16
2/11/2024,10,100.24
2/11/2024,11,91.38
2/11/2024,12,87.4
2/11/2024,13,88.79
2/11/2024,14,91.67
2/11/2024,15,102.84
2/11/2024,16,121.64
2/11/2024,17,136.29
2/11/2024,18,158.56
2/11/2024,19,149.06
2/11/2024,20,135.67
2/11/2024,21,122.79
2/11/2024,22,111.23
2/11/2024,23,106.28
2/11/2024,24,100.61
3/11/2024,1,101.19
3/11/2024,2,96.74
3/11/2024,3,89.12
3/11/2024,4,85.09
3/11/2024,5,87.64
3/11/2024,6,88.73
3/11/2024,7,95.82
3/11/2024,8,98.34
3/11/2024,9,88.69
3/11/2024,10,85.09
3/11/2024,11,71.11
3/11/2024,12,61
3/11/2024,13,52.63
3/11/2024,14,61.35
3/11/2024,15,86.43
3/11/2024,16,102.83
3/11/2024,17,115.97
3/11/2024,18,128.24
3/11/2024,19,126.28
3/11/2024,20,120.27
3/11/2024,21,110.15
3/11/2024,22,99.7
3/11/2024,23,108.15
3/11/2024,24,101.72
4/11/2024,1,92.04
4/11/2024,2,89.96
4/11/2024,3,90.07
4/11/2024,4,89.84
4/11/2024,5,90.77
4/11/2024,6,98.7
4/11/2024,7,125.37
4/11/2024,8,144.53
4/11/2024,9,138.22
4/11/2024,10,120.82
4/11/2024,11,99.98
4/11/2024,12,96.56
4/11/2024,13,94.67
4/11/2024,14,97.84
4/11/2024,15,102.97
4/11/2024,16,136.08
4/11/2024,17,210.11
4/11/2024,18,302.5
4/11/2024,19,250.83
4/11/2024,20,183.83
4/11/2024,21,141.8
4/11/2024,22,117.83
4/11/2024,23,108.19
4/11/2024,24,97.96
5/11/2024,1,101.71
5/11/2024,2,94
5/11/2024,3,91.29
5/11/2024,4,93.38
5/11/2024,5,95.74
5/11/2024,6,105.14
5/11/2024,7,126.13
5/11/2024,8,147.65
5/11/2024,9,138.76
5/11/2024,10,118.23
5/11/2024,11,105.85
5/11/2024,12,95.26
5/11/2024,13,94.9
5/11/2024,14,99.25
5/11/2024,15,110.21
5/11/2024,16,152.76
5/11/2024,17,319.45
5/11/2024,18,481.59
5/11/2024,19,452.45
5/11/2024,20,332.85
5/11/2024,21,171.36
5/11/2024,22,130.48
5/11/2024,23,117.77
5/11/2024,24,110.03
6/11/2024,1,106.11
6/11/2024,2,99.05
6/11/2024,3,95.48
6/11/2024,4,97.25
6/11/2024,5,100.81
6/11/2024,6,109.59
6/11/2024,7,160.1
6/11/2024,8,290.23
6/11/2024,9,230
6/11/2024,10,137.72
6/11/2024,11,126.11
6/11/2024,12,119.64
6/11/2024,13,117.98
6/11/2024,14,124.99
6/11/2024,15,141.41
6/11/2024,16,261.14
6/11/2024,17,500
6/11/2024,18,780.33
6/11/2024,19,770
6/11/2024,20,434.25
6/11/2024,21,203.24
6/11/2024,22,132.94
6/11/2024,23,119.04
6/11/2024,24,111.58
7/11/2024,1,109.76
7/11/2024,2,103.14
7/11/2024,3,99.86
7/11/2024,4,100.09
7/11/2024,5,103.1
7/11/2024,6,116.28
7/11/2024,7,152.95
7/11/2024,8,214.1
7/11/2024,9,188.46
7/11/2024,10,141.49
7/11/2024,11,134.8
7/11/2024,12,129.26
7/11/2024,13,128.54
7/11/2024,14,132.08
7/11/2024,15,138.57
7/11/2024,16,187.88
7/11/2024,17,245.32
7/11/2024,18,386.77
7/11/2024,19,289.38
7/11/2024,20,175
7/11/2024,21,141.98
7/11/2024,22,117.94
7/11/2024,23,113.73
7/11/2024,24,101.76
8/11/2024,1,103.9
8/11/2024,2,100.76
8/11/2024,3,98.68
8/11/2024,4,98.38
8/11/2024,5,99.94
8/11/2024,6,104.76
8/11/2024,7,133.04
8/11/2024,8,149.72
8/11/2024,9,137.32
8/11/2024,10,126.58
8/11/2024,11,117.34
8/11/2024,12,110.94
8/11/2024,13,105.59
8/11/2024,14,106.81
8/11/2024,15,114.71
8/11/2024,16,119.16
8/11/2024,17,119.81
8/11/2024,18,126.17
8/11/2024,19,126.28
8/11/2024,20,120.36
8/11/2024,21,113.08
8/11/2024,22,107.85
8/11/2024,23,113
8/11/2024,24,104.06
9/11/2024,1,105.1
9/11/2024,2,99.96
9/11/2024,3,98
9/11/2024,4,96.68
9/11/2024,5,98.41
9/11/2024,6,100.7
9/11/2024,7,104.31
9/11/2024,8,109.87
9/11/2024,9,114.1
9/11/2024,10,114.6
9/11/2024,11,109.97
9/11/2024,12,106.4
9/11/2024,13,106.88
9/11/2024,14,108
9/11/2024,15,110.18
9/11/2024,16,121.72
9/11/2024,17,137.9
9/11/2024,18,145.87
9/11/2024,19,146.9
9/11/2024,20,139.54
9/11/2024,21,128.32
9/11/2024,22,117.96
9/11/2024,23,114.53
9/11/2024,24,110.1
10/11/2024,1,104.99
10/11/2024,2,102.28
10/11/2024,3,102.12
10/11/2024,4,101.08
10/11/2024,5,101.17
10/11/2024,6,102.27
10/11/2024,7,100.49
10/11/2024,8,102.45
10/11/2024,9,105.61
10/11/2024,10,111
10/11/2024,11,112.71
10/11/2024,12,110.13
10/11/2024,13,110.92
10/11/2024,14,108.67
10/11/2024,15,112.65
10/11/2024,16,125.83
10/11/2024,17,133.87
10/11/2024,18,146.92
10/11/2024,19,145.91
10/11/2024,20,138.52
10/11/2024,21,125.31
10/11/2024,22,115.28
10/11/2024,23,111.1
10/11/2024,24,108.02
11/11/2024,1,109.68
11/11/2024,2,103.75
11/11/2024,3,100.02
11/11/2024,4,98.35
11/11/2024,5,98.16
11/11/2024,6,104.23
11/11/2024,7,116.74
11/11/2024,8,126.06
11/11/2024,9,132.75
11/11/2024,10,135.61
11/11/2024,11,129.23
11/11/2024,12,123.93
11/11/2024,13,119.6
11/11/2024,14,129.8
11/11/2024,15,128.26
11/11/2024,16,118.03
11/11/2024,17,90.97
11/11/2024,18,104.04
11/11/2024,19,115.47
11/11/2024,20,109.12
11/11/2024,21,113.18
11/11/2024,22,106.83
11/11/2024,23,109.34
11/11/2024,24,103.62
12/11/2024,1,110.11
12/11/2024,2,104.87
12/11/2024,3,102.97
12/11/2024,4,106.03
12/11/2024,5,110.31
12/11/2024,6,119.71
12/11/2024,7,144.58
12/11/2024,8,166.71
12/11/2024,9,184.91
12/11/2024,10,204.42
12/11/2024,11,176.82
12/11/2024,12,157.3
12/11/2024,13,146.66
12/11/2024,14,138.6
12/11/2024,15,157.4
12/11/2024,16,171.9
12/11/2024,17,218.59
12/11/2024,18,253.1
12/11/2024,19,198.74
12/11/2024,20,127.5
12/11/2024,21,138.45
12/11/2024,22,125.18
12/11/2024,23,124.68
12/11/2024,24,115.08
13/11/2024,1,117.98
13/11/2024,2,112.31
13/11/2024,3,108.27
13/11/2024,4,108.03
13/11/2024,5,111.53
13/11/2024,6,120.4
13/11/2024,7,147
13/11/2024,8,181.52
13/11/2024,9,227.45
13/11/2024,10,228.21
13/11/2024,11,221.05
13/11/2024,12,203.91
13/11/2024,13,195.33
13/11/2024,14,196.52
13/11/2024,15,194.21
13/11/2024,16,202.01
13/11/2024,17,210.28
13/11/2024,18,157.16
13/11/2024,19,178.5
13/11/2024,20,131.21
13/11/2024,21,136.65
13/11/2024,22,117.19
13/11/2024,23,114.28
13/11/2024,24,104.93
14/11/2024,1,102.88
14/11/2024,2,105.01
14/11/2024,3,105.48
14/11/2024,4,100.95
14/11/2024,5,105.01
14/11/2024,6,93.02
14/11/2024,7,140
14/11/2024,8,160.1
14/11/2024,9,93.58
14/11/2024,10,102.76
14/11/2024,11,111.42
14/11/2024,12,107.8
14/11/2024,13,119.6
14/11/2024,14,124.85
14/11/2024,15,114.17
14/11/2024,16,116.67
14/11/2024,17,128.5
14/11/2024,18,123.46
14/11/2024,19,127.94
14/11/2024,20,129.68
14/11/2024,21,130.13
14/11/2024,22,127.34
14/11/2024,23,122
14/11/2024,24,111.39
15/11/2024,1,107.62
15/11/2024,2,108.67
15/11/2024,3,110.23
15/11/2024,4,104.43
15/11/2024,5,103.5
15/11/2024,6,106.28
15/11/2024,7,130.3
15/11/2024,8,141.27
15/11/2024,9,141.38
15/11/2024,10,145
15/11/2024,11,136.49
15/11/2024,12,134.14
15/11/2024,13,120.85
15/11/2024,14,119.03
15/11/2024,15,126.1
15/11/2024,16,131.17
15/11/2024,17,120.52
15/11/2024,18,122.19
15/11/2024,19,122.48
15/11/2024,20,112.57
15/11/2024,21,103.23
15/11/2024,22,110.74
15/11/2024,23,103.5
15/11/2024,24,91.23
16/11/2024,1,99
16/11/2024,2,93.74
16/11/2024,3,90.64
16/11/2024,4,89.42
16/11/2024,5,88.81
16/11/2024,6,91.16
16/11/2024,7,136.21
16/11/2024,8,137.95
16/11/2024,9,139.9
16/11/2024,10,141.21
16/11/2024,11,132.19
16/11/2024,12,109.85
16/11/2024,13,103.26
16/11/2024,14,103
16/11/2024,15,121.4
16/11/2024,16,144.76
16/11/2024,17,154.68
16/11/2024,18,160
16/11/2024,19,142
16/11/2024,20,189.31
16/11/2024,21,158.07
16/11/2024,22,160
16/11/2024,23,204.74
16/11/2024,24,170.7
17/11/2024,1,150.01
17/11/2024,2,150.69
17/11/2024,3,150.01
17/11/2024,4,150.01
17/11/2024,5,171.6
17/11/2024,6,197.23
17/11/2024,7,193.51
17/11/2024,8,175
17/11/2024,9,171.69
17/11/2024,10,164.23
17/11/2024,11,142.83
17/11/2024,12,132.97
17/11/2024,13,122.86
17/11/2024,14,146.02
17/11/2024,15,150
17/11/2024,16,149.34
17/11/2024,17,193.65
17/11/2024,18,156.92
17/11/2024,19,155
17/11/2024,20,168.2
17/11/2024,21,175
17/11/2024,22,129.3
17/11/2024,23,130
17/11/2024,24,114
18/11/2024,1,140.1
18/11/2024,2,130.93
18/11/2024,3,100.97
18/11/2024,4,90.7
18/11/2024,5,110.8
18/11/2024,6,142.56
18/11/2024,7,185.49
18/11/2024,8,129.3
18/11/2024,9,164.73
18/11/2024,10,155.49
18/11/2024,11,150.18
18/11/2024,12,159.12
18/11/2024,13,182.61
18/11/2024,14,172.54
18/11/2024,15,163.83
18/11/2024,16,91.2
18/11/2024,17,81.01
18/11/2024,18,113.22
18/11/2024,19,126.66
18/11/2024,20,123.78
18/11/2024,21,122.32
18/11/2024,22,112.91
18/11/2024,23,114.65
18/11/2024,24,120.56
19/11/2024,1,114.76
19/11/2024,2,106.14
19/11/2024,3,100.37
19/11/2024,4,95.01
19/11/2024,5,98.5
19/11/2024,6,100.93
19/11/2024,7,124.82
19/11/2024,8,119.55
19/11/2024,9,133.66
19/11/2024,10,159.63
19/11/2024,11,158.28
19/11/2024,12,155.25
19/11/2024,13,150.12
19/11/2024,14,140
19/11/2024,15,119.53
19/11/2024,16,80.19
19/11/2024,17,100.74
19/11/2024,18,122.9
19/11/2024,19,126.7
19/11/2024,20,119.91
19/11/2024,21,116.34
19/11/2024,22,115.51
19/11/2024,23,115.1
19/11/2024,24,94.23
20/11/2024,1,117.88
20/11/2024,2,111.04
20/11/2024,3,100.01
20/11/2024,4,84.66
20/11/2024,5,84.85
20/11/2024,6,103.27
20/11/2024,7,135
20/11/2024,8,137.58
20/11/2024,9,142.87
20/11/2024,10,140.45
20/11/2024,11,128.99
20/11/2024,12,132.82
20/11/2024,13,126.18
20/11/2024,14,132
20/11/2024,15,127.14
20/11/2024,16,133.61
20/11/2024,17,139
20/11/2024,18,145
20/11/2024,19,143.13
20/11/2024,20,152.38
20/11/2024,21,135.98
20/11/2024,22,130
20/11/2024,23,124.68
20/11/2024,24,103.5
21/11/2024,1,93.96
21/11/2024,2,90.4
21/11/2024,3,86.8
21/11/2024,4,84.15
21/11/2024,5,84.23
21/11/2024,6,113.5
21/11/2024,7,150
21/11/2024,8,153.61
21/11/2024,9,148.19
21/11/2024,10,136.06
21/11/2024,11,129.44
21/11/2024,12,117.12
21/11/2024,13,116.18
21/11/2024,14,135
21/11/2024,15,142.92
21/11/2024,16,147.65
21/11/2024,17,136.08
21/11/2024,18,141.8
21/11/2024,19,147.11
21/11/2024,20,149.73
21/11/2024,21,124.54
21/11/2024,22,120.68
21/11/2024,23,123.22
21/11/2024,24,107.6
22/11/2024,1,116.51
22/11/2024,2,106.68
22/11/2024,3,98.2
22/11/2024,4,92.87
22/11/2024,5,91.09
22/11/2024,6,101.41
22/11/2024,7,132.93
22/11/2024,8,146.37
22/11/2024,9,153.9
22/11/2024,10,148.48
22/11/2024,11,138.15
22/11/2024,12,124.24
22/11/2024,13,117.45
22/11/2024,14,113.14
22/11/2024,15,123.79
22/11/2024,16,137.33
22/11/2024,17,145
22/11/2024,18,148.81
22/11/2024,19,150.8
22/11/2024,20,150
22/11/2024,21,135.86
22/11/2024,22,107.66
22/11/2024,23,101.16
22/11/2024,24,76.34
23/11/2024,1,99.4
23/11/2024,2,90.64
23/11/2024,3,80.1
23/11/2024,4,86.07
23/11/2024,5,81.41
23/11/2024,6,93.01
23/11/2024,7,120.83
23/11/2024,8,130.33
23/11/2024,9,117.96
23/11/2024,10,85.62
23/11/2024,11,79.35
23/11/2024,12,74.93
23/11/2024,13,72.85
23/11/2024,14,93.01
23/11/2024,15,121.23
23/11/2024,16,156.42
23/11/2024,17,218.02
23/11/2024,18,203.85
23/11/2024,19,196.85
23/11/2024,20,180.75
23/11/2024,21,170
23/11/2024,22,148.4
23/11/2024,23,130.33
23/11/2024,24,130.48
24/11/2024,1,128.45
24/11/2024,2,101.01
24/11/2024,3,101.01
24/11/2024,4,93.43
24/11/2024,5,101.01
24/11/2024,6,130.4
24/11/2024,7,133.11
24/11/2024,8,142.6
24/11/2024,9,130.67
24/11/2024,10,122.88
24/11/2024,11,130.05
24/11/2024,12,130.97
24/11/2024,13,129.61
24/11/2024,14,136.22
24/11/2024,15,168.62
24/11/2024,16,188.06
24/11/2024,17,211.74
24/11/2024,18,193.24
24/11/2024,19,150
24/11/2024,20,174.81
24/11/2024,21,197.55
24/11/2024,22,175.85
24/11/2024,23,144.16
24/11/2024,24,121.69
25/11/2024,1,167.41
25/11/2024,2,169.01
25/11/2024,3,153.86
25/11/2024,4,139.47
25/11/2024,5,157.66
25/11/2024,6,142.6
25/11/2024,7,212.23
25/11/2024,8,199.12
25/11/2024,9,174.72
25/11/2024,10,126.03
25/11/2024,11,81.28
25/11/2024,12,95
25/11/2024,13,105.67
25/11/2024,14,121.87
25/11/2024,15,147.3
25/11/2024,16,196.4
25/11/2024,17,222.72
25/11/2024,18,155.76
25/11/2024,19,145
25/11/2024,20,145
25/11/2024,21,145
25/11/2024,22,145
25/11/2024,23,155.98
25/11/2024,24,127.57
26/11/2024,1,114.78
26/11/2024,2,125.06
26/11/2024,3,120.67
26/11/2024,4,115.86
26/11/2024,5,109.94
26/11/2024,6,124.94
26/11/2024,7,157.21
26/11/2024,8,171.2
26/11/2024,9,160.84
26/11/2024,10,140.84
26/11/2024,11,134.85
26/11/2024,12,153.19
26/11/2024,13,154.64
26/11/2024,14,149.9
26/11/2024,15,176.06
26/11/2024,16,185
26/11/2024,17,195
26/11/2024,18,179.88
26/11/2024,19,167.78
26/11/2024,20,161.81
26/11/2024,21,135.98
26/11/2024,22,115.47
26/11/2024,23,134.52
26/11/2024,24,124.72
27/11/2024,1,127.01
27/11/2024,2,119.88
27/11/2024,3,111.4
27/11/2024,4,113.3
27/11/2024,5,117.79
27/11/2024,6,139.1
27/11/2024,7,154.37
27/11/2024,8,176.72
27/11/2024,9,187.39
27/11/2024,10,175.51
27/11/2024,11,157.42
27/11/2024,12,155.64
27/11/2024,13,151.82
27/11/2024,14,156.94
27/11/2024,15,161.48
27/11/2024,16,175.33
27/11/2024,17,180.79
27/11/2024,18,169.57
27/11/2024,19,171.01
27/11/2024,20,173.89
27/11/2024,21,169.96
27/11/2024,22,104.99
27/11/2024,23,150.08
27/11/2024,24,169.53
28/11/2024,1,155.63
28/11/2024,2,135.21
28/11/2024,3,120.01
28/11/2024,4,120.01
28/11/2024,5,120.01
28/11/2024,6,120.01
28/11/2024,7,170
28/11/2024,8,166.1
28/11/2024,9,170
28/11/2024,10,171.44
28/11/2024,11,155
28/11/2024,12,154.71
28/11/2024,13,152.03
28/11/2024,14,154.21
28/11/2024,15,152.63
28/11/2024,16,166.17
28/11/2024,17,170
28/11/2024,18,157.77
28/11/2024,19,157.4
28/11/2024,20,156.23
28/11/2024,21,143.97
28/11/2024,22,132.08
28/11/2024,23,122.16
28/11/2024,24,112.6
29/11/2024,1,110.3
29/11/2024,2,107.01
29/11/2024,3,103.47
29/11/2024,4,103.09
29/11/2024,5,105.84
29/11/2024,6,115.86
29/11/2024,7,144.12
29/11/2024,8,168.15
29/11/2024,9,181.35
29/11/2024,10,163.43
29/11/2024,11,143.18
29/11/2024,12,135.57
29/11/2024,13,128.07
29/11/2024,14,128.13
29/11/2024,15,138.5
29/11/2024,16,155.07
29/11/2024,17,166.36
29/11/2024,18,157.9
29/11/2024,19,140.03
29/11/2024,20,139.42
29/11/2024,21,129.93
29/11/2024,22,121.15
29/11/2024,23,116.33
29/11/2024,24,107.31
30/11/2024,1,105.73
30/11/2024,2,99.03
30/11/2024,3,105.01
30/11/2024,4,102.89
30/11/2024,5,105.01
30/11/2024,6,105.3
30/11/2024,7,106.45
30/11/2024,8,123.97
30/11/2024,9,132.79
30/11/2024,10,117.99
30/11/2024,11,107.15
30/11/2024,12,106.09
30/11/2024,13,105.32
30/11/2024,14,107.76
30/11/2024,15,111.73
30/11/2024,16,135.26
30/11/2024,17,145.48
30/11/2024,18,147.23
30/11/2024,19,141.39
30/11/2024,20,131.96
30/11/2024,21,124.51
30/11/2024,22,115.08
30/11/2024,23,114.78
30/11/2024,24,106.67
1/12/2024,1,99.66
1/12/2024,2,90.01
1/12/2024,3,88.14
1/12/2024,4,85.7
1/12/2024,5,84.88
1/12/2024,6,85.53
1/12/2024,7,84.64
1/12/2024,8,90.05
1/12/2024,9,99.72
1/12/2024,10,94.6
1/12/2024,11,89.3
1/12/2024,12,82.38
1/12/2024,13,85.25
1/12/2024,14,83.08
1/12/2024,15,96.66
1/12/2024,16,109.19
1/12/2024,17,127.76
1/12/2024,18,143.61
1/12/2024,19,154.64
1/12/2024,20,162.46
1/12/2024,21,149.05
1/12/2024,22,127.14
1/12/2024,23,110
1/12/2024,24,85
2/12/2024,1,93.01
2/12/2024,2,90.44
2/12/2024,3,84
2/12/2024,4,85
2/12/2024,5,112.36
2/12/2024,6,135
2/12/2024,7,148.76
2/12/2024,8,165
2/12/2024,9,165.85
2/12/2024,10,138.3
2/12/2024,11,142.16
2/12/2024,12,133.83
2/12/2024,13,124.34
2/12/2024,14,130.81
2/12/2024,15,143.46
2/12/2024,16,162.44
2/12/2024,17,168.02
2/12/2024,18,158.59
2/12/2024,19,164.82
2/12/2024,20,182.44
2/12/2024,21,177.81
2/12/2024,22,140
2/12/2024,23,150
2/12/2024,24,121.92
3/12/2024,1,122.79
3/12/2024,2,125.01
3/12/2024,3,125.01
3/12/2024,4,119.84
3/12/2024,5,121.24
3/12/2024,6,132.91
3/12/2024,7,153.44
3/12/2024,8,185.15
3/12/2024,9,185
3/12/2024,10,186.59
3/12/2024,11,185
3/12/2024,12,185.48
3/12/2024,13,192.63
3/12/2024,14,186.28
3/12/2024,15,180
3/12/2024,16,194.02
3/12/2024,17,210.19
3/12/2024,18,210.57
3/12/2024,19,197.88
3/12/2024,20,189.83
3/12/2024,21,171.22
3/12/2024,22,153.63
3/12/2024,23,142.08
3/12/2024,24,130.81
4/12/2024,1,122.55
4/12/2024,2,116.66
4/12/2024,3,112.79
4/12/2024,4,110.23
4/12/2024,5,116.66
4/12/2024,6,125.42
4/12/2024,7,147.17
4/12/2024,8,220
4/12/2024,9,277.78
4/12/2024,10,253.07
4/12/2024,11,217.11
4/12/2024,12,214.33
4/12/2024,13,207.12
4/12/2024,14,217.15
4/12/2024,15,230.35
4/12/2024,16,244.92
4/12/2024,17,263.45
4/12/2024,18,285.49
4/12/2024,19,228.89
4/12/2024,20,198.59
4/12/2024,21,164.13
4/12/2024,22,147.37
4/12/2024,23,128.03
4/12/2024,24,113.21
5/12/2024,1,114.77
5/12/2024,2,105.74
5/12/2024,3,103.74
5/12/2024,4,104.13
5/12/2024,5,107.9
5/12/2024,6,115.06
5/12/2024,7,145.88
5/12/2024,8,195.3
5/12/2024,9,186.35
5/12/2024,10,169.25
5/12/2024,11,150.78
5/12/2024,12,143.28
5/12/2024,13,142.13
5/12/2024,14,150
5/12/2024,15,160.87
5/12/2024,16,168.1
5/12/2024,17,136.24
5/12/2024,18,170
5/12/2024,19,173.54
5/12/2024,20,151.99
5/12/2024,21,145
5/12/2024,22,160.36
5/12/2024,23,143.07
5/12/2024,24,128.1
6/12/2024,1,143.22
6/12/2024,2,137.45
6/12/2024,3,120.01
6/12/2024,4,110.3
6/12/2024,5,110.3
6/12/2024,6,110.3
6/12/2024,7,128.6
6/12/2024,8,165.57
6/12/2024,9,172.97
6/12/2024,10,186.37
6/12/2024,11,175.38
6/12/2024,12,173.56
6/12/2024,13,151.79
6/12/2024,14,179.89
6/12/2024,15,170
6/12/2024,16,189.4
6/12/2024,17,170
6/12/2024,18,148.76
6/12/2024,19,150.86
6/12/2024,20,149.85
6/12/2024,21,125.04
6/12/2024,22,117.05
6/12/2024,23,134.57
6/12/2024,24,105.7
7/12/2024,1,96.53
7/12/2024,2,85.25
7/12/2024,3,77.99
7/12/2024,4,70.01
7/12/2024,5,72.01
7/12/2024,6,71.01
7/12/2024,7,100
7/12/2024,8,110
7/12/2024,9,134.7
7/12/2024,10,192.77
7/12/2024,11,183.75
7/12/2024,12,170
7/12/2024,13,158.71
7/12/2024,14,157.65
7/12/2024,15,157.37
7/12/2024,16,145
7/12/2024,17,110
7/12/2024,18,110
7/12/2024,19,102
7/12/2024,20,110
7/12/2024,21,102
7/12/2024,22,100
7/12/2024,23,100
7/12/2024,24,110
8/12/2024,1,94.92
8/12/2024,2,87.36
8/12/2024,3,87.48
8/12/2024,4,84.92
8/12/2024,5,85.75
8/12/2024,6,93.24
8/12/2024,7,93.76
8/12/2024,8,100.92
8/12/2024,9,102.46
8/12/2024,10,110.76
8/12/2024,11,113.01
8/12/2024,12,119.72
8/12/2024,13,120
8/12/2024,14,118.31
8/12/2024,15,117.04
8/12/2024,16,129.59
8/12/2024,17,147.16
8/12/2024,18,153.12
8/12/2024,19,157.97
8/12/2024,20,145.51
8/12/2024,21,141.03
8/12/2024,22,120
8/12/2024,23,106.3
8/12/2024,24,94.58
9/12/2024,1,71.9
9/12/2024,2,56.44
9/12/2024,3,35.24
9/12/2024,4,35.09
9/12/2024,5,41.17
9/12/2024,6,77.12
9/12/2024,7,147.51
9/12/2024,8,154.82
9/12/2024,9,152.38
9/12/2024,10,152.37
9/12/2024,11,152.26
9/12/2024,12,155.06
9/12/2024,13,150.76
9/12/2024,14,159.5
9/12/2024,15,160.47
9/12/2024,16,125
9/12/2024,17,115
9/12/2024,18,109.7
9/12/2024,19,106.27
9/12/2024,20,109.63
9/12/2024,21,97.07
9/12/2024,22,85.8
9/12/2024,23,125.4
9/12/2024,24,90.5
10/12/2024,1,94.46
10/12/2024,2,90.84
10/12/2024,3,87.97
10/12/2024,4,84.63
10/12/2024,5,92.98
10/12/2024,6,107.75
10/12/2024,7,127.15
10/12/2024,8,131.95
10/12/2024,9,174.75
10/12/2024,10,180.49
10/12/2024,11,184.02
10/12/2024,12,186.29
10/12/2024,13,181.33
10/12/2024,14,189.73
10/12/2024,15,188.63
10/12/2024,16,196.57
10/12/2024,17,198.12
10/12/2024,18,199.29
10/12/2024,19,181
10/12/2024,20,180.07
10/12/2024,21,166.12
10/12/2024,22,150.69
10/12/2024,23,138.09
10/12/2024,24,121.37
11/12/2024,1,114.8
11/12/2024,2,107.78
11/12/2024,3,106.76
11/12/2024,4,105.58
11/12/2024,5,107.79
11/12/2024,6,123.47
11/12/2024,7,159.37
11/12/2024,8,285.46
11/12/2024,9,360
11/12/2024,10,368.95
11/12/2024,11,346.32
11/12/2024,12,373.18
11/12/2024,13,376.14
11/12/2024,14,393.93
11/12/2024,15,368.79
11/12/2024,16,376.14
11/12/2024,17,436.79
11/12/2024,18,442.45
11/12/2024,19,359.74
11/12/2024,20,336.89
11/12/2024,21,205.42
11/12/2024,22,170.3
11/12/2024,23,150
11/12/2024,24,137.57
12/12/2024,1,122.24
12/12/2024,2,115.3
12/12/2024,3,109.96
12/12/2024,4,107.35
12/12/2024,5,112.51
12/12/2024,6,124.11
12/12/2024,7,174.55
12/12/2024,8,578.79
12/12/2024,9,605.93
12/12/2024,10,415
12/12/2024,11,383.66
12/12/2024,12,384.49
12/12/2024,13,381.2
12/12/2024,14,380.01
12/12/2024,15,448.48
12/12/2024,16,601.61
12/12/2024,17,795.12
12/12/2024,18,844.63
12/12/2024,19,670
12/12/2024,20,547.94
12/12/2024,21,294.48
12/12/2024,22,169.4
12/12/2024,23,150
12/12/2024,24,134.75
13/12/2024,1,130.07
13/12/2024,2,122.9
13/12/2024,3,118.97
13/12/2024,4,114.95
13/12/2024,5,115.64
13/12/2024,6,125.6
13/12/2024,7,155.92
13/12/2024,8,187.74
13/12/2024,9,253
13/12/2024,10,245.74
13/12/2024,11,208.42
13/12/2024,12,176
13/12/2024,13,167.27
13/12/2024,14,165
13/12/2024,15,184.5
13/12/2024,16,220.77
13/12/2024,17,249.51
13/12/2024,18,284.21
13/12/2024,19,260
13/12/2024,20,225.6
13/12/2024,21,175
13/12/2024,22,146.22
13/12/2024,23,135.09
13/12/2024,24,116.52
14/12/2024,1,116.94
14/12/2024,2,111.36
14/12/2024,3,108.04
14/12/2024,4,99.02
14/12/2024,5,93.44
14/12/2024,6,91.55
14/12/2024,7,84.14
14/12/2024,8,93.14
14/12/2024,9,110.02
14/12/2024,10,132.37
14/12/2024,11,131.95
14/12/2024,12,141.42
14/12/2024,13,143.18
14/12/2024,14,141.85
14/12/2024,15,145
14/12/2024,16,142.39
14/12/2024,17,146.76
14/12/2024,18,143.17
14/12/2024,19,138.7
14/12/2024,20,126.6
14/12/2024,21,140
14/12/2024,22,81.95
14/12/2024,23,140.7
14/12/2024,24,113.93
15/12/2024,1,108.94
15/12/2024,2,106.63
15/12/2024,3,98.76
15/12/2024,4,85.22
15/12/2024,5,82.33
15/12/2024,6,93.5
15/12/2024,7,107
15/12/2024,8,108
15/12/2024,9,105.29
15/12/2024,10,111
15/12/2024,11,128.6
15/12/2024,12,133.18
15/12/2024,13,125.64
15/12/2024,14,132.04
15/12/2024,15,125.68
15/12/2024,16,134.91
15/12/2024,17,185.06
15/12/2024,18,149.74
15/12/2024,19,124.7
15/12/2024,20,131
15/12/2024,21,117
15/12/2024,22,85.11
15/12/2024,23,82.84
15/12/2024,24,140
16/12/2024,1,117.98
16/12/2024,2,139.1
16/12/2024,3,82.84
16/12/2024,4,68.88
16/12/2024,5,73.69
16/12/2024,6,82.84
16/12/2024,7,232.8
16/12/2024,8,140.96
16/12/2024,9,170.76
16/12/2024,10,161.48
16/12/2024,11,140.61
16/12/2024,12,106.21
16/12/2024,13,108.14
16/12/2024,14,123.31
16/12/2024,15,136.17
16/12/2024,16,137.19
16/12/2024,17,122.2
16/12/2024,18,100.8
16/12/2024,19,93.68
16/12/2024,20,135
16/12/2024,21,144.74
16/12/2024,22,132.74
16/12/2024,23,82.84
16/12/2024,24,68.7
17/12/2024,1,82.9
17/12/2024,2,86.01
17/12/2024,3,86.01
17/12/2024,4,86.01
17/12/2024,5,86.01
17/12/2024,6,86.01
17/12/2024,7,172.78
17/12/2024,8,149.41
17/12/2024,9,140.96
17/12/2024,10,132.87
17/12/2024,11,115.71
17/12/2024,12,106
17/12/2024,13,105.25
17/12/2024,14,109.4
17/12/2024,15,120.43
17/12/2024,16,142.16
17/12/2024,17,140.3
17/12/2024,18,126.54
17/12/2024,19,121.2
17/12/2024,20,115
17/12/2024,21,115.93
17/12/2024,22,119.65
17/12/2024,23,119
17/12/2024,24,95.42
18/12/2024,1,78.64
18/12/2024,2,78
18/12/2024,3,72.81
18/12/2024,4,70.41
18/12/2024,5,68.3
18/12/2024,6,66.63
18/12/2024,7,115.85
18/12/2024,8,118.69
18/12/2024,9,138.73
18/12/2024,10,123.96
18/12/2024,11,110.22
18/12/2024,12,113.8
18/12/2024,13,110.5
18/12/2024,14,113.28
18/12/2024,15,120.41
18/12/2024,16,111.24
18/12/2024,17,151.37
18/12/2024,18,121.2
18/12/2024,19,120
18/12/2024,20,117.9
18/12/2024,21,85.01
18/12/2024,22,75.03
18/12/2024,23,78.71
18/12/2024,24,80.01
19/12/2024,1,30.01
19/12/2024,2,20
19/12/2024,3,9.86
19/12/2024,4,-4.99
19/12/2024,5,5.08
19/12/2024,6,68.03
19/12/2024,7,106.1
19/12/2024,8,129.11
19/12/2024,9,110
19/12/2024,10,87.44
19/12/2024,11,68.38
19/12/2024,12,78.22
19/12/2024,13,88.13
19/12/2024,14,107.33
19/12/2024,15,118.55
19/12/2024,16,130.16
19/12/2024,17,140
19/12/2024,18,133
19/12/2024,19,136.54
19/12/2024,20,125
19/12/2024,21,113.96
19/12/2024,22,118.31
19/12/2024,23,95.13
19/12/2024,24,53.68
20/12/2024,1,63.12
20/12/2024,2,72.45
20/12/2024,3,50.8
20/12/2024,4,51.32
20/12/2024,5,60.23
20/12/2024,6,63.99
20/12/2024,7,115
20/12/2024,8,121.37
20/12/2024,9,109.72
20/12/2024,10,115
20/12/2024,11,115.53
20/12/2024,12,105
20/12/2024,13,86.3
20/12/2024,14,76.46
20/12/2024,15,92.6
20/12/2024,16,115
20/12/2024,17,101.55
20/12/2024,18,104.84
20/12/2024,19,109.69
20/12/2024,20,118.01
20/12/2024,21,105
20/12/2024,22,89.71
20/12/2024,23,72.45
20/12/2024,24,60.65
21/12/2024,1,54.94
21/12/2024,2,42.09
21/12/2024,3,36.33
21/12/2024,4,19.41
21/12/2024,5,18.11
21/12/2024,6,39.26
21/12/2024,7,67.1
21/12/2024,8,77.3
21/12/2024,9,80.56
21/12/2024,10,80
21/12/2024,11,72.61
21/12/2024,12,65.86
21/12/2024,13,75.96
21/12/2024,14,85.02
21/12/2024,15,107.89
21/12/2024,16,129.2
21/12/2024,17,142.63
21/12/2024,18,138.99
21/12/2024,19,141.23
21/12/2024,20,145.83
21/12/2024,21,136.05
21/12/2024,22,121.37
21/12/2024,23,95
21/12/2024,24,98.22
22/12/2024,1,65.97
22/12/2024,2,18.04
22/12/2024,3,50
22/12/2024,4,65.66
22/12/2024,5,65.48
22/12/2024,6,40.9
22/12/2024,7,35
22/12/2024,8,49
22/12/2024,9,64.42
22/12/2024,10,85.93
22/12/2024,11,92.03
22/12/2024,12,99.33
22/12/2024,13,101.82
22/12/2024,14,113.84
22/12/2024,15,125.3
22/12/2024,16,151
22/12/2024,17,176.26
22/12/2024,18,154.26
22/12/2024,19,165
22/12/2024,20,159.19
22/12/2024,21,137.19
22/12/2024,22,117.49
22/12/2024,23,86.08
22/12/2024,24,70.71
23/12/2024,1,39
23/12/2024,2,27.72
23/12/2024,3,15.38
23/12/2024,4,9.67
23/12/2024,5,15.86
23/12/2024,6,40.98
23/12/2024,7,66.11
23/12/2024,8,85
23/12/2024,9,137.43
23/12/2024,10,145
23/12/2024,11,126.88
23/12/2024,12,124.25
23/12/2024,13,118.65
23/12/2024,14,120.72
23/12/2024,15,122.64
23/12/2024,16,115
23/12/2024,17,140.37
23/12/2024,18,130
23/12/2024,19,130
23/12/2024,20,121.05
23/12/2024,21,111.23
23/12/2024,22,108.39
23/12/2024,23,105.82
23/12/2024,24,98.25
24/12/2024,1,86.03
24/12/2024,2,82.84
24/12/2024,3,81.89
24/12/2024,4,78
24/12/2024,5,78.78
24/12/2024,6,80.6
24/12/2024,7,85.07
24/12/2024,8,100.83
24/12/2024,9,115.09
24/12/2024,10,120.95
24/12/2024,11,120
24/12/2024,12,118.16
24/12/2024,13,117.49
24/12/2024,14,115.38
24/12/2024,15,117.98
24/12/2024,16,119.5
24/12/2024,17,120.21
24/12/2024,18,118
24/12/2024,19,110.98
24/12/2024,20,105.66
24/12/2024,21,102.56
24/12/2024,22,94.63
24/12/2024,23,99.04
24/12/2024,24,90
25/12/2024,1,91.37
25/12/2024,2,86.44
25/12/2024,3,85.07
25/12/2024,4,80.81
25/12/2024,5,75.99
25/12/2024,6,80.81
25/12/2024,7,83.01
25/12/2024,8,84.94
25/12/2024,9,90.21
25/12/2024,10,99.24
25/12/2024,11,93.56
25/12/2024,12,92.55
25/12/2024,13,94.41
25/12/2024,14,91.03
25/12/2024,15,99.64
25/12/2024,16,113.47
25/12/2024,17,118.44
25/12/2024,18,120.6
25/12/2024,19,119.2
25/12/2024,20,118.05
25/12/2024,21,118.4
25/12/2024,22,113.01
25/12/2024,23,114.07
25/12/2024,24,104.63
26/12/2024,1,102.17
26/12/2024,2,95.06
26/12/2024,3,94.61
26/12/2024,4,89.64
26/12/2024,5,90.87
26/12/2024,6,95.1
26/12/2024,7,99
26/12/2024,8,112.9
26/12/2024,9,122.34
26/12/2024,10,118.23
26/12/2024,11,113.25
26/12/2024,12,106.01
26/12/2024,13,107.71
26/12/2024,14,103.9
26/12/2024,15,109.64
26/12/2024,16,120.75
26/12/2024,17,129.88
26/12/2024,18,137.9
26/12/2024,19,138.05
26/12/2024,20,135.71
26/12/2024,21,129.13
26/12/2024,22,120.85
26/12/2024,23,123.5
26/12/2024,24,116.98
27/12/2024,1,106.79
27/12/2024,2,101.52
27/12/2024,3,101.03
27/12/2024,4,99.74
27/12/2024,5,99.58
27/12/2024,6,106.2
27/12/2024,7,115.7
27/12/2024,8,124.29
27/12/2024,9,131.85
27/12/2024,10,130.15
27/12/2024,11,120.1
27/12/2024,12,107.94
27/12/2024,13,107.81
27/12/2024,14,107.94
27/12/2024,15,122.12
27/12/2024,16,137.38
27/12/2024,17,146.92
27/12/2024,18,151.89
27/12/2024,19,158.4
27/12/2024,20,146.43
27/12/2024,21,133.14
27/12/2024,22,125.42
27/12/2024,23,126.76
27/12/2024,24,114
28/12/2024,1,126.4
28/12/2024,2,116.63
28/12/2024,3,110.15
28/12/2024,4,105.92
28/12/2024,5,102.93
28/12/2024,6,105.58
28/12/2024,7,109.71
28/12/2024,8,124.24
28/12/2024,9,128
28/12/2024,10,128.3
28/12/2024,11,122.83
28/12/2024,12,113.4
28/12/2024,13,108.97
28/12/2024,14,110.01
28/12/2024,15,117.96
28/12/2024,16,138.65
28/12/2024,17,138.62
28/12/2024,18,145.23
28/12/2024,19,143.46
28/12/2024,20,135.54
28/12/2024,21,125.22
28/12/2024,22,125.9
28/12/2024,23,121.25
28/12/2024,24,117.34
29/12/2024,1,127.39
29/12/2024,2,114.09
29/12/2024,3,107.71
29/12/2024,4,101.7
29/12/2024,5,97.73
29/12/2024,6,98.61
29/12/2024,7,98.16
29/12/2024,8,101.97
29/12/2024,9,110.71
29/12/2024,10,115.86
29/12/2024,11,106.1
29/12/2024,12,102.46
29/12/2024,13,102.71
29/12/2024,14,100.8
29/12/2024,15,98.44
29/12/2024,16,124.3
29/12/2024,17,137.11
29/12/2024,18,110.83
29/12/2024,19,113.41
29/12/2024,20,113.93
29/12/2024,21,111.26
29/12/2024,22,114.52
29/12/2024,23,115.2
29/12/2024,24,92
30/12/2024,1,89.96
30/12/2024,2,95
30/12/2024,3,100.07
30/12/2024,4,94.67
30/12/2024,5,90.12
30/12/2024,6,68.83
30/12/2024,7,105.5
30/12/2024,8,117.33
30/12/2024,9,92.1
30/12/2024,10,122.6
30/12/2024,11,130
30/12/2024,12,117.11
30/12/2024,13,112
30/12/2024,14,130.69
30/12/2024,15,138.38
30/12/2024,16,130.4
30/12/2024,17,130
30/12/2024,18,142
30/12/2024,19,103.16
30/12/2024,20,134
30/12/2024,21,130.55
30/12/2024,22,103
30/12/2024,23,97.22
30/12/2024,24,98.4
31/12/2024,1,97.17
31/12/2024,2,90.83
31/12/2024,3,100.01
31/12/2024,4,99.51
31/12/2024,5,102.1
31/12/2024,6,107.06
31/12/2024,7,91.36
31/12/2024,8,105
31/12/2024,9,111.6
31/12/2024,10,129.49
31/12/2024,11,115.61
31/12/2024,12,105.21
31/12/2024,13,111.77
31/12/2024,14,120
31/12/2024,15,135
31/12/2024,16,162.08
31/12/2024,17,181.92
31/12/2024,18,170.18
31/12/2024,19,151.82
31/12/2024,20,120
31/12/2024,21,109.58
31/12/2024,22,70.01
31/12/2024,23,83.27
31/12/2024,24,83.27
