day,hour,cost
1/1/2019,1,8.5
1/1/2019,2,3.97
1/1/2019,3,4.7
1/1/2019,4,0.93
1/1/2019,5,3.9
1/1/2019,6,7.95
1/1/2019,7,11.7
1/1/2019,8,5.01
1/1/2019,9,1.01
1/1/2019,10,0.11
1/1/2019,11,14.8
1/1/2019,12,15.5
1/1/2019,13,16.5
1/1/2019,14,16
1/1/2019,15,19.53
1/1/2019,16,5
1/1/2019,17,20
1/1/2019,18,16.74
1/1/2019,19,22.14
1/1/2019,20,23.27
1/1/2019,21,23
1/1/2019,22,20
1/1/2019,23,18
1/1/2019,24,-0.99
2/1/2019,1,1
2/1/2019,2,-2
2/1/2019,3,-3.48
2/1/2019,4,-7
2/1/2019,5,-7.85
2/1/2019,6,10.75
2/1/2019,7,33.4
2/1/2019,8,49.1
2/1/2019,9,46.25
2/1/2019,10,49.97
2/1/2019,11,45.5
2/1/2019,12,46.3
2/1/2019,13,47.5
2/1/2019,14,49
2/1/2019,15,49.9
2/1/2019,16,57.4
2/1/2019,17,60
2/1/2019,18,61.28
2/1/2019,19,59.9
2/1/2019,20,61.19
2/1/2019,21,59.98
2/1/2019,22,52.75
2/1/2019,23,51.25
2/1/2019,24,41
3/1/2019,1,43
3/1/2019,2,42.99
3/1/2019,3,42.11
3/1/2019,4,42.05
3/1/2019,5,43.17
3/1/2019,6,45.59
3/1/2019,7,48.86
3/1/2019,8,60.5
3/1/2019,9,65.21
3/1/2019,10,63.5
3/1/2019,11,62.33
3/1/2019,12,62.71
3/1/2019,13,64.4
3/1/2019,14,65.22
3/1/2019,15,66.54
3/1/2019,16,68.3
3/1/2019,17,70.63
3/1/2019,18,73
3/1/2019,19,73.42
3/1/2019,20,71.48
3/1/2019,21,69.5
3/1/2019,22,63
3/1/2019,23,58
3/1/2019,24,51.08
4/1/2019,1,48.9
4/1/2019,2,46.2
4/1/2019,3,45.51
4/1/2019,4,46.06
4/1/2019,5,45.32
4/1/2019,6,45.6
4/1/2019,7,51.89
4/1/2019,8,59.08
4/1/2019,9,60.77
4/1/2019,10,61.56
4/1/2019,11,60
4/1/2019,12,60
4/1/2019,13,60
4/1/2019,14,60.38
4/1/2019,15,62.4
4/1/2019,16,63.43
4/1/2019,17,64.31
4/1/2019,18,67.53
4/1/2019,19,59
4/1/2019,20,52.32
4/1/2019,21,46.99
4/1/2019,22,40.84
4/1/2019,23,39.15
4/1/2019,24,31.07
5/1/2019,1,28.1
5/1/2019,2,26.87
5/1/2019,3,29.13
5/1/2019,4,26.33
5/1/2019,5,25.72
5/1/2019,6,23.48
5/1/2019,7,26.26
5/1/2019,8,27
5/1/2019,9,35.89
5/1/2019,10,50.52
5/1/2019,11,53.56
5/1/2019,12,54.37
5/1/2019,13,52.99
5/1/2019,14,52
5/1/2019,15,50.5
5/1/2019,16,51.7
5/1/2019,17,54.5
5/1/2019,18,58
5/1/2019,19,59.7
5/1/2019,20,59
5/1/2019,21,55
5/1/2019,22,50.5
5/1/2019,23,49.25
5/1/2019,24,43.06
6/1/2019,1,43.57
6/1/2019,2,43
6/1/2019,3,42.5
6/1/2019,4,42.83
6/1/2019,5,40.5
6/1/2019,6,40.7
6/1/2019,7,42.62
6/1/2019,8,42.64
6/1/2019,9,47.89
6/1/2019,10,53.05
6/1/2019,11,55.59
6/1/2019,12,57.52
6/1/2019,13,57.92
6/1/2019,14,56.82
6/1/2019,15,53.93
6/1/2019,16,54.28
6/1/2019,17,57.59
6/1/2019,18,62.4
6/1/2019,19,67
6/1/2019,20,64.89
6/1/2019,21,61.85
6/1/2019,22,56
6/1/2019,23,54.89
6/1/2019,24,50
7/1/2019,1,49.01
7/1/2019,2,48.46
7/1/2019,3,46.6
7/1/2019,4,46.02
7/1/2019,5,47
7/1/2019,6,50.52
7/1/2019,7,62
7/1/2019,8,71.1
7/1/2019,9,74.83
7/1/2019,10,75.09
7/1/2019,11,75.23
7/1/2019,12,75.45
7/1/2019,13,73.91
7/1/2019,14,72
7/1/2019,15,72
7/1/2019,16,72.99
7/1/2019,17,71
7/1/2019,18,71
7/1/2019,19,65
7/1/2019,20,61.31
7/1/2019,21,48.73
7/1/2019,22,52
7/1/2019,23,58.3
7/1/2019,24,40.7
8/1/2019,1,40.7
8/1/2019,2,41.5
8/1/2019,3,41
8/1/2019,4,39.76
8/1/2019,5,37.14
8/1/2019,6,47.01
8/1/2019,7,51.86
8/1/2019,8,66.97
8/1/2019,9,64
8/1/2019,10,68.16
8/1/2019,11,66
8/1/2019,12,66.38
8/1/2019,13,66
8/1/2019,14,65.72
8/1/2019,15,63.9
8/1/2019,16,63.9
8/1/2019,17,69
8/1/2019,18,68
8/1/2019,19,63
8/1/2019,20,62.5
8/1/2019,21,58.61
8/1/2019,22,48.98
8/1/2019,23,45.81
8/1/2019,24,45
9/1/2019,1,31.01
9/1/2019,2,34.96
9/1/2019,3,29.98
9/1/2019,4,29.16
9/1/2019,5,35.01
9/1/2019,6,43.1
9/1/2019,7,57.5
9/1/2019,8,67.43
9/1/2019,9,68.49
9/1/2019,10,69.88
9/1/2019,11,70.48
9/1/2019,12,68.1
9/1/2019,13,70.92
9/1/2019,14,70.33
9/1/2019,15,70
9/1/2019,16,70
9/1/2019,17,72.04
9/1/2019,18,73
9/1/2019,19,69.47
9/1/2019,20,66.23
9/1/2019,21,62.68
9/1/2019,22,50
9/1/2019,23,50.01
9/1/2019,24,46.78
10/1/2019,1,48
10/1/2019,2,48.07
10/1/2019,3,46
10/1/2019,4,47
10/1/2019,5,48.36
10/1/2019,6,51.7
10/1/2019,7,60.79
10/1/2019,8,72.5
10/1/2019,9,79
10/1/2019,10,79.2
10/1/2019,11,77.8
10/1/2019,12,76.7
10/1/2019,13,75.69
10/1/2019,14,75
10/1/2019,15,75.11
10/1/2019,16,76.05
10/1/2019,17,78.3
10/1/2019,18,83.8
10/1/2019,19,82.11
10/1/2019,20,78.93
10/1/2019,21,74.73
10/1/2019,22,68
10/1/2019,23,62.51
10/1/2019,24,56.1
11/1/2019,1,51.69
11/1/2019,2,50.97
11/1/2019,3,49.1
11/1/2019,4,48.22
11/1/2019,5,48.07
11/1/2019,6,49.77
11/1/2019,7,57.8
11/1/2019,8,66.96
11/1/2019,9,69.01
11/1/2019,10,69.07
11/1/2019,11,67
11/1/2019,12,64
11/1/2019,13,65.6
11/1/2019,14,64.9
11/1/2019,15,63.15
11/1/2019,16,67.99
11/1/2019,17,64.11
11/1/2019,18,66.96
11/1/2019,19,64.15
11/1/2019,20,58.93
11/1/2019,21,51.42
11/1/2019,22,49.73
11/1/2019,23,47.61
11/1/2019,24,39.36
12/1/2019,1,42.01
12/1/2019,2,40.6
12/1/2019,3,40
12/1/2019,4,38.66
12/1/2019,5,38.44
12/1/2019,6,40.8
12/1/2019,7,40.71
12/1/2019,8,44.92
12/1/2019,9,46.76
12/1/2019,10,51.34
12/1/2019,11,51.31
12/1/2019,12,51
12/1/2019,13,54.59
12/1/2019,14,54
12/1/2019,15,55.1
12/1/2019,16,57.03
12/1/2019,17,59.66
12/1/2019,18,60.6
12/1/2019,19,59
12/1/2019,20,54
12/1/2019,21,50.34
12/1/2019,22,40.8
12/1/2019,23,35.1
12/1/2019,24,30.48
13/1/2019,1,23.06
13/1/2019,2,23.26
13/1/2019,3,21.98
13/1/2019,4,23.16
13/1/2019,5,21
13/1/2019,6,20.05
13/1/2019,7,20
13/1/2019,8,20
13/1/2019,9,27.42
13/1/2019,10,42
13/1/2019,11,50
13/1/2019,12,46.23
13/1/2019,13,46
13/1/2019,14,49.6
13/1/2019,15,52.09
13/1/2019,16,50.1
13/1/2019,17,56
13/1/2019,18,56.84
13/1/2019,19,55
13/1/2019,20,54.68
13/1/2019,21,52.53
13/1/2019,22,49
13/1/2019,23,45.51
13/1/2019,24,40.2
14/1/2019,1,32
14/1/2019,2,31
14/1/2019,3,26.5
14/1/2019,4,26
14/1/2019,5,27
14/1/2019,6,35.1
14/1/2019,7,44.82
14/1/2019,8,56.85
14/1/2019,9,55
14/1/2019,10,57
14/1/2019,11,55.5
14/1/2019,12,55.81
14/1/2019,13,57
14/1/2019,14,57
14/1/2019,15,55.51
14/1/2019,16,57
14/1/2019,17,59
14/1/2019,18,60.64
14/1/2019,19,56.2
14/1/2019,20,55.9
14/1/2019,21,53.5
14/1/2019,22,48.82
14/1/2019,23,42.7
14/1/2019,24,39
15/1/2019,1,37.39
15/1/2019,2,35.1
15/1/2019,3,32.76
15/1/2019,4,31.49
15/1/2019,5,31.34
15/1/2019,6,37.5
15/1/2019,7,47.7
15/1/2019,8,56.01
15/1/2019,9,59
15/1/2019,10,60.85
15/1/2019,11,61
15/1/2019,12,59
15/1/2019,13,59.26
15/1/2019,14,60.13
15/1/2019,15,58
15/1/2019,16,60.99
15/1/2019,17,61.51
15/1/2019,18,60
15/1/2019,19,58.17
15/1/2019,20,56.45
15/1/2019,21,52
15/1/2019,22,45.37
15/1/2019,23,40.03
15/1/2019,24,30.69
16/1/2019,1,29.73
16/1/2019,2,29.13
16/1/2019,3,29.28
16/1/2019,4,30.02
16/1/2019,5,32.29
16/1/2019,6,34.85
16/1/2019,7,49.1
16/1/2019,8,55.48
16/1/2019,9,58.6
16/1/2019,10,59.3
16/1/2019,11,59.06
16/1/2019,12,56.35
16/1/2019,13,55.37
16/1/2019,14,58.36
16/1/2019,15,54.78
16/1/2019,16,56.01
16/1/2019,17,59.01
16/1/2019,18,61.7
16/1/2019,19,58.01
16/1/2019,20,55
16/1/2019,21,46.05
16/1/2019,22,44.9
16/1/2019,23,41.01
16/1/2019,24,33.9
17/1/2019,1,38.9
17/1/2019,2,32.65
17/1/2019,3,28.32
17/1/2019,4,28.9
17/1/2019,5,30.34
17/1/2019,6,39.23
17/1/2019,7,48
17/1/2019,8,51.2
17/1/2019,9,51.5
17/1/2019,10,51.94
17/1/2019,11,52
17/1/2019,12,50.58
17/1/2019,13,50.62
17/1/2019,14,51.29
17/1/2019,15,56
17/1/2019,16,58
17/1/2019,17,57.56
17/1/2019,18,60.44
17/1/2019,19,57.98
17/1/2019,20,56
17/1/2019,21,53
17/1/2019,22,50
17/1/2019,23,50
17/1/2019,24,40.9
18/1/2019,1,45.9
18/1/2019,2,45.3
18/1/2019,3,45.85
18/1/2019,4,45
18/1/2019,5,44.59
18/1/2019,6,47.92
18/1/2019,7,54
18/1/2019,8,71.8
18/1/2019,9,77
18/1/2019,10,76
18/1/2019,11,74.95
18/1/2019,12,72.97
18/1/2019,13,70.69
18/1/2019,14,69.41
18/1/2019,15,69.94
18/1/2019,16,71.51
18/1/2019,17,73.8
18/1/2019,18,80.72
18/1/2019,19,79.83
18/1/2019,20,73.04
18/1/2019,21,69.06
18/1/2019,22,61.7
18/1/2019,23,56.13
18/1/2019,24,50.7
19/1/2019,1,50.7
19/1/2019,2,50.01
19/1/2019,3,52
19/1/2019,4,51.5
19/1/2019,5,51.68
19/1/2019,6,51.5
19/1/2019,7,53.5
19/1/2019,8,55.12
19/1/2019,9,59.2
19/1/2019,10,61.5
19/1/2019,11,61.97
19/1/2019,12,61
19/1/2019,13,59.5
19/1/2019,14,57.89
19/1/2019,15,55.57
19/1/2019,16,58.67
19/1/2019,17,62.9
19/1/2019,18,68.42
19/1/2019,19,69.35
19/1/2019,20,64.13
19/1/2019,21,58.5
19/1/2019,22,54.2
19/1/2019,23,53
19/1/2019,24,51
20/1/2019,1,52.17
20/1/2019,2,50.5
20/1/2019,3,51.17
20/1/2019,4,49.37
20/1/2019,5,49.65
20/1/2019,6,50
20/1/2019,7,49.69
20/1/2019,8,51.07
20/1/2019,9,54.1
20/1/2019,10,56.6
20/1/2019,11,56
20/1/2019,12,55.5
20/1/2019,13,55.23
20/1/2019,14,54
20/1/2019,15,54.93
20/1/2019,16,55.63
20/1/2019,17,58.98
20/1/2019,18,68
20/1/2019,19,70.8
20/1/2019,20,69.5
20/1/2019,21,65
20/1/2019,22,61
20/1/2019,23,60
20/1/2019,24,54
21/1/2019,1,53
21/1/2019,2,52
21/1/2019,3,52
21/1/2019,4,51
21/1/2019,5,51.29
21/1/2019,6,55
21/1/2019,7,74.1
21/1/2019,8,88.02
21/1/2019,9,95
21/1/2019,10,91.95
21/1/2019,11,85.43
21/1/2019,12,78.83
21/1/2019,13,73.56
21/1/2019,14,74.37
21/1/2019,15,77.59
21/1/2019,16,82
21/1/2019,17,87.54
21/1/2019,18,93
21/1/2019,19,92.5
21/1/2019,20,87.22
21/1/2019,21,78.27
21/1/2019,22,69
21/1/2019,23,62.5
21/1/2019,24,55
22/1/2019,1,54.3
22/1/2019,2,54.25
22/1/2019,3,53.15
22/1/2019,4,52.45
22/1/2019,5,52.99
22/1/2019,6,54.31
22/1/2019,7,66.62
22/1/2019,8,77.55
22/1/2019,9,78.65
22/1/2019,10,74.4
22/1/2019,11,71
22/1/2019,12,69
22/1/2019,13,64.95
22/1/2019,14,73
22/1/2019,15,71
22/1/2019,16,67.48
22/1/2019,17,68.9
22/1/2019,18,81.98
22/1/2019,19,75.73
22/1/2019,20,76
22/1/2019,21,67.8
22/1/2019,22,57
22/1/2019,23,56
22/1/2019,24,54.06
23/1/2019,1,54.5
23/1/2019,2,54
23/1/2019,3,52.99
23/1/2019,4,52.69
23/1/2019,5,53.5
23/1/2019,6,56
23/1/2019,7,72.97
23/1/2019,8,83.8
23/1/2019,9,90.23
23/1/2019,10,88
23/1/2019,11,84.12
23/1/2019,12,82.5
23/1/2019,13,83
23/1/2019,14,86
23/1/2019,15,84
23/1/2019,16,83
23/1/2019,17,84.29
23/1/2019,18,90.37
23/1/2019,19,89
23/1/2019,20,83.7
23/1/2019,21,73.44
23/1/2019,22,66.91
23/1/2019,23,63.65
23/1/2019,24,57.37
24/1/2019,1,60.66
24/1/2019,2,59.5
24/1/2019,3,58
24/1/2019,4,56.5
24/1/2019,5,57.5
24/1/2019,6,60.5
24/1/2019,7,76.99
24/1/2019,8,98.79
24/1/2019,9,106.4
24/1/2019,10,105.08
24/1/2019,11,100
24/1/2019,12,98.01
24/1/2019,13,93
24/1/2019,14,91.84
24/1/2019,15,90.7
24/1/2019,16,92.39
24/1/2019,17,96
24/1/2019,18,106.06
24/1/2019,19,109.3
24/1/2019,20,102.15
24/1/2019,21,86.01
24/1/2019,22,74.09
24/1/2019,23,68.87
24/1/2019,24,61
25/1/2019,1,60.8
25/1/2019,2,59.5
25/1/2019,3,58.58
25/1/2019,4,56.55
25/1/2019,5,57.63
25/1/2019,6,60.7
25/1/2019,7,71.98
25/1/2019,8,91
25/1/2019,9,98.83
25/1/2019,10,96.81
25/1/2019,11,89.99
25/1/2019,12,84.43
25/1/2019,13,79.9
25/1/2019,14,75.33
25/1/2019,15,72.21
25/1/2019,16,71.8
25/1/2019,17,72.5
25/1/2019,18,76
25/1/2019,19,76.2
25/1/2019,20,67.81
25/1/2019,21,56.84
25/1/2019,22,49.2
25/1/2019,23,49.37
25/1/2019,24,42.76
26/1/2019,1,44.59
26/1/2019,2,42.07
26/1/2019,3,41.94
26/1/2019,4,40.16
26/1/2019,5,40.1
26/1/2019,6,41.94
26/1/2019,7,45.69
26/1/2019,8,51.01
26/1/2019,9,56.5
26/1/2019,10,61
26/1/2019,11,63
26/1/2019,12,63.09
26/1/2019,13,62.26
26/1/2019,14,59.82
26/1/2019,15,55.01
26/1/2019,16,53.56
26/1/2019,17,55
26/1/2019,18,60.47
26/1/2019,19,61.12
26/1/2019,20,55.76
26/1/2019,21,51.01
26/1/2019,22,47.63
26/1/2019,23,45
26/1/2019,24,40.7
27/1/2019,1,33.3
27/1/2019,2,29
27/1/2019,3,29.1
27/1/2019,4,25.55
27/1/2019,5,25
27/1/2019,6,25.16
27/1/2019,7,26.92
27/1/2019,8,27.58
27/1/2019,9,32.38
27/1/2019,10,41.16
27/1/2019,11,45
27/1/2019,12,45
27/1/2019,13,45
27/1/2019,14,44.11
27/1/2019,15,44.42
27/1/2019,16,42.63
27/1/2019,17,45
27/1/2019,18,49.1
27/1/2019,19,54.51
27/1/2019,20,55.13
27/1/2019,21,52.5
27/1/2019,22,48.65
27/1/2019,23,49
27/1/2019,24,44.2
28/1/2019,1,39.7
28/1/2019,2,38.5
28/1/2019,3,37.2
28/1/2019,4,36.6
28/1/2019,5,37.81
28/1/2019,6,41
28/1/2019,7,56
28/1/2019,8,63
28/1/2019,9,65.82
28/1/2019,10,70
28/1/2019,11,68.31
28/1/2019,12,67
28/1/2019,13,64.8
28/1/2019,14,63.61
28/1/2019,15,63.11
28/1/2019,16,63.1
28/1/2019,17,64.95
28/1/2019,18,66.5
28/1/2019,19,65
28/1/2019,20,65
28/1/2019,21,59.23
28/1/2019,22,55
28/1/2019,23,52.4
28/1/2019,24,48.08
29/1/2019,1,47.7
29/1/2019,2,45.5
29/1/2019,3,44.67
29/1/2019,4,43.8
29/1/2019,5,44.77
29/1/2019,6,49.61
29/1/2019,7,59.8
29/1/2019,8,71.75
29/1/2019,9,73.9
29/1/2019,10,74.5
29/1/2019,11,71.9
29/1/2019,12,70.75
29/1/2019,13,70.25
29/1/2019,14,70.25
29/1/2019,15,67.25
29/1/2019,16,68
29/1/2019,17,70.43
29/1/2019,18,77.99
29/1/2019,19,75.71
29/1/2019,20,71.82
29/1/2019,21,66.25
29/1/2019,22,58.8
29/1/2019,23,54.35
29/1/2019,24,51.75
30/1/2019,1,50.61
30/1/2019,2,49.55
30/1/2019,3,47.91
30/1/2019,4,46.4
30/1/2019,5,46.5
30/1/2019,6,51
30/1/2019,7,63.93
30/1/2019,8,70.95
30/1/2019,9,71.56
30/1/2019,10,73.05
30/1/2019,11,72
30/1/2019,12,69.92
30/1/2019,13,67.14
30/1/2019,14,66.19
30/1/2019,15,67.25
30/1/2019,16,68
30/1/2019,17,68.47
30/1/2019,18,71.03
30/1/2019,19,68
30/1/2019,20,67.98
30/1/2019,21,66.6
30/1/2019,22,56.5
30/1/2019,23,54.24
30/1/2019,24,49.5
31/1/2019,1,46.6
31/1/2019,2,46.69
31/1/2019,3,46.9
31/1/2019,4,45.21
31/1/2019,5,46
31/1/2019,6,49.4
31/1/2019,7,60.7
31/1/2019,8,72.3
31/1/2019,9,76.88
31/1/2019,10,75.69
31/1/2019,11,73.15
31/1/2019,12,70.08
31/1/2019,13,68.8
31/1/2019,14,67.92
31/1/2019,15,68.27
31/1/2019,16,68.17
31/1/2019,17,69
31/1/2019,18,71
31/1/2019,19,73
31/1/2019,20,69
31/1/2019,21,65
31/1/2019,22,54
31/1/2019,23,50.99
31/1/2019,24,46.49
1/2/2019,1,43.4
1/2/2019,2,42.67
1/2/2019,3,41.2
1/2/2019,4,40.39
1/2/2019,5,40.36
1/2/2019,6,43.58
1/2/2019,7,53.36
1/2/2019,8,62.29
1/2/2019,9,63.93
1/2/2019,10,64.83
1/2/2019,11,63.64
1/2/2019,12,63.64
1/2/2019,13,63.52
1/2/2019,14,62.01
1/2/2019,15,61.31
1/2/2019,16,60.25
1/2/2019,17,61.36
1/2/2019,18,63.5
1/2/2019,19,65.01
1/2/2019,20,63.64
1/2/2019,21,58.89
1/2/2019,22,52.12
1/2/2019,23,52.63
1/2/2019,24,49.01
2/2/2019,1,48.15
2/2/2019,2,46.01
2/2/2019,3,45.18
2/2/2019,4,43.41
2/2/2019,5,43.01
2/2/2019,6,44.1
2/2/2019,7,43.8
2/2/2019,8,46.7
2/2/2019,9,52.4
2/2/2019,10,56.65
2/2/2019,11,58.2
2/2/2019,12,58.15
2/2/2019,13,56.34
2/2/2019,14,54.11
2/2/2019,15,50.43
2/2/2019,16,50.74
2/2/2019,17,52.4
2/2/2019,18,58.01
2/2/2019,19,60.85
2/2/2019,20,58.5
2/2/2019,21,54.2
2/2/2019,22,50.85
2/2/2019,23,49.5
2/2/2019,24,47.3
3/2/2019,1,41.6
3/2/2019,2,38.37
3/2/2019,3,36.38
3/2/2019,4,34.77
3/2/2019,5,34.57
3/2/2019,6,35
3/2/2019,7,35
3/2/2019,8,38.21
3/2/2019,9,42
3/2/2019,10,47.27
3/2/2019,11,50.32
3/2/2019,12,51
3/2/2019,13,48.19
3/2/2019,14,44.54
3/2/2019,15,42.67
3/2/2019,16,42.59
3/2/2019,17,44.21
3/2/2019,18,52.19
3/2/2019,19,56.6
3/2/2019,20,56.5
3/2/2019,21,53.06
3/2/2019,22,48.5
3/2/2019,23,46
3/2/2019,24,40.7
4/2/2019,1,38.01
4/2/2019,2,37.51
4/2/2019,3,37.51
4/2/2019,4,36.07
4/2/2019,5,37.01
4/2/2019,6,42.35
4/2/2019,7,51.9
4/2/2019,8,59
4/2/2019,9,60.76
4/2/2019,10,60
4/2/2019,11,56.58
4/2/2019,12,53.34
4/2/2019,13,50.64
4/2/2019,14,51.32
4/2/2019,15,50.09
4/2/2019,16,52
4/2/2019,17,58
4/2/2019,18,60.88
4/2/2019,19,58
4/2/2019,20,55
4/2/2019,21,51
4/2/2019,22,46
4/2/2019,23,42.89
4/2/2019,24,38
5/2/2019,1,35
5/2/2019,2,34.93
5/2/2019,3,33.69
5/2/2019,4,35
5/2/2019,5,35.85
5/2/2019,6,40.12
5/2/2019,7,53.49
5/2/2019,8,66.6
5/2/2019,9,66.77
5/2/2019,10,66.5
5/2/2019,11,65
5/2/2019,12,63
5/2/2019,13,61
5/2/2019,14,61.1
5/2/2019,15,61
5/2/2019,16,61.21
5/2/2019,17,64.86
5/2/2019,18,66.1
5/2/2019,19,69.7
5/2/2019,20,66
5/2/2019,21,61.46
5/2/2019,22,55.64
5/2/2019,23,51.28
5/2/2019,24,46.65
6/2/2019,1,43.1
6/2/2019,2,42.5
6/2/2019,3,41.69
6/2/2019,4,40.6
6/2/2019,5,40.61
6/2/2019,6,43.2
6/2/2019,7,51.9
6/2/2019,8,61.01
6/2/2019,9,63
6/2/2019,10,62.16
6/2/2019,11,59.31
6/2/2019,12,55.81
6/2/2019,13,53.28
6/2/2019,14,53
6/2/2019,15,54.62
6/2/2019,16,55.39
6/2/2019,17,58
6/2/2019,18,61.38
6/2/2019,19,63.92
6/2/2019,20,61.13
6/2/2019,21,56.91
6/2/2019,22,49.5
6/2/2019,23,47.18
6/2/2019,24,43.09
7/2/2019,1,42.17
7/2/2019,2,40.66
7/2/2019,3,39
7/2/2019,4,37.17
7/2/2019,5,36.55
7/2/2019,6,40.38
7/2/2019,7,44.98
7/2/2019,8,55
7/2/2019,9,54.15
7/2/2019,10,52
7/2/2019,11,45.68
7/2/2019,12,42.88
7/2/2019,13,41.99
7/2/2019,14,42.8
7/2/2019,15,49.65
7/2/2019,16,52.71
7/2/2019,17,54
7/2/2019,18,59.3
7/2/2019,19,57.37
7/2/2019,20,55.6
7/2/2019,21,49.3
7/2/2019,22,46
7/2/2019,23,42.41
7/2/2019,24,34.34
8/2/2019,1,35.32
8/2/2019,2,32.62
8/2/2019,3,31
8/2/2019,4,29.11
8/2/2019,5,31.67
8/2/2019,6,38.94
8/2/2019,7,49.15
8/2/2019,8,56.39
8/2/2019,9,56.7
8/2/2019,10,57.89
8/2/2019,11,56.79
8/2/2019,12,55
8/2/2019,13,53.12
8/2/2019,14,53
8/2/2019,15,53.5
8/2/2019,16,56
8/2/2019,17,56.2
8/2/2019,18,56
8/2/2019,19,53.99
8/2/2019,20,55.73
8/2/2019,21,52.6
8/2/2019,22,47.33
8/2/2019,23,42.51
8/2/2019,24,33
9/2/2019,1,34.41
9/2/2019,2,29.04
9/2/2019,3,26.48
9/2/2019,4,23.74
9/2/2019,5,26.42
9/2/2019,6,29.33
9/2/2019,7,32.08
9/2/2019,8,37.81
9/2/2019,9,45.3
9/2/2019,10,51.76
9/2/2019,11,51.7
9/2/2019,12,50
9/2/2019,13,48.48
9/2/2019,14,45.54
9/2/2019,15,43.69
9/2/2019,16,45.37
9/2/2019,17,50.8
9/2/2019,18,55.5
9/2/2019,19,53.16
9/2/2019,20,49.5
9/2/2019,21,47.03
9/2/2019,22,38.5
9/2/2019,23,28
9/2/2019,24,18.52
10/2/2019,1,12.01
10/2/2019,2,12.01
10/2/2019,3,12.01
10/2/2019,4,14.51
10/2/2019,5,12.01
10/2/2019,6,12.01
10/2/2019,7,12.01
10/2/2019,8,18
10/2/2019,9,25.1
10/2/2019,10,32.76
10/2/2019,11,37.2
10/2/2019,12,36.7
10/2/2019,13,34.35
10/2/2019,14,31.85
10/2/2019,15,30.5
10/2/2019,16,28.2
10/2/2019,17,31.83
10/2/2019,18,36
10/2/2019,19,41.4
10/2/2019,20,38.02
10/2/2019,21,34.4
10/2/2019,22,26.55
10/2/2019,23,25.6
10/2/2019,24,22.67
11/2/2019,1,18.34
11/2/2019,2,17.6
11/2/2019,3,15.61
11/2/2019,4,15.39
11/2/2019,5,18.02
11/2/2019,6,27.7
11/2/2019,7,48.97
11/2/2019,8,53
11/2/2019,9,53.5
11/2/2019,10,54
11/2/2019,11,53.1
11/2/2019,12,53
11/2/2019,13,55
11/2/2019,14,55.6
11/2/2019,15,48.48
11/2/2019,16,49.08
11/2/2019,17,50.06
11/2/2019,18,47.13
11/2/2019,19,49.53
11/2/2019,20,49
11/2/2019,21,49
11/2/2019,22,44.5
11/2/2019,23,40.5
11/2/2019,24,32.11
12/2/2019,1,28.95
12/2/2019,2,29.1
12/2/2019,3,28.03
12/2/2019,4,28.46
12/2/2019,5,30.2
12/2/2019,6,36.61
12/2/2019,7,45.3
12/2/2019,8,53.01
12/2/2019,9,54
12/2/2019,10,53.17
12/2/2019,11,52.49
12/2/2019,12,51.17
12/2/2019,13,49.7
12/2/2019,14,48.69
12/2/2019,15,49.01
12/2/2019,16,50
12/2/2019,17,52.7
12/2/2019,18,54.33
12/2/2019,19,57.16
12/2/2019,20,56.12
12/2/2019,21,50.01
12/2/2019,22,46.3
12/2/2019,23,42.6
12/2/2019,24,40.87
13/2/2019,1,39.72
13/2/2019,2,38
13/2/2019,3,36.3
13/2/2019,4,35.53
13/2/2019,5,36.98
13/2/2019,6,40.07
13/2/2019,7,46.87
13/2/2019,8,53
13/2/2019,9,53.5
13/2/2019,10,51.6
13/2/2019,11,49.89
13/2/2019,12,51.31
13/2/2019,13,52
13/2/2019,14,48
13/2/2019,15,46.01
13/2/2019,16,47.55
13/2/2019,17,49.28
13/2/2019,18,55
13/2/2019,19,56.2
13/2/2019,20,53.98
13/2/2019,21,52.08
13/2/2019,22,46.8
13/2/2019,23,46.49
13/2/2019,24,43.5
14/2/2019,1,40.82
14/2/2019,2,40.12
14/2/2019,3,40
14/2/2019,4,39.5
14/2/2019,5,40.4
14/2/2019,6,43.67
14/2/2019,7,53.5
14/2/2019,8,59.9
14/2/2019,9,61.03
14/2/2019,10,56.7
14/2/2019,11,51.8
14/2/2019,12,49.5
14/2/2019,13,49.3
14/2/2019,14,48
14/2/2019,15,46.65
14/2/2019,16,48.8
14/2/2019,17,51.6
14/2/2019,18,57
14/2/2019,19,61.5
14/2/2019,20,60.42
14/2/2019,21,55.27
14/2/2019,22,50.32
14/2/2019,23,49.63
14/2/2019,24,44.5
15/2/2019,1,42.17
15/2/2019,2,41
15/2/2019,3,40.16
15/2/2019,4,39.32
15/2/2019,5,40.11
15/2/2019,6,43.26
15/2/2019,7,52.64
15/2/2019,8,59.49
15/2/2019,9,59.67
15/2/2019,10,54.81
15/2/2019,11,47.99
15/2/2019,12,43.2
15/2/2019,13,41.1
15/2/2019,14,40.39
15/2/2019,15,40.75
15/2/2019,16,42
15/2/2019,17,46.96
15/2/2019,18,53
15/2/2019,19,57
15/2/2019,20,54.5
15/2/2019,21,47.83
15/2/2019,22,42.79
15/2/2019,23,43.4
15/2/2019,24,39.17
16/2/2019,1,40.91
16/2/2019,2,38.48
16/2/2019,3,37
16/2/2019,4,36.36
16/2/2019,5,36.47
16/2/2019,6,37.04
16/2/2019,7,39.89
16/2/2019,8,44.8
16/2/2019,9,48.64
16/2/2019,10,49.97
16/2/2019,11,47.5
16/2/2019,12,44.71
16/2/2019,13,40.51
16/2/2019,14,34.9
16/2/2019,15,34.9
16/2/2019,16,38.92
16/2/2019,17,42.92
16/2/2019,18,52.5
16/2/2019,19,53.2
16/2/2019,20,51.2
16/2/2019,21,48.45
16/2/2019,22,43.39
16/2/2019,23,42.9
16/2/2019,24,38.5
17/2/2019,1,35.28
17/2/2019,2,34.9
17/2/2019,3,35
17/2/2019,4,34.9
17/2/2019,5,34.84
17/2/2019,6,34.5
17/2/2019,7,36.06
17/2/2019,8,38.39
17/2/2019,9,41
17/2/2019,10,40.42
17/2/2019,11,37.6
17/2/2019,12,35.65
17/2/2019,13,34.16
17/2/2019,14,32.3
17/2/2019,15,31.53
17/2/2019,16,34
17/2/2019,17,38.3
17/2/2019,18,46
17/2/2019,19,51.43
17/2/2019,20,50.58
17/2/2019,21,46.73
17/2/2019,22,43.4
17/2/2019,23,43.3
17/2/2019,24,40
18/2/2019,1,35.7
18/2/2019,2,35
18/2/2019,3,35
18/2/2019,4,34.2
18/2/2019,5,35
18/2/2019,6,38.91
18/2/2019,7,52
18/2/2019,8,60
18/2/2019,9,59.5
18/2/2019,10,53.8
18/2/2019,11,51.26
18/2/2019,12,44.42
18/2/2019,13,43.39
18/2/2019,14,42.95
18/2/2019,15,44.4
18/2/2019,16,46.5
18/2/2019,17,50.5
18/2/2019,18,55.81
18/2/2019,19,59.9
18/2/2019,20,60.07
18/2/2019,21,56
18/2/2019,22,48.51
18/2/2019,23,46.42
18/2/2019,24,41.61
19/2/2019,1,37.8
19/2/2019,2,36.61
19/2/2019,3,36.08
19/2/2019,4,35.7
19/2/2019,5,36.3
19/2/2019,6,37.78
19/2/2019,7,48.9
19/2/2019,8,56
19/2/2019,9,56
19/2/2019,10,56.56
19/2/2019,11,53
19/2/2019,12,50
19/2/2019,13,49.41
19/2/2019,14,48.33
19/2/2019,15,48.33
19/2/2019,16,49.08
19/2/2019,17,49.52
19/2/2019,18,49.62
19/2/2019,19,53.01
19/2/2019,20,52.88
19/2/2019,21,48.54
19/2/2019,22,43.15
19/2/2019,23,42.39
19/2/2019,24,37.56
20/2/2019,1,33.56
20/2/2019,2,33.51
20/2/2019,3,33.26
20/2/2019,4,33.01
20/2/2019,5,33.1
20/2/2019,6,37.05
20/2/2019,7,46.05
20/2/2019,8,52
20/2/2019,9,52
20/2/2019,10,50.14
20/2/2019,11,48.23
20/2/2019,12,44.9
20/2/2019,13,43.28
20/2/2019,14,42.91
20/2/2019,15,43
20/2/2019,16,44.3
20/2/2019,17,46.93
20/2/2019,18,50.45
20/2/2019,19,53.98
20/2/2019,20,52.92
20/2/2019,21,47.84
20/2/2019,22,41.33
20/2/2019,23,41.23
20/2/2019,24,37
21/2/2019,1,39.55
21/2/2019,2,38.7
21/2/2019,3,37.15
21/2/2019,4,36.06
21/2/2019,5,37.02
21/2/2019,6,39.72
21/2/2019,7,48
21/2/2019,8,54.54
21/2/2019,9,54.59
21/2/2019,10,49.29
21/2/2019,11,46.01
21/2/2019,12,48.96
21/2/2019,13,48.31
21/2/2019,14,47.85
21/2/2019,15,47.5
21/2/2019,16,48.27
21/2/2019,17,47.25
21/2/2019,18,51.25
21/2/2019,19,53.8
21/2/2019,20,53.72
21/2/2019,21,50.06
21/2/2019,22,44.03
21/2/2019,23,42.5
21/2/2019,24,39.25
22/2/2019,1,40.31
22/2/2019,2,39.64
22/2/2019,3,38.94
22/2/2019,4,38.7
22/2/2019,5,39.51
22/2/2019,6,41
22/2/2019,7,49.49
22/2/2019,8,55.2
22/2/2019,9,56.6
22/2/2019,10,54.9
22/2/2019,11,53.3
22/2/2019,12,51.04
22/2/2019,13,48.37
22/2/2019,14,46.65
22/2/2019,15,45.62
22/2/2019,16,46.49
22/2/2019,17,48
22/2/2019,18,51.51
22/2/2019,19,53.71
22/2/2019,20,51.95
22/2/2019,21,48
22/2/2019,22,42.48
22/2/2019,23,43.07
22/2/2019,24,39.75
23/2/2019,1,39
23/2/2019,2,38.31
23/2/2019,3,36.73
23/2/2019,4,36.85
23/2/2019,5,36.78
23/2/2019,6,36.95
23/2/2019,7,38.49
23/2/2019,8,42.12
23/2/2019,9,44.08
23/2/2019,10,42.77
23/2/2019,11,39.82
23/2/2019,12,38.76
23/2/2019,13,37.75
23/2/2019,14,37.14
23/2/2019,15,37.25
23/2/2019,16,38.88
23/2/2019,17,42.7
23/2/2019,18,49.25
23/2/2019,19,52.47
23/2/2019,20,51
23/2/2019,21,46.19
23/2/2019,22,41.44
23/2/2019,23,42.19
23/2/2019,24,40.11
24/2/2019,1,37.12
24/2/2019,2,35.95
24/2/2019,3,36.01
24/2/2019,4,35.7
24/2/2019,5,35.24
24/2/2019,6,35.58
24/2/2019,7,35.41
24/2/2019,8,37.46
24/2/2019,9,38.37
24/2/2019,10,39.5
24/2/2019,11,38.6
24/2/2019,12,37.98
24/2/2019,13,37
24/2/2019,14,35.7
24/2/2019,15,34.73
24/2/2019,16,35.57
24/2/2019,17,39.01
24/2/2019,18,46.16
24/2/2019,19,51.12
24/2/2019,20,51.5
24/2/2019,21,50
24/2/2019,22,44.98
24/2/2019,23,45.63
24/2/2019,24,41.9
25/2/2019,1,39.36
25/2/2019,2,38.38
25/2/2019,3,37.8
25/2/2019,4,37.58
25/2/2019,5,38
25/2/2019,6,40.97
25/2/2019,7,50.98
25/2/2019,8,57.14
25/2/2019,9,57.05
25/2/2019,10,52.22
25/2/2019,11,47.01
25/2/2019,12,42.86
25/2/2019,13,40.53
25/2/2019,14,40.53
25/2/2019,15,40.4
25/2/2019,16,42.27
25/2/2019,17,45.9
25/2/2019,18,50.41
25/2/2019,19,55.05
25/2/2019,20,53.04
25/2/2019,21,50.55
25/2/2019,22,45.44
25/2/2019,23,45.17
25/2/2019,24,41.85
26/2/2019,1,35.52
26/2/2019,2,35.63
26/2/2019,3,35.61
26/2/2019,4,35.07
26/2/2019,5,34.75
26/2/2019,6,36.97
26/2/2019,7,47.05
26/2/2019,8,53.54
26/2/2019,9,52.6
26/2/2019,10,48.32
26/2/2019,11,42.95
26/2/2019,12,39.2
26/2/2019,13,38.03
26/2/2019,14,37.4
26/2/2019,15,37.3
26/2/2019,16,40.6
26/2/2019,17,43.71
26/2/2019,18,50.74
26/2/2019,19,55.34
26/2/2019,20,54.48
26/2/2019,21,50.8
26/2/2019,22,45.18
26/2/2019,23,43.64
26/2/2019,24,40.7
27/2/2019,1,39.75
27/2/2019,2,39.01
27/2/2019,3,38.5
27/2/2019,4,38.5
27/2/2019,5,38.5
27/2/2019,6,41.99
27/2/2019,7,51.42
27/2/2019,8,55.5
27/2/2019,9,53.63
27/2/2019,10,49.4
27/2/2019,11,44.2
27/2/2019,12,40.39
27/2/2019,13,38.63
27/2/2019,14,38.11
27/2/2019,15,38.5
27/2/2019,16,39.6
27/2/2019,17,43.79
27/2/2019,18,50.3
27/2/2019,19,53.2
27/2/2019,20,52.6
27/2/2019,21,48.12
27/2/2019,22,42
27/2/2019,23,40.36
27/2/2019,24,36.54
28/2/2019,1,32.61
28/2/2019,2,31.6
28/2/2019,3,30.6
28/2/2019,4,29.92
28/2/2019,5,31.8
28/2/2019,6,33.9
28/2/2019,7,42.6
28/2/2019,8,49.32
28/2/2019,9,47.99
28/2/2019,10,43.66
28/2/2019,11,40.5
28/2/2019,12,37.59
28/2/2019,13,36.32
28/2/2019,14,35.97
28/2/2019,15,36.5
28/2/2019,16,37.64
28/2/2019,17,40.33
28/2/2019,18,46.33
28/2/2019,19,51
28/2/2019,20,51.97
28/2/2019,21,48.2
28/2/2019,22,44.15
28/2/2019,23,42.86
28/2/2019,24,39.98
1/3/2019,1,37.84
1/3/2019,2,36.64
1/3/2019,3,36.3
1/3/2019,4,35.8
1/3/2019,5,36.62
1/3/2019,6,38.6
1/3/2019,7,46.04
1/3/2019,8,53.25
1/3/2019,9,53.17
1/3/2019,10,51.63
1/3/2019,11,50.38
1/3/2019,12,48.3
1/3/2019,13,46.4
1/3/2019,14,44.82
1/3/2019,15,44.1
1/3/2019,16,44.4
1/3/2019,17,45.85
1/3/2019,18,50.45
1/3/2019,19,55.1
1/3/2019,20,54.3
1/3/2019,21,51.6
1/3/2019,22,47.84
1/3/2019,23,46.14
1/3/2019,24,43.92
2/3/2019,1,42.6
2/3/2019,2,40.2
2/3/2019,3,39.64
2/3/2019,4,38.36
2/3/2019,5,38.17
2/3/2019,6,38.99
2/3/2019,7,40.3
2/3/2019,8,43.36
2/3/2019,9,46.46
2/3/2019,10,46.5
2/3/2019,11,46.48
2/3/2019,12,45.06
2/3/2019,13,42.39
2/3/2019,14,40.14
2/3/2019,15,38.7
2/3/2019,16,38.33
2/3/2019,17,39.88
2/3/2019,18,42.8
2/3/2019,19,46.12
2/3/2019,20,45
2/3/2019,21,38.63
2/3/2019,22,33.1
2/3/2019,23,30.84
2/3/2019,24,23.31
3/3/2019,1,16.3
3/3/2019,2,14.3
3/3/2019,3,10.21
3/3/2019,4,12.38
3/3/2019,5,9.82
3/3/2019,6,10.72
3/3/2019,7,14.16
3/3/2019,8,13.71
3/3/2019,9,23.99
3/3/2019,10,31.98
3/3/2019,11,31.82
3/3/2019,12,28.04
3/3/2019,13,24
3/3/2019,14,22.04
3/3/2019,15,21.07
3/3/2019,16,21.25
3/3/2019,17,22.13
3/3/2019,18,28.25
3/3/2019,19,35.3
3/3/2019,20,36
3/3/2019,21,31.37
3/3/2019,22,27
3/3/2019,23,23.7
3/3/2019,24,20.08
4/3/2019,1,18.8
4/3/2019,2,5.96
4/3/2019,3,2.48
4/3/2019,4,1.02
4/3/2019,5,2.2
4/3/2019,6,18.19
4/3/2019,7,38.8
4/3/2019,8,39
4/3/2019,9,41
4/3/2019,10,35
4/3/2019,11,22.83
4/3/2019,12,20
4/3/2019,13,18.21
4/3/2019,14,21.05
4/3/2019,15,22.51
4/3/2019,16,23.7
4/3/2019,17,25
4/3/2019,18,35
4/3/2019,19,38.8
4/3/2019,20,39.17
4/3/2019,21,35
4/3/2019,22,28.2
4/3/2019,23,24.81
4/3/2019,24,19.2
5/3/2019,1,5.5
5/3/2019,2,5.01
5/3/2019,3,2
5/3/2019,4,1
5/3/2019,5,5
5/3/2019,6,22.92
5/3/2019,7,42.26
5/3/2019,8,46.44
5/3/2019,9,43.74
5/3/2019,10,38.6
5/3/2019,11,38.57
5/3/2019,12,38.69
5/3/2019,13,37.03
5/3/2019,14,32.4
5/3/2019,15,30.87
5/3/2019,16,32.4
5/3/2019,17,38.42
5/3/2019,18,46.01
5/3/2019,19,51.87
5/3/2019,20,54.43
5/3/2019,21,49.5
5/3/2019,22,43.06
5/3/2019,23,42.5
5/3/2019,24,37.88
6/3/2019,1,37
6/3/2019,2,36.78
6/3/2019,3,35.44
6/3/2019,4,33.75
6/3/2019,5,36
6/3/2019,6,38.13
6/3/2019,7,44.09
6/3/2019,8,50
6/3/2019,9,48.8
6/3/2019,10,44.23
6/3/2019,11,40.5
6/3/2019,12,38.01
6/3/2019,13,35.79
6/3/2019,14,35.29
6/3/2019,15,35
6/3/2019,16,38.01
6/3/2019,17,38.8
6/3/2019,18,42
6/3/2019,19,46
6/3/2019,20,46.7
6/3/2019,21,42.01
6/3/2019,22,36.01
6/3/2019,23,33.75
6/3/2019,24,29.7
7/3/2019,1,26.01
7/3/2019,2,24.32
7/3/2019,3,24.4
7/3/2019,4,23.24
7/3/2019,5,23.99
7/3/2019,6,26.54
7/3/2019,7,37.72
7/3/2019,8,42
7/3/2019,9,42.55
7/3/2019,10,38.16
7/3/2019,11,32.9
7/3/2019,12,29.89
7/3/2019,13,27.24
7/3/2019,14,26.51
7/3/2019,15,26
7/3/2019,16,26.16
7/3/2019,17,27.12
7/3/2019,18,32.53
7/3/2019,19,41.4
7/3/2019,20,41.23
7/3/2019,21,33.5
7/3/2019,22,25.37
7/3/2019,23,22.2
7/3/2019,24,9.9
8/3/2019,1,0.01
8/3/2019,2,0.5
8/3/2019,3,5.25
8/3/2019,4,2.99
8/3/2019,5,12.1
8/3/2019,6,20.67
8/3/2019,7,30.25
8/3/2019,8,38.74
8/3/2019,9,38.99
8/3/2019,10,38.6
8/3/2019,11,36.34
8/3/2019,12,33.6
8/3/2019,13,30.61
8/3/2019,14,33.24
8/3/2019,15,33.6
8/3/2019,16,36.03
8/3/2019,17,39.25
8/3/2019,18,44.43
8/3/2019,19,52.53
8/3/2019,20,52.84
8/3/2019,21,48
8/3/2019,22,43
8/3/2019,23,40.3
8/3/2019,24,34.25
9/3/2019,1,23.42
9/3/2019,2,20.99
9/3/2019,3,16
9/3/2019,4,14
9/3/2019,5,15.5
9/3/2019,6,18.7
9/3/2019,7,24.3
9/3/2019,8,26.97
9/3/2019,9,25
9/3/2019,10,33.13
9/3/2019,11,36.92
9/3/2019,12,33.1
9/3/2019,13,28
9/3/2019,14,25.1
9/3/2019,15,23.53
9/3/2019,16,30
9/3/2019,17,27.96
9/3/2019,18,26.3
9/3/2019,19,28.9
9/3/2019,20,30.71
9/3/2019,21,25
9/3/2019,22,18
9/3/2019,23,20
9/3/2019,24,13.99
10/3/2019,1,1.09
10/3/2019,2,1.09
10/3/2019,3,0.99
10/3/2019,4,0.7
10/3/2019,5,1.1
10/3/2019,6,8
10/3/2019,7,10.95
10/3/2019,8,16.45
10/3/2019,9,22.8
10/3/2019,10,25.8
10/3/2019,11,27.4
10/3/2019,12,30.01
10/3/2019,13,28.44
10/3/2019,14,23.72
10/3/2019,15,22.7
10/3/2019,16,22.01
10/3/2019,17,23.6
10/3/2019,18,25.6
10/3/2019,19,34
10/3/2019,20,38.5
10/3/2019,21,35.22
10/3/2019,22,27.01
10/3/2019,23,28.4
10/3/2019,24,20.5
11/3/2019,1,15.14
11/3/2019,2,11.55
11/3/2019,3,9
11/3/2019,4,8.32
11/3/2019,5,10.12
11/3/2019,6,20.33
11/3/2019,7,34.96
11/3/2019,8,42.65
11/3/2019,9,42.5
11/3/2019,10,38.9
11/3/2019,11,35.96
11/3/2019,12,35.56
11/3/2019,13,34
11/3/2019,14,34
11/3/2019,15,33.87
11/3/2019,16,35.69
11/3/2019,17,39.01
11/3/2019,18,43
11/3/2019,19,49
11/3/2019,20,50.7
11/3/2019,21,47
11/3/2019,22,43.73
11/3/2019,23,42.84
11/3/2019,24,38.07
12/3/2019,1,41.52
12/3/2019,2,38.63
12/3/2019,3,37.06
12/3/2019,4,34.95
12/3/2019,5,34.52
12/3/2019,6,37.54
12/3/2019,7,46.68
12/3/2019,8,52.01
12/3/2019,9,51.34
12/3/2019,10,46.5
12/3/2019,11,41.36
12/3/2019,12,38.64
12/3/2019,13,34.52
12/3/2019,14,32.13
12/3/2019,15,32.16
12/3/2019,16,33.46
12/3/2019,17,36.56
12/3/2019,18,44.5
12/3/2019,19,51
12/3/2019,20,53.17
12/3/2019,21,46.19
12/3/2019,22,33.03
12/3/2019,23,25.34
12/3/2019,24,23.01
13/3/2019,1,8
13/3/2019,2,9.22
13/3/2019,3,8
13/3/2019,4,6.47
13/3/2019,5,8.7
13/3/2019,6,16.89
13/3/2019,7,30.64
13/3/2019,8,37.62
13/3/2019,9,36.24
13/3/2019,10,36.34
13/3/2019,11,34.06
13/3/2019,12,36.89
13/3/2019,13,41.56
13/3/2019,14,45.2
13/3/2019,15,38
13/3/2019,16,39
13/3/2019,17,39.06
13/3/2019,18,43
13/3/2019,19,56.53
13/3/2019,20,48.8
13/3/2019,21,43
13/3/2019,22,33.5
13/3/2019,23,28.59
13/3/2019,24,18
14/3/2019,1,18
14/3/2019,2,17.06
14/3/2019,3,18.29
14/3/2019,4,15
14/3/2019,5,18
14/3/2019,6,24.5
14/3/2019,7,37.44
14/3/2019,8,45
14/3/2019,9,45.5
14/3/2019,10,45.69
14/3/2019,11,40
14/3/2019,12,39.99
14/3/2019,13,41
14/3/2019,14,40.9
14/3/2019,15,39.73
14/3/2019,16,41
14/3/2019,17,40.88
14/3/2019,18,41
14/3/2019,19,47
14/3/2019,20,50.24
14/3/2019,21,40.6
14/3/2019,22,33.1
14/3/2019,23,28.5
14/3/2019,24,21.84
15/3/2019,1,21.65
15/3/2019,2,19.1
15/3/2019,3,16.54
15/3/2019,4,14.67
15/3/2019,5,17.76
15/3/2019,6,24.48
15/3/2019,7,35.4
15/3/2019,8,42.58
15/3/2019,9,42.56
15/3/2019,10,41.45
15/3/2019,11,41.41
15/3/2019,12,40.5
15/3/2019,13,40.59
15/3/2019,14,38
15/3/2019,15,35.16
15/3/2019,16,34.03
15/3/2019,17,35.79
15/3/2019,18,32.23
15/3/2019,19,38.62
15/3/2019,20,37.87
15/3/2019,21,31.46
15/3/2019,22,22.91
15/3/2019,23,19
15/3/2019,24,11
16/3/2019,1,9.01
16/3/2019,2,8.65
16/3/2019,3,5.66
16/3/2019,4,3.74
16/3/2019,5,7.38
16/3/2019,6,11.01
16/3/2019,7,17.9
16/3/2019,8,23.16
16/3/2019,9,29.43
16/3/2019,10,32.89
16/3/2019,11,35.2
16/3/2019,12,38.05
16/3/2019,13,35.6
16/3/2019,14,30.87
16/3/2019,15,26.52
16/3/2019,16,24.08
16/3/2019,17,24.81
16/3/2019,18,26.74
16/3/2019,19,31.74
16/3/2019,20,33
16/3/2019,21,24.98
16/3/2019,22,19.81
16/3/2019,23,18.2
16/3/2019,24,10.73
17/3/2019,1,-1
17/3/2019,2,-7
17/3/2019,3,-7.81
17/3/2019,4,-10
17/3/2019,5,-8.51
17/3/2019,6,-9.46
17/3/2019,7,-12.93
17/3/2019,8,-10
17/3/2019,9,-10
17/3/2019,10,-7.2
17/3/2019,11,4.9
17/3/2019,12,-10
17/3/2019,13,-20
17/3/2019,14,-10
17/3/2019,15,-10.5
17/3/2019,16,-3.57
17/3/2019,17,6.1
17/3/2019,18,16.97
17/3/2019,19,28
17/3/2019,20,33.96
17/3/2019,21,29.83
17/3/2019,22,23.05
17/3/2019,23,23
17/3/2019,24,14
18/3/2019,1,13.45
18/3/2019,2,14
18/3/2019,3,13.99
18/3/2019,4,12.67
18/3/2019,5,12.86
18/3/2019,6,21.67
18/3/2019,7,39.31
18/3/2019,8,44.91
18/3/2019,9,43.92
18/3/2019,10,40.13
18/3/2019,11,35
18/3/2019,12,36.2
18/3/2019,13,37.92
18/3/2019,14,36.97
18/3/2019,15,36.31
18/3/2019,16,38.99
18/3/2019,17,40.6
18/3/2019,18,43.57
18/3/2019,19,49
18/3/2019,20,52
18/3/2019,21,47.29
18/3/2019,22,41.15
18/3/2019,23,36.92
18/3/2019,24,31.51
19/3/2019,1,35.86
19/3/2019,2,35.07
19/3/2019,3,34.69
19/3/2019,4,33.94
19/3/2019,5,34.45
19/3/2019,6,38.01
19/3/2019,7,46.43
19/3/2019,8,51.81
19/3/2019,9,51
19/3/2019,10,47.39
19/3/2019,11,46.41
19/3/2019,12,45.25
19/3/2019,13,44.06
19/3/2019,14,44
19/3/2019,15,43.95
19/3/2019,16,44.5
19/3/2019,17,46.76
19/3/2019,18,51.1
19/3/2019,19,55.98
19/3/2019,20,58.52
19/3/2019,21,52.57
19/3/2019,22,48.14
19/3/2019,23,44.96
19/3/2019,24,41.01
20/3/2019,1,39.91
20/3/2019,2,38.44
20/3/2019,3,37.16
20/3/2019,4,36.56
20/3/2019,5,36.75
20/3/2019,6,39.43
20/3/2019,7,44.94
20/3/2019,8,48.5
20/3/2019,9,47.97
20/3/2019,10,43.66
20/3/2019,11,40.5
20/3/2019,12,39.59
20/3/2019,13,38.66
20/3/2019,14,37.92
20/3/2019,15,37.41
20/3/2019,16,38.75
20/3/2019,17,40.9
20/3/2019,18,45.73
20/3/2019,19,51.4
20/3/2019,20,54.61
20/3/2019,21,49.94
20/3/2019,22,44.58
20/3/2019,23,42.45
20/3/2019,24,39.38
21/3/2019,1,37.27
21/3/2019,2,35.01
21/3/2019,3,33.7
21/3/2019,4,33.23
21/3/2019,5,33.64
21/3/2019,6,36.39
21/3/2019,7,43.01
21/3/2019,8,46.9
21/3/2019,9,44.3
21/3/2019,10,42.47
21/3/2019,11,38.71
21/3/2019,12,37.25
21/3/2019,13,35.16
21/3/2019,14,34.75
21/3/2019,15,35.1
21/3/2019,16,36.1
21/3/2019,17,38.87
21/3/2019,18,42.84
21/3/2019,19,48.94
21/3/2019,20,54.29
21/3/2019,21,47.99
21/3/2019,22,43
21/3/2019,23,41.37
21/3/2019,24,38.19
22/3/2019,1,38
22/3/2019,2,36.53
22/3/2019,3,35.91
22/3/2019,4,35.42
22/3/2019,5,36.51
22/3/2019,6,40.98
22/3/2019,7,46.75
22/3/2019,8,50.45
22/3/2019,9,48
22/3/2019,10,44.32
22/3/2019,11,40.68
22/3/2019,12,38.1
22/3/2019,13,37.7
22/3/2019,14,35.99
22/3/2019,15,35.52
22/3/2019,16,36.25
22/3/2019,17,38.81
22/3/2019,18,42.73
22/3/2019,19,47.37
22/3/2019,20,52.1
22/3/2019,21,45.7
22/3/2019,22,40
22/3/2019,23,39.07
22/3/2019,24,35.9
23/3/2019,1,35
23/3/2019,2,33.07
23/3/2019,3,32.32
23/3/2019,4,31.29
23/3/2019,5,31.88
23/3/2019,6,33.49
23/3/2019,7,35.04
23/3/2019,8,35.9
23/3/2019,9,35.83
23/3/2019,10,34.94
23/3/2019,11,32.34
23/3/2019,12,29.92
23/3/2019,13,29.09
23/3/2019,14,28.12
23/3/2019,15,27.55
23/3/2019,16,28.1
23/3/2019,17,30.39
23/3/2019,18,36
23/3/2019,19,41
23/3/2019,20,44
23/3/2019,21,40.8
23/3/2019,22,36.66
23/3/2019,23,36.69
23/3/2019,24,34.81
24/3/2019,1,33.85
24/3/2019,2,31.69
24/3/2019,3,30.63
24/3/2019,4,30.91
24/3/2019,5,30.77
24/3/2019,6,30.64
24/3/2019,7,28
24/3/2019,8,29.43
24/3/2019,9,31
24/3/2019,10,31.39
24/3/2019,11,29.6
24/3/2019,12,29
24/3/2019,13,28.45
24/3/2019,14,26.88
24/3/2019,15,26.08
24/3/2019,16,25.51
24/3/2019,17,27.55
24/3/2019,18,32.1
24/3/2019,19,38.21
24/3/2019,20,41.5
24/3/2019,21,37.1
24/3/2019,22,33.93
24/3/2019,23,34.06
24/3/2019,24,30.1
25/3/2019,1,26.5
25/3/2019,2,24.42
25/3/2019,3,22.83
25/3/2019,4,20.97
25/3/2019,5,21.2
25/3/2019,6,26.22
25/3/2019,7,37.09
25/3/2019,8,39.5
25/3/2019,9,38.5
25/3/2019,10,35
25/3/2019,11,30.75
25/3/2019,12,30.04
25/3/2019,13,29.1
25/3/2019,14,28.15
25/3/2019,15,28.4
25/3/2019,16,29
25/3/2019,17,30.42
25/3/2019,18,34.48
25/3/2019,19,39.8
25/3/2019,20,44.35
25/3/2019,21,41.28
25/3/2019,22,39
25/3/2019,23,38.33
25/3/2019,24,34.75
26/3/2019,1,32.44
26/3/2019,2,30.88
26/3/2019,3,29.9
26/3/2019,4,29.46
26/3/2019,5,29.5
26/3/2019,6,32.36
26/3/2019,7,38.62
26/3/2019,8,42.65
26/3/2019,9,41.18
26/3/2019,10,38.03
26/3/2019,11,35.66
26/3/2019,12,34.88
26/3/2019,13,34.2
26/3/2019,14,34.02
26/3/2019,15,33.52
26/3/2019,16,35
26/3/2019,17,36.27
26/3/2019,18,40.32
26/3/2019,19,44.6
26/3/2019,20,48.4
26/3/2019,21,46.27
26/3/2019,22,42.35
26/3/2019,23,40.5
26/3/2019,24,37.35
27/3/2019,1,35.26
27/3/2019,2,35.01
27/3/2019,3,33.86
27/3/2019,4,33.3
27/3/2019,5,33.4
27/3/2019,6,36.3
27/3/2019,7,41.22
27/3/2019,8,45.9
27/3/2019,9,45.06
27/3/2019,10,42.9
27/3/2019,11,39.8
27/3/2019,12,38.5
27/3/2019,13,37.79
27/3/2019,14,36.8
27/3/2019,15,36.67
27/3/2019,16,36.78
27/3/2019,17,38.4
27/3/2019,18,40.93
27/3/2019,19,43.87
27/3/2019,20,47.87
27/3/2019,21,45.36
27/3/2019,22,41.2
27/3/2019,23,39.91
27/3/2019,24,37.82
28/3/2019,1,35.76
28/3/2019,2,34.05
28/3/2019,3,33.58
28/3/2019,4,33.05
28/3/2019,5,34.33
28/3/2019,6,37.39
28/3/2019,7,43.4
28/3/2019,8,47.49
28/3/2019,9,48.12
28/3/2019,10,46
28/3/2019,11,44.1
28/3/2019,12,43.34
28/3/2019,13,42.79
28/3/2019,14,42.7
28/3/2019,15,42.7
28/3/2019,16,42.99
28/3/2019,17,43.55
28/3/2019,18,46.05
28/3/2019,19,49.28
28/3/2019,20,52.41
28/3/2019,21,47.72
28/3/2019,22,43.65
28/3/2019,23,42
28/3/2019,24,38.72
29/3/2019,1,36.94
29/3/2019,2,35.58
29/3/2019,3,34.47
29/3/2019,4,33.8
29/3/2019,5,34.13
29/3/2019,6,37.12
29/3/2019,7,43.4
29/3/2019,8,46.98
29/3/2019,9,45.26
29/3/2019,10,41.49
29/3/2019,11,37.42
29/3/2019,12,35.67
29/3/2019,13,34.23
29/3/2019,14,33.3
29/3/2019,15,33.16
29/3/2019,16,34.32
29/3/2019,17,36.96
29/3/2019,18,43.61
29/3/2019,19,45.86
29/3/2019,20,49.17
29/3/2019,21,46
29/3/2019,22,41.86
29/3/2019,23,41.2
29/3/2019,24,38.25
30/3/2019,1,38.8
30/3/2019,2,36.26
30/3/2019,3,35
30/3/2019,4,34.37
30/3/2019,5,34.46
30/3/2019,6,34.99
30/3/2019,7,35.6
30/3/2019,8,36.3
30/3/2019,9,35.81
30/3/2019,10,34.8
30/3/2019,11,32.58
30/3/2019,12,29.96
30/3/2019,13,27.3
30/3/2019,14,25.67
30/3/2019,15,24.13
30/3/2019,16,26.33
30/3/2019,17,30.99
30/3/2019,18,37.92
30/3/2019,19,43
30/3/2019,20,46.88
30/3/2019,21,43.37
30/3/2019,22,40.52
30/3/2019,23,39.75
30/3/2019,24,35.9
31/3/2019,1,32.49
31/3/2019,2,30.21
31/3/2019,3,26.98
31/3/2019,4,27.25
31/3/2019,5,28.17
31/3/2019,6,27.93
31/3/2019,7,31.1
31/3/2019,8,32.49
31/3/2019,9,32.5
31/3/2019,10,30
31/3/2019,11,27.5
31/3/2019,12,25.81
31/3/2019,13,23
31/3/2019,14,21.11
31/3/2019,15,21.77
31/3/2019,16,24
31/3/2019,17,31
31/3/2019,18,38
31/3/2019,19,42.33
31/3/2019,20,40.5
31/3/2019,21,39.07
31/3/2019,22,38.94
31/3/2019,23,33.84
1/4/2019,1,29.44
1/4/2019,2,29.01
1/4/2019,3,28.95
1/4/2019,4,28.93
1/4/2019,5,29.58
1/4/2019,6,34.42
1/4/2019,7,44
1/4/2019,8,48.2
1/4/2019,9,48
1/4/2019,10,45
1/4/2019,11,40
1/4/2019,12,36.9
1/4/2019,13,35.88
1/4/2019,14,34
1/4/2019,15,33
1/4/2019,16,33.92
1/4/2019,17,35.2
1/4/2019,18,40.75
1/4/2019,19,45.39
1/4/2019,20,48
1/4/2019,21,47
1/4/2019,22,40.11
1/4/2019,23,37.72
1/4/2019,24,32.15
2/4/2019,1,30.03
2/4/2019,2,29
2/4/2019,3,27.46
2/4/2019,4,27.16
2/4/2019,5,28.58
2/4/2019,6,32.7
2/4/2019,7,40.87
2/4/2019,8,45.6
2/4/2019,9,45.62
2/4/2019,10,42.01
2/4/2019,11,38.79
2/4/2019,12,35.3
2/4/2019,13,32.8
2/4/2019,14,30.78
2/4/2019,15,29.21
2/4/2019,16,30.3
2/4/2019,17,31.54
2/4/2019,18,36
2/4/2019,19,41.13
2/4/2019,20,44.77
2/4/2019,21,44.7
2/4/2019,22,40.73
2/4/2019,23,38.12
2/4/2019,24,34.67
3/4/2019,1,32.17
3/4/2019,2,31.38
3/4/2019,3,30.8
3/4/2019,4,30.25
3/4/2019,5,31.18
3/4/2019,6,35.5
3/4/2019,7,43.5
3/4/2019,8,49.26
3/4/2019,9,51.9
3/4/2019,10,50.29
3/4/2019,11,47.5
3/4/2019,12,46.36
3/4/2019,13,44.7
3/4/2019,14,43.7
3/4/2019,15,41.77
3/4/2019,16,41.78
3/4/2019,17,42.21
3/4/2019,18,44.1
3/4/2019,19,47.28
3/4/2019,20,51.1
3/4/2019,21,49.2
3/4/2019,22,44.7
3/4/2019,23,42.2
3/4/2019,24,39.27
4/4/2019,1,37.5
4/4/2019,2,36.37
4/4/2019,3,34.95
4/4/2019,4,34.27
4/4/2019,5,34.98
4/4/2019,6,38.4
4/4/2019,7,45.4
4/4/2019,8,51.39
4/4/2019,9,53.32
4/4/2019,10,51.3
4/4/2019,11,47.51
4/4/2019,12,45.85
4/4/2019,13,43
4/4/2019,14,41.7
4/4/2019,15,40.22
4/4/2019,16,40.7
4/4/2019,17,40.18
4/4/2019,18,42.44
4/4/2019,19,45.45
4/4/2019,20,49.3
4/4/2019,21,49
4/4/2019,22,43.27
4/4/2019,23,40.84
4/4/2019,24,38.42
5/4/2019,1,36.28
5/4/2019,2,35.26
5/4/2019,3,33.39
5/4/2019,4,32.99
5/4/2019,5,34.28
5/4/2019,6,37.69
5/4/2019,7,44.9
5/4/2019,8,51.94
5/4/2019,9,54.5
5/4/2019,10,50.62
5/4/2019,11,48.67
5/4/2019,12,45.58
5/4/2019,13,42.21
5/4/2019,14,40.21
5/4/2019,15,39.3
5/4/2019,16,39.1
5/4/2019,17,39.81
5/4/2019,18,41.6
5/4/2019,19,46.08
5/4/2019,20,50.82
5/4/2019,21,48.97
5/4/2019,22,43.61
5/4/2019,23,41
5/4/2019,24,38.92
6/4/2019,1,41.8
6/4/2019,2,39.1
6/4/2019,3,37.33
6/4/2019,4,36.6
6/4/2019,5,36.57
6/4/2019,6,37.29
6/4/2019,7,39
6/4/2019,8,41.81
6/4/2019,9,43.4
6/4/2019,10,43.57
6/4/2019,11,40.29
6/4/2019,12,37.85
6/4/2019,13,33.59
6/4/2019,14,31.33
6/4/2019,15,29.28
6/4/2019,16,28.5
6/4/2019,17,28
6/4/2019,18,32.47
6/4/2019,19,38.7
6/4/2019,20,42.23
6/4/2019,21,40
6/4/2019,22,37.04
6/4/2019,23,35.67
6/4/2019,24,31.3
7/4/2019,1,34.15
7/4/2019,2,33.48
7/4/2019,3,32.08
7/4/2019,4,31.39
7/4/2019,5,31.42
7/4/2019,6,31.92
7/4/2019,7,33.03
7/4/2019,8,35.1
7/4/2019,9,37.1
7/4/2019,10,37.23
7/4/2019,11,35.07
7/4/2019,12,33.7
7/4/2019,13,30.8
7/4/2019,14,27.6
7/4/2019,15,26.89
7/4/2019,16,27.87
7/4/2019,17,30.37
7/4/2019,18,33.8
7/4/2019,19,40.31
7/4/2019,20,45.72
7/4/2019,21,45.38
7/4/2019,22,43.4
7/4/2019,23,43.1
7/4/2019,24,40.53
8/4/2019,1,36.88
8/4/2019,2,35.77
8/4/2019,3,34.29
8/4/2019,4,33.7
8/4/2019,5,35.79
8/4/2019,6,40.88
8/4/2019,7,50.8
8/4/2019,8,57
8/4/2019,9,59.59
8/4/2019,10,54.8
8/4/2019,11,49.4
8/4/2019,12,46.7
8/4/2019,13,43.6
8/4/2019,14,42.04
8/4/2019,15,40
8/4/2019,16,40.68
8/4/2019,17,41.46
8/4/2019,18,44.1
8/4/2019,19,48.3
8/4/2019,20,52.12
8/4/2019,21,49.61
8/4/2019,22,42.97
8/4/2019,23,40
8/4/2019,24,37.33
9/4/2019,1,37.7
9/4/2019,2,37.1
9/4/2019,3,35.95
9/4/2019,4,35.46
9/4/2019,5,36.47
9/4/2019,6,40
9/4/2019,7,48.1
9/4/2019,8,53.72
9/4/2019,9,55.49
9/4/2019,10,51.98
9/4/2019,11,46.39
9/4/2019,12,43.39
9/4/2019,13,41.39
9/4/2019,14,40.51
9/4/2019,15,40
9/4/2019,16,40
9/4/2019,17,40
9/4/2019,18,42.69
9/4/2019,19,46
9/4/2019,20,48.65
9/4/2019,21,46.9
9/4/2019,22,43.39
9/4/2019,23,42
9/4/2019,24,38.77
10/4/2019,1,38.06
10/4/2019,2,37.39
10/4/2019,3,37.25
10/4/2019,4,36.3
10/4/2019,5,37.39
10/4/2019,6,40.19
10/4/2019,7,47.45
10/4/2019,8,51.99
10/4/2019,9,53.85
10/4/2019,10,49.34
10/4/2019,11,46.29
10/4/2019,12,45.25
10/4/2019,13,43.2
10/4/2019,14,41.64
10/4/2019,15,40.5
10/4/2019,16,39.41
10/4/2019,17,39.25
10/4/2019,18,42
10/4/2019,19,45.03
10/4/2019,20,48
10/4/2019,21,47
10/4/2019,22,43.75
10/4/2019,23,42.68
10/4/2019,24,40.18
11/4/2019,1,38.98
11/4/2019,2,37.5
11/4/2019,3,36.9
11/4/2019,4,36.34
11/4/2019,5,37.33
11/4/2019,6,40.32
11/4/2019,7,49.81
11/4/2019,8,56.77
11/4/2019,9,59.9
11/4/2019,10,53.17
11/4/2019,11,49.3
11/4/2019,12,48
11/4/2019,13,44.88
11/4/2019,14,43.8
11/4/2019,15,42.06
11/4/2019,16,42
11/4/2019,17,42
11/4/2019,18,45.49
11/4/2019,19,49.31
11/4/2019,20,52.11
11/4/2019,21,51.28
11/4/2019,22,48.49
11/4/2019,23,47.1
11/4/2019,24,44.06
12/4/2019,1,39.59
12/4/2019,2,38.11
12/4/2019,3,38.16
12/4/2019,4,37.85
12/4/2019,5,38.5
12/4/2019,6,40.82
12/4/2019,7,50.98
12/4/2019,8,58.36
12/4/2019,9,60.8
12/4/2019,10,53.5
12/4/2019,11,50.07
12/4/2019,12,47.2
12/4/2019,13,46.29
12/4/2019,14,43.96
12/4/2019,15,41.14
12/4/2019,16,40.85
12/4/2019,17,40.56
12/4/2019,18,43.48
12/4/2019,19,47.1
12/4/2019,20,49.87
12/4/2019,21,50.25
12/4/2019,22,47
12/4/2019,23,45.75
12/4/2019,24,42.77
13/4/2019,1,43.56
13/4/2019,2,41.35
13/4/2019,3,39.9
13/4/2019,4,38.66
13/4/2019,5,38.67
13/4/2019,6,39.31
13/4/2019,7,41.71
13/4/2019,8,44.73
13/4/2019,9,46.8
13/4/2019,10,46.66
13/4/2019,11,44.5
13/4/2019,12,42.8
13/4/2019,13,40.73
13/4/2019,14,38.25
13/4/2019,15,36.01
13/4/2019,16,35.5
13/4/2019,17,36.01
13/4/2019,18,38.55
13/4/2019,19,43.51
13/4/2019,20,45.83
13/4/2019,21,46
13/4/2019,22,43.17
13/4/2019,23,41.45
13/4/2019,24,37.21
14/4/2019,1,38
14/4/2019,2,36.16
14/4/2019,3,34.93
14/4/2019,4,34.72
14/4/2019,5,35.15
14/4/2019,6,34.63
14/4/2019,7,35.3
14/4/2019,8,37.99
14/4/2019,9,41.58
14/4/2019,10,42.48
14/4/2019,11,41.52
14/4/2019,12,39.09
14/4/2019,13,37.9
14/4/2019,14,33.6
14/4/2019,15,32.24
14/4/2019,16,31.4
14/4/2019,17,32.4
14/4/2019,18,35.64
14/4/2019,19,42
14/4/2019,20,46.2
14/4/2019,21,48
14/4/2019,22,45.9
14/4/2019,23,43.8
14/4/2019,24,39.97
15/4/2019,1,36.09
15/4/2019,2,34.69
15/4/2019,3,35.08
15/4/2019,4,34.57
15/4/2019,5,34.75
15/4/2019,6,39.9
15/4/2019,7,49.8
15/4/2019,8,57.75
15/4/2019,9,58.6
15/4/2019,10,52.2
15/4/2019,11,46
15/4/2019,12,42
15/4/2019,13,39
15/4/2019,14,36
15/4/2019,15,34.56
15/4/2019,16,34.78
15/4/2019,17,35.1
15/4/2019,18,41.37
15/4/2019,19,45.04
15/4/2019,20,48.7
15/4/2019,21,48.5
15/4/2019,22,45.9
15/4/2019,23,42.5
15/4/2019,24,37.5
16/4/2019,1,36.51
16/4/2019,2,35.97
16/4/2019,3,35.32
16/4/2019,4,35.04
16/4/2019,5,35.48
16/4/2019,6,39.15
16/4/2019,7,49.6
16/4/2019,8,53.8
16/4/2019,9,53.95
16/4/2019,10,45.6
16/4/2019,11,41
16/4/2019,12,37.9
16/4/2019,13,35
16/4/2019,14,34.43
16/4/2019,15,34.25
16/4/2019,16,36.2
16/4/2019,17,37.9
16/4/2019,18,43.6
16/4/2019,19,48
16/4/2019,20,50.86
16/4/2019,21,51
16/4/2019,22,47.8
16/4/2019,23,44.8
16/4/2019,24,40
17/4/2019,1,37.73
17/4/2019,2,36.41
17/4/2019,3,36.03
17/4/2019,4,36.06
17/4/2019,5,36.3
17/4/2019,6,38.48
17/4/2019,7,48.83
17/4/2019,8,53.52
17/4/2019,9,53.22
17/4/2019,10,49.2
17/4/2019,11,45.3
17/4/2019,12,41.44
17/4/2019,13,38.16
17/4/2019,14,36.5
17/4/2019,15,36.41
17/4/2019,16,37.31
17/4/2019,17,37.78
17/4/2019,18,41.01
17/4/2019,19,46.15
17/4/2019,20,49.19
17/4/2019,21,48.36
17/4/2019,22,45.99
17/4/2019,23,43.01
17/4/2019,24,39.16
18/4/2019,1,36.9
18/4/2019,2,35.49
18/4/2019,3,34.81
18/4/2019,4,34.02
18/4/2019,5,34.65
18/4/2019,6,37.9
18/4/2019,7,46.21
18/4/2019,8,49.68
18/4/2019,9,48.7
18/4/2019,10,46.1
18/4/2019,11,41.5
18/4/2019,12,35.9
18/4/2019,13,32.5
18/4/2019,14,32.78
18/4/2019,15,32.78
18/4/2019,16,30.61
18/4/2019,17,32.91
18/4/2019,18,36.9
18/4/2019,19,42.97
18/4/2019,20,46.69
18/4/2019,21,46.8
18/4/2019,22,43.56
18/4/2019,23,40.4
18/4/2019,24,36.23
19/4/2019,1,34.75
19/4/2019,2,32.15
19/4/2019,3,30.9
19/4/2019,4,30.67
19/4/2019,5,30.7
19/4/2019,6,32.25
19/4/2019,7,36.29
19/4/2019,8,38.87
19/4/2019,9,39.41
19/4/2019,10,35.1
19/4/2019,11,29.5
19/4/2019,12,25.61
19/4/2019,13,21.07
19/4/2019,14,23.38
19/4/2019,15,24.38
19/4/2019,16,20.53
19/4/2019,17,25.61
19/4/2019,18,30.1
19/4/2019,19,38.5
19/4/2019,20,43
19/4/2019,21,44.82
19/4/2019,22,42.23
19/4/2019,23,41.5
19/4/2019,24,38
20/4/2019,1,38.09
20/4/2019,2,35.9
20/4/2019,3,34.57
20/4/2019,4,34.1
20/4/2019,5,34
20/4/2019,6,35.89
20/4/2019,7,38.73
20/4/2019,8,40.6
20/4/2019,9,41.92
20/4/2019,10,40.35
20/4/2019,11,36.17
20/4/2019,12,32.99
20/4/2019,13,30.01
20/4/2019,14,27.27
20/4/2019,15,25.4
20/4/2019,16,29.01
20/4/2019,17,30.84
20/4/2019,18,37.29
20/4/2019,19,43.25
20/4/2019,20,46.7
20/4/2019,21,47.02
20/4/2019,22,43.8
20/4/2019,23,43
20/4/2019,24,40.5
21/4/2019,1,35.4
21/4/2019,2,31.44
21/4/2019,3,30.01
21/4/2019,4,30.38
21/4/2019,5,30.44
21/4/2019,6,31.89
21/4/2019,7,32
21/4/2019,8,33.14
21/4/2019,9,34.9
21/4/2019,10,33.6
21/4/2019,11,29.01
21/4/2019,12,28.01
21/4/2019,13,24.8
21/4/2019,14,20.72
21/4/2019,15,17.22
21/4/2019,16,16.59
21/4/2019,17,23.82
21/4/2019,18,29.7
21/4/2019,19,37.92
21/4/2019,20,44.4
21/4/2019,21,47
21/4/2019,22,43.99
21/4/2019,23,41.24
21/4/2019,24,37.6
22/4/2019,1,18.49
22/4/2019,2,10.52
22/4/2019,3,10.5
22/4/2019,4,9.99
22/4/2019,5,11.02
22/4/2019,6,15
22/4/2019,7,18.92
22/4/2019,8,18.85
22/4/2019,9,18.32
22/4/2019,10,6.05
22/4/2019,11,0
22/4/2019,12,-20
22/4/2019,13,-20
22/4/2019,14,-22
22/4/2019,15,-25
22/4/2019,16,-22
22/4/2019,17,-20
22/4/2019,18,-4.99
22/4/2019,19,14.41
22/4/2019,20,20.84
22/4/2019,21,22
22/4/2019,22,20.89
22/4/2019,23,9.96
22/4/2019,24,3.5
23/4/2019,1,-0.42
23/4/2019,2,0.06
23/4/2019,3,0.02
23/4/2019,4,0.02
23/4/2019,5,-0.99
23/4/2019,6,16
23/4/2019,7,34.39
23/4/2019,8,40
23/4/2019,9,37.5
23/4/2019,10,35.05
23/4/2019,11,20.52
23/4/2019,12,25.27
23/4/2019,13,26.58
23/4/2019,14,24.19
23/4/2019,15,23.1
23/4/2019,16,26.15
23/4/2019,17,26.65
23/4/2019,18,33.05
23/4/2019,19,37
23/4/2019,20,41
23/4/2019,21,42.41
23/4/2019,22,35.4
23/4/2019,23,30.84
23/4/2019,24,23
24/4/2019,1,26
24/4/2019,2,24.72
24/4/2019,3,23.67
24/4/2019,4,22.34
24/4/2019,5,22.85
24/4/2019,6,27.73
24/4/2019,7,38.4
24/4/2019,8,45.01
24/4/2019,9,44.03
24/4/2019,10,40.99
24/4/2019,11,37.1
24/4/2019,12,33.34
24/4/2019,13,30.89
24/4/2019,14,28.91
24/4/2019,15,27.84
24/4/2019,16,31.51
24/4/2019,17,33.08
24/4/2019,18,38.8
24/4/2019,19,43.99
24/4/2019,20,46.8
24/4/2019,21,45.57
24/4/2019,22,42.2
24/4/2019,23,38.5
24/4/2019,24,33.5
25/4/2019,1,29.7
25/4/2019,2,28.59
25/4/2019,3,27.54
25/4/2019,4,28.26
25/4/2019,5,30.67
25/4/2019,6,34
25/4/2019,7,45.1
25/4/2019,8,49.68
25/4/2019,9,47.92
25/4/2019,10,43.45
25/4/2019,11,40.01
25/4/2019,12,37.33
25/4/2019,13,33.33
25/4/2019,14,32.01
25/4/2019,15,31.51
25/4/2019,16,32.17
25/4/2019,17,34.54
25/4/2019,18,41.37
25/4/2019,19,46.14
25/4/2019,20,50
25/4/2019,21,50.2
25/4/2019,22,46.65
25/4/2019,23,41.57
25/4/2019,24,38
26/4/2019,1,36.01
26/4/2019,2,34
26/4/2019,3,32.2
26/4/2019,4,32.1
26/4/2019,5,33.33
26/4/2019,6,37.14
26/4/2019,7,45
26/4/2019,8,50.76
26/4/2019,9,53.18
26/4/2019,10,50.54
26/4/2019,11,47.22
26/4/2019,12,44.29
26/4/2019,13,42.46
26/4/2019,14,39.6
26/4/2019,15,37.59
26/4/2019,16,37.3
26/4/2019,17,39.3
26/4/2019,18,41.81
26/4/2019,19,44.48
26/4/2019,20,50.67
26/4/2019,21,51.8
26/4/2019,22,46.35
26/4/2019,23,40.97
26/4/2019,24,37.55
27/4/2019,1,37.03
27/4/2019,2,32.86
27/4/2019,3,30.01
27/4/2019,4,29
27/4/2019,5,29.07
27/4/2019,6,30.03
27/4/2019,7,32.43
27/4/2019,8,36.4
27/4/2019,9,38.7
27/4/2019,10,37.89
27/4/2019,11,35
27/4/2019,12,32.48
27/4/2019,13,30.16
27/4/2019,14,27.39
27/4/2019,15,24.38
27/4/2019,16,24.7
27/4/2019,17,27.38
27/4/2019,18,33.9
27/4/2019,19,39.1
27/4/2019,20,43.46
27/4/2019,21,44.1
27/4/2019,22,41.3
27/4/2019,23,39.7
27/4/2019,24,35.6
28/4/2019,1,31.05
28/4/2019,2,29.27
28/4/2019,3,27
28/4/2019,4,26.38
28/4/2019,5,26.23
28/4/2019,6,26.22
28/4/2019,7,27.5
28/4/2019,8,29.36
28/4/2019,9,33.44
28/4/2019,10,34.5
28/4/2019,11,33.49
28/4/2019,12,34.55
28/4/2019,13,33.1
28/4/2019,14,29.1
28/4/2019,15,26.77
28/4/2019,16,26.9
28/4/2019,17,30.17
28/4/2019,18,36.18
28/4/2019,19,42
28/4/2019,20,45.8
28/4/2019,21,49
28/4/2019,22,46.8
28/4/2019,23,44.25
28/4/2019,24,40.1
29/4/2019,1,39.16
29/4/2019,2,37.05
29/4/2019,3,34.99
29/4/2019,4,33.48
29/4/2019,5,34.3
29/4/2019,6,39.33
29/4/2019,7,47.7
29/4/2019,8,55.7
29/4/2019,9,57.5
29/4/2019,10,55.6
29/4/2019,11,54.2
29/4/2019,12,50.4
29/4/2019,13,47.68
29/4/2019,14,46.15
29/4/2019,15,44.7
29/4/2019,16,45.1
29/4/2019,17,45.12
29/4/2019,18,46.99
29/4/2019,19,48.49
29/4/2019,20,52.66
29/4/2019,21,54
29/4/2019,22,50.37
29/4/2019,23,45.9
29/4/2019,24,40.79
30/4/2019,1,36.62
30/4/2019,2,35.31
30/4/2019,3,34.31
30/4/2019,4,33.43
30/4/2019,5,33.81
30/4/2019,6,37.02
30/4/2019,7,47.13
30/4/2019,8,54.43
30/4/2019,9,60.15
30/4/2019,10,52.4
30/4/2019,11,48.02
30/4/2019,12,45.39
30/4/2019,13,41.92
30/4/2019,14,40.62
30/4/2019,15,37.83
30/4/2019,16,36.68
30/4/2019,17,37.3
30/4/2019,18,41.09
30/4/2019,19,45.38
30/4/2019,20,49.76
30/4/2019,21,51
30/4/2019,22,47.9
30/4/2019,23,45
30/4/2019,24,40.7
1/5/2019,1,35.38
1/5/2019,2,32.52
1/5/2019,3,31
1/5/2019,4,30
1/5/2019,5,30
1/5/2019,6,29.41
1/5/2019,7,29
1/5/2019,8,29.29
1/5/2019,9,29.07
1/5/2019,10,28.96
1/5/2019,11,26.93
1/5/2019,12,24.07
1/5/2019,13,19.37
1/5/2019,14,14.04
1/5/2019,15,7.96
1/5/2019,16,7.51
1/5/2019,17,7.41
1/5/2019,18,20.32
1/5/2019,19,28.2
1/5/2019,20,32.21
1/5/2019,21,36.2
1/5/2019,22,34.83
1/5/2019,23,33.49
1/5/2019,24,28.5
2/5/2019,1,30.09
2/5/2019,2,28.92
2/5/2019,3,26.9
2/5/2019,4,25.38
2/5/2019,5,26.6
2/5/2019,6,30.2
2/5/2019,7,40.1
2/5/2019,8,47
2/5/2019,9,50
2/5/2019,10,48.4
2/5/2019,11,43
2/5/2019,12,40.8
2/5/2019,13,40.47
2/5/2019,14,40
2/5/2019,15,37.05
2/5/2019,16,39.5
2/5/2019,17,39
2/5/2019,18,42.08
2/5/2019,19,47
2/5/2019,20,48.4
2/5/2019,21,50
2/5/2019,22,46.78
2/5/2019,23,42.5
2/5/2019,24,35.5
3/5/2019,1,31.01
3/5/2019,2,31.01
3/5/2019,3,30.89
3/5/2019,4,29.51
3/5/2019,5,30.33
3/5/2019,6,28.01
3/5/2019,7,43.79
3/5/2019,8,47.65
3/5/2019,9,49.03
3/5/2019,10,50
3/5/2019,11,47.97
3/5/2019,12,51
3/5/2019,13,50.3
3/5/2019,14,48
3/5/2019,15,46.95
3/5/2019,16,41.5
3/5/2019,17,44.3
3/5/2019,18,45.3
3/5/2019,19,46.01
3/5/2019,20,47
3/5/2019,21,49
3/5/2019,22,45.88
3/5/2019,23,46.01
3/5/2019,24,41.5
4/5/2019,1,37.35
4/5/2019,2,34.91
4/5/2019,3,33.9
4/5/2019,4,32.76
4/5/2019,5,32.63
4/5/2019,6,32.5
4/5/2019,7,33.71
4/5/2019,8,35.98
4/5/2019,9,40.89
4/5/2019,10,43.94
4/5/2019,11,45
4/5/2019,12,48
4/5/2019,13,42.2
4/5/2019,14,37.43
4/5/2019,15,34.7
4/5/2019,16,35
4/5/2019,17,35.01
4/5/2019,18,35.89
4/5/2019,19,39.44
4/5/2019,20,40.74
4/5/2019,21,44.2
4/5/2019,22,42.6
4/5/2019,23,40.61
4/5/2019,24,35.94
5/5/2019,1,-0.99
5/5/2019,2,-5
5/5/2019,3,-5
5/5/2019,4,-1.99
5/5/2019,5,2
5/5/2019,6,0.01
5/5/2019,7,-0.99
5/5/2019,8,2
5/5/2019,9,30.81
5/5/2019,10,34.05
5/5/2019,11,33.65
5/5/2019,12,32.12
5/5/2019,13,29.42
5/5/2019,14,25.26
5/5/2019,15,23.87
5/5/2019,16,24.2
5/5/2019,17,25.79
5/5/2019,18,29.69
5/5/2019,19,36.1
5/5/2019,20,40.57
5/5/2019,21,43.41
5/5/2019,22,44.17
5/5/2019,23,43.42
5/5/2019,24,38.99
6/5/2019,1,30.92
6/5/2019,2,27.99
6/5/2019,3,29.23
6/5/2019,4,30.18
6/5/2019,5,30.84
6/5/2019,6,35.82
6/5/2019,7,46.39
6/5/2019,8,55.93
6/5/2019,9,54
6/5/2019,10,53.55
6/5/2019,11,46.38
6/5/2019,12,42.77
6/5/2019,13,41.25
6/5/2019,14,44.72
6/5/2019,15,43.1
6/5/2019,16,43.02
6/5/2019,17,42.04
6/5/2019,18,43.5
6/5/2019,19,46.68
6/5/2019,20,49.92
6/5/2019,21,54
6/5/2019,22,49.89
6/5/2019,23,50.09
6/5/2019,24,42.26
7/5/2019,1,38.59
7/5/2019,2,36.25
7/5/2019,3,34.97
7/5/2019,4,34.43
7/5/2019,5,34.97
7/5/2019,6,37.64
7/5/2019,7,48.35
7/5/2019,8,56.2
7/5/2019,9,55.92
7/5/2019,10,51.09
7/5/2019,11,47.89
7/5/2019,12,47.01
7/5/2019,13,46.9
7/5/2019,14,46
7/5/2019,15,45
7/5/2019,16,45.02
7/5/2019,17,45.89
7/5/2019,18,49.18
7/5/2019,19,53.36
7/5/2019,20,59.58
7/5/2019,21,59.46
7/5/2019,22,56.69
7/5/2019,23,52.34
7/5/2019,24,43.07
8/5/2019,1,42
8/5/2019,2,39.01
8/5/2019,3,37.01
8/5/2019,4,35.2
8/5/2019,5,35.01
8/5/2019,6,25.7
8/5/2019,7,25.1
8/5/2019,8,1
8/5/2019,9,19.56
8/5/2019,10,25.3
8/5/2019,11,25.51
8/5/2019,12,25.66
8/5/2019,13,25.46
8/5/2019,14,25.12
8/5/2019,15,25.02
8/5/2019,16,24.76
8/5/2019,17,33.65
8/5/2019,18,38.25
8/5/2019,19,43
8/5/2019,20,45.8
8/5/2019,21,46.5
8/5/2019,22,43.56
8/5/2019,23,36.55
8/5/2019,24,25.61
9/5/2019,1,22.97
9/5/2019,2,26.32
9/5/2019,3,24.4
9/5/2019,4,20.7
9/5/2019,5,23.96
9/5/2019,6,26.42
9/5/2019,7,45.98
9/5/2019,8,55.6
9/5/2019,9,58.5
9/5/2019,10,54.43
9/5/2019,11,48.5
9/5/2019,12,51.18
9/5/2019,13,52.1
9/5/2019,14,51.5
9/5/2019,15,47
9/5/2019,16,47.65
9/5/2019,17,47.3
9/5/2019,18,46.48
9/5/2019,19,49.14
9/5/2019,20,52.45
9/5/2019,21,52
9/5/2019,22,49.7
9/5/2019,23,48
9/5/2019,24,40.7
10/5/2019,1,40.01
10/5/2019,2,40.41
10/5/2019,3,38.19
10/5/2019,4,37.1
10/5/2019,5,38.26
10/5/2019,6,42.2
10/5/2019,7,56.11
10/5/2019,8,57.76
10/5/2019,9,56.55
10/5/2019,10,55.3
10/5/2019,11,50.27
10/5/2019,12,48.89
10/5/2019,13,48.09
10/5/2019,14,43.65
10/5/2019,15,39.14
10/5/2019,16,38.92
10/5/2019,17,39.39
10/5/2019,18,44.17
10/5/2019,19,47.75
10/5/2019,20,52.43
10/5/2019,21,51.81
10/5/2019,22,50.38
10/5/2019,23,45.13
10/5/2019,24,36.01
11/5/2019,1,41.69
11/5/2019,2,31.01
11/5/2019,3,35.38
11/5/2019,4,31.01
11/5/2019,5,31.01
11/5/2019,6,30.01
11/5/2019,7,31.01
11/5/2019,8,39.16
11/5/2019,9,43.06
11/5/2019,10,43.49
11/5/2019,11,41.43
11/5/2019,12,40.59
11/5/2019,13,37.45
11/5/2019,14,34.72
11/5/2019,15,32.51
11/5/2019,16,32.01
11/5/2019,17,32.48
11/5/2019,18,34.34
11/5/2019,19,39.75
11/5/2019,20,40.98
11/5/2019,21,39.82
11/5/2019,22,37.68
11/5/2019,23,36.05
11/5/2019,24,32.52
12/5/2019,1,25.46
12/5/2019,2,15
12/5/2019,3,0
12/5/2019,4,20.08
12/5/2019,5,21.08
12/5/2019,6,17.95
12/5/2019,7,19.67
12/5/2019,8,19.75
12/5/2019,9,23.9
12/5/2019,10,25.07
12/5/2019,11,23.43
12/5/2019,12,24.41
12/5/2019,13,21.6
12/5/2019,14,15.76
12/5/2019,15,15.36
12/5/2019,16,15.03
12/5/2019,17,10.09
12/5/2019,18,18.69
12/5/2019,19,27.11
12/5/2019,20,33.45
12/5/2019,21,39.3
12/5/2019,22,36.43
12/5/2019,23,35.12
12/5/2019,24,32.48
13/5/2019,1,24.41
13/5/2019,2,27.29
13/5/2019,3,25.58
13/5/2019,4,24.96
13/5/2019,5,27.04
13/5/2019,6,33.55
13/5/2019,7,44.98
13/5/2019,8,52.54
13/5/2019,9,51.63
13/5/2019,10,46.31
13/5/2019,11,42
13/5/2019,12,40.9
13/5/2019,13,40.2
13/5/2019,14,40.77
13/5/2019,15,38.88
13/5/2019,16,38.03
13/5/2019,17,40.2
13/5/2019,18,42.67
13/5/2019,19,45.79
13/5/2019,20,50.05
13/5/2019,21,51.7
13/5/2019,22,47.65
13/5/2019,23,45.48
13/5/2019,24,39.57
14/5/2019,1,40.68
14/5/2019,2,37.38
14/5/2019,3,35.55
14/5/2019,4,34.69
14/5/2019,5,35.31
14/5/2019,6,38.75
14/5/2019,7,48.42
14/5/2019,8,56.79
14/5/2019,9,54.93
14/5/2019,10,49.16
14/5/2019,11,45.02
14/5/2019,12,47.76
14/5/2019,13,47.1
14/5/2019,14,46.02
14/5/2019,15,45
14/5/2019,16,45
14/5/2019,17,44.43
14/5/2019,18,40.77
14/5/2019,19,46.04
14/5/2019,20,49.66
14/5/2019,21,50.22
14/5/2019,22,47.95
14/5/2019,23,46.77
14/5/2019,24,41.33
15/5/2019,1,37.01
15/5/2019,2,35.55
15/5/2019,3,34.45
15/5/2019,4,34.25
15/5/2019,5,34.73
15/5/2019,6,38.07
15/5/2019,7,48.93
15/5/2019,8,54.96
15/5/2019,9,56.93
15/5/2019,10,51.1
15/5/2019,11,48.1
15/5/2019,12,52.24
15/5/2019,13,52.3
15/5/2019,14,52
15/5/2019,15,48.42
15/5/2019,16,48.1
15/5/2019,17,48.52
15/5/2019,18,48
15/5/2019,19,47.44
15/5/2019,20,49.26
15/5/2019,21,48.55
15/5/2019,22,46.53
15/5/2019,23,44.87
15/5/2019,24,36.58
16/5/2019,1,36.36
16/5/2019,2,35.32
16/5/2019,3,34.06
16/5/2019,4,33.3
16/5/2019,5,33.44
16/5/2019,6,36.54
16/5/2019,7,45.85
16/5/2019,8,52.06
16/5/2019,9,59
16/5/2019,10,56
16/5/2019,11,52
16/5/2019,12,52
16/5/2019,13,52
16/5/2019,14,51.2
16/5/2019,15,48.12
16/5/2019,16,44.9
16/5/2019,17,44.9
16/5/2019,18,44.9
16/5/2019,19,44.9
16/5/2019,20,49
16/5/2019,21,48.65
16/5/2019,22,44.69
16/5/2019,23,44.51
16/5/2019,24,39.56
17/5/2019,1,36.4
17/5/2019,2,35.5
17/5/2019,3,33.47
17/5/2019,4,32.74
17/5/2019,5,33.37
17/5/2019,6,36.29
17/5/2019,7,44.42
17/5/2019,8,49.42
17/5/2019,9,50
17/5/2019,10,45.45
17/5/2019,11,43.3
17/5/2019,12,40.35
17/5/2019,13,40.8
17/5/2019,14,40.01
17/5/2019,15,38.45
17/5/2019,16,38.38
17/5/2019,17,39.46
17/5/2019,18,43.6
17/5/2019,19,46.3
17/5/2019,20,47.5
17/5/2019,21,48.64
17/5/2019,22,47
17/5/2019,23,44.9
17/5/2019,24,39.12
18/5/2019,1,36.71
18/5/2019,2,34.57
18/5/2019,3,33.01
18/5/2019,4,32.2
18/5/2019,5,32.5
18/5/2019,6,32.63
18/5/2019,7,33.85
18/5/2019,8,36.32
18/5/2019,9,38.3
18/5/2019,10,37.47
18/5/2019,11,33.84
18/5/2019,12,33.52
18/5/2019,13,32.51
18/5/2019,14,30.63
18/5/2019,15,30
18/5/2019,16,29.83
18/5/2019,17,32.01
18/5/2019,18,35.4
18/5/2019,19,42.12
18/5/2019,20,45
18/5/2019,21,44.84
18/5/2019,22,43.48
18/5/2019,23,41.89
18/5/2019,24,38.11
19/5/2019,1,35.8
19/5/2019,2,32.4
19/5/2019,3,31.85
19/5/2019,4,30.97
19/5/2019,5,30.69
19/5/2019,6,29.97
19/5/2019,7,29.68
19/5/2019,8,32.01
19/5/2019,9,32.7
19/5/2019,10,32.7
19/5/2019,11,31.53
19/5/2019,12,30.93
19/5/2019,13,30.1
19/5/2019,14,27.5
19/5/2019,15,26
19/5/2019,16,26.01
19/5/2019,17,28.42
19/5/2019,18,31.97
19/5/2019,19,38.4
19/5/2019,20,42.26
19/5/2019,21,43.3
19/5/2019,22,43.55
19/5/2019,23,42.86
19/5/2019,24,38.76
20/5/2019,1,34.5
20/5/2019,2,33.9
20/5/2019,3,32.1
20/5/2019,4,31.51
20/5/2019,5,32.01
20/5/2019,6,36.3
20/5/2019,7,46.4
20/5/2019,8,56.21
20/5/2019,9,59.3
20/5/2019,10,55.83
20/5/2019,11,52
20/5/2019,12,50.02
20/5/2019,13,49.2
20/5/2019,14,47.25
20/5/2019,15,46.44
20/5/2019,16,44.65
20/5/2019,17,44.01
20/5/2019,18,46
20/5/2019,19,48.63
20/5/2019,20,51.86
20/5/2019,21,50.5
20/5/2019,22,46.77
20/5/2019,23,45.05
20/5/2019,24,39.39
21/5/2019,1,35.3
21/5/2019,2,34.12
21/5/2019,3,33.2
21/5/2019,4,32.23
21/5/2019,5,32.7
21/5/2019,6,35.19
21/5/2019,7,43.5
21/5/2019,8,49.33
21/5/2019,9,52.45
21/5/2019,10,49.89
21/5/2019,11,48.75
21/5/2019,12,46.98
21/5/2019,13,44.69
21/5/2019,14,43.32
21/5/2019,15,41.3
21/5/2019,16,41.05
21/5/2019,17,40.3
21/5/2019,18,41.79
21/5/2019,19,44.38
21/5/2019,20,45.58
21/5/2019,21,44.9
21/5/2019,22,42.75
21/5/2019,23,41.26
21/5/2019,24,36.5
22/5/2019,1,32.9
22/5/2019,2,32.3
22/5/2019,3,30.65
22/5/2019,4,29.3
22/5/2019,5,29.87
22/5/2019,6,32.29
22/5/2019,7,38.7
22/5/2019,8,46.21
22/5/2019,9,52.07
22/5/2019,10,50.42
22/5/2019,11,49.17
22/5/2019,12,46.53
22/5/2019,13,46
22/5/2019,14,41.55
22/5/2019,15,38.38
22/5/2019,16,37.05
22/5/2019,17,37.5
22/5/2019,18,40.62
22/5/2019,19,45.06
22/5/2019,20,47.63
22/5/2019,21,47.45
22/5/2019,22,45.59
22/5/2019,23,44.61
22/5/2019,24,40.48
23/5/2019,1,36.63
23/5/2019,2,35.84
23/5/2019,3,34.35
23/5/2019,4,33.6
23/5/2019,5,34.2
23/5/2019,6,36.1
23/5/2019,7,43.71
23/5/2019,8,50.69
23/5/2019,9,51.45
23/5/2019,10,46.1
23/5/2019,11,42.66
23/5/2019,12,40.7
23/5/2019,13,39.69
23/5/2019,14,37.78
23/5/2019,15,38.02
23/5/2019,16,37.99
23/5/2019,17,39.63
23/5/2019,18,44.07
23/5/2019,19,48.77
23/5/2019,20,53.45
23/5/2019,21,56.86
23/5/2019,22,53.32
23/5/2019,23,49.51
23/5/2019,24,44.76
24/5/2019,1,38.24
24/5/2019,2,35.71
24/5/2019,3,34.57
24/5/2019,4,33.67
24/5/2019,5,33.95
24/5/2019,6,34.01
24/5/2019,7,41.45
24/5/2019,8,47.62
24/5/2019,9,49.04
24/5/2019,10,45.4
24/5/2019,11,41
24/5/2019,12,38.35
24/5/2019,13,36.39
24/5/2019,14,35.01
24/5/2019,15,34.01
24/5/2019,16,34.37
24/5/2019,17,34.94
24/5/2019,18,37.65
24/5/2019,19,41.74
24/5/2019,20,44.9
24/5/2019,21,45.01
24/5/2019,22,44.17
24/5/2019,23,43.33
24/5/2019,24,38.2
25/5/2019,1,38.01
25/5/2019,2,35
25/5/2019,3,34.5
25/5/2019,4,33.86
25/5/2019,5,33.51
25/5/2019,6,33.01
25/5/2019,7,33.98
25/5/2019,8,35.2
25/5/2019,9,37.14
25/5/2019,10,37.2
25/5/2019,11,36.25
25/5/2019,12,36.46
25/5/2019,13,34.98
25/5/2019,14,33.37
25/5/2019,15,32.18
25/5/2019,16,31.5
25/5/2019,17,32.35
25/5/2019,18,33.42
25/5/2019,19,38.64
25/5/2019,20,43.1
25/5/2019,21,43.91
25/5/2019,22,44.09
25/5/2019,23,43.93
25/5/2019,24,39.78
26/5/2019,1,36.91
26/5/2019,2,32.48
26/5/2019,3,30.24
26/5/2019,4,29.78
26/5/2019,5,29.15
26/5/2019,6,25.38
26/5/2019,7,23.99
26/5/2019,8,23.65
26/5/2019,9,24.21
26/5/2019,10,24.03
26/5/2019,11,15.96
26/5/2019,12,12.3
26/5/2019,13,12.09
26/5/2019,14,5.83
26/5/2019,15,1.81
26/5/2019,16,2.53
26/5/2019,17,7.2
26/5/2019,18,18.8
26/5/2019,19,32.26
26/5/2019,20,37.76
26/5/2019,21,39.22
26/5/2019,22,41.87
26/5/2019,23,40.13
26/5/2019,24,35.99
27/5/2019,1,22.51
27/5/2019,2,21.99
27/5/2019,3,19.26
27/5/2019,4,18.03
27/5/2019,5,19.92
27/5/2019,6,22.51
27/5/2019,7,33.53
27/5/2019,8,39.92
27/5/2019,9,43.2
27/5/2019,10,37.86
27/5/2019,11,37.8
27/5/2019,12,35
27/5/2019,13,35.59
27/5/2019,14,34.38
27/5/2019,15,33.93
27/5/2019,16,34.04
27/5/2019,17,34.8
27/5/2019,18,38.65
27/5/2019,19,42.95
27/5/2019,20,49
27/5/2019,21,50
27/5/2019,22,49.48
27/5/2019,23,46.05
27/5/2019,24,41.34
28/5/2019,1,34.87
28/5/2019,2,33.4
28/5/2019,3,31.54
28/5/2019,4,31.5
28/5/2019,5,31.6
28/5/2019,6,34.39
28/5/2019,7,43.58
28/5/2019,8,52
28/5/2019,9,53.61
28/5/2019,10,51.7
28/5/2019,11,49.03
28/5/2019,12,48.46
28/5/2019,13,46.53
28/5/2019,14,44.2
28/5/2019,15,41.46
28/5/2019,16,40.51
28/5/2019,17,38.7
28/5/2019,18,40.1
28/5/2019,19,42.56
28/5/2019,20,44.82
28/5/2019,21,45.37
28/5/2019,22,42.5
28/5/2019,23,40.17
28/5/2019,24,36.53
29/5/2019,1,33.5
29/5/2019,2,31.53
29/5/2019,3,29.75
29/5/2019,4,30.1
29/5/2019,5,30.01
29/5/2019,6,32.93
29/5/2019,7,42.93
29/5/2019,8,50
29/5/2019,9,52.52
29/5/2019,10,49.5
29/5/2019,11,46.48
29/5/2019,12,45
29/5/2019,13,43.12
29/5/2019,14,41.5
29/5/2019,15,39.58
29/5/2019,16,39.36
29/5/2019,17,40.3
29/5/2019,18,44.6
29/5/2019,19,46.64
29/5/2019,20,48
29/5/2019,21,48.1
29/5/2019,22,45.59
29/5/2019,23,41.25
29/5/2019,24,35.01
30/5/2019,1,29.9
30/5/2019,2,26
30/5/2019,3,22.29
30/5/2019,4,21.37
30/5/2019,5,19.23
30/5/2019,6,17.52
30/5/2019,7,21
30/5/2019,8,24.01
30/5/2019,9,30.93
30/5/2019,10,21.72
30/5/2019,11,19.62
30/5/2019,12,22.89
30/5/2019,13,36
30/5/2019,14,33.46
30/5/2019,15,22.34
30/5/2019,16,25.42
30/5/2019,17,15
30/5/2019,18,25.02
30/5/2019,19,31
30/5/2019,20,34.31
30/5/2019,21,35.08
30/5/2019,22,34.74
30/5/2019,23,34.67
30/5/2019,24,31.53
31/5/2019,1,32.88
31/5/2019,2,29.02
31/5/2019,3,27.17
31/5/2019,4,26.42
31/5/2019,5,26.99
31/5/2019,6,29.2
31/5/2019,7,35.5
31/5/2019,8,41.08
31/5/2019,9,41.88
31/5/2019,10,38.6
31/5/2019,11,35.67
31/5/2019,12,35
31/5/2019,13,34.12
31/5/2019,14,32.7
31/5/2019,15,31.3
31/5/2019,16,31.07
31/5/2019,17,31.9
31/5/2019,18,36.6
31/5/2019,19,41.9
31/5/2019,20,44.91
31/5/2019,21,46
31/5/2019,22,45
31/5/2019,23,42.3
31/5/2019,24,37.7
1/6/2019,1,36.92
1/6/2019,2,32.5
1/6/2019,3,29.3
1/6/2019,4,28.3
1/6/2019,5,26.27
1/6/2019,6,24.66
1/6/2019,7,26.01
1/6/2019,8,28.7
1/6/2019,9,30.01
1/6/2019,10,28.89
1/6/2019,11,27.01
1/6/2019,12,24.98
1/6/2019,13,24.56
1/6/2019,14,22.85
1/6/2019,15,21.61
1/6/2019,16,22.96
1/6/2019,17,24.88
1/6/2019,18,28.95
1/6/2019,19,34.68
1/6/2019,20,38.7
1/6/2019,21,40.01
1/6/2019,22,40.49
1/6/2019,23,39.55
1/6/2019,24,34.83
2/6/2019,1,27.97
2/6/2019,2,24.53
2/6/2019,3,21.7
2/6/2019,4,19.55
2/6/2019,5,15
2/6/2019,6,10.2
2/6/2019,7,11.97
2/6/2019,8,15
2/6/2019,9,18.1
2/6/2019,10,17.2
2/6/2019,11,15
2/6/2019,12,13.4
2/6/2019,13,9.2
2/6/2019,14,-2.77
2/6/2019,15,-5.23
2/6/2019,16,-2.5
2/6/2019,17,6.16
2/6/2019,18,21.39
2/6/2019,19,29.62
2/6/2019,20,36
2/6/2019,21,37.89
2/6/2019,22,35.3
2/6/2019,23,32.75
2/6/2019,24,27.9
3/6/2019,1,21.11
3/6/2019,2,16.4
3/6/2019,3,15.49
3/6/2019,4,15.63
3/6/2019,5,19.59
3/6/2019,6,25.03
3/6/2019,7,36.17
3/6/2019,8,43.37
3/6/2019,9,42.9
3/6/2019,10,40.26
3/6/2019,11,38.24
3/6/2019,12,37.81
3/6/2019,13,37.63
3/6/2019,14,35.28
3/6/2019,15,34.9
3/6/2019,16,35.1
3/6/2019,17,37.2
3/6/2019,18,42.7
3/6/2019,19,46.73
3/6/2019,20,49
3/6/2019,21,50.43
3/6/2019,22,48.45
3/6/2019,23,43.69
3/6/2019,24,38.48
4/6/2019,1,35.8
4/6/2019,2,34.34
4/6/2019,3,32.98
4/6/2019,4,31.4
4/6/2019,5,31.19
4/6/2019,6,33.59
4/6/2019,7,44.4
4/6/2019,8,52.47
4/6/2019,9,50
4/6/2019,10,45.36
4/6/2019,11,42.1
4/6/2019,12,39.73
4/6/2019,13,38.63
4/6/2019,14,37.35
4/6/2019,15,37
4/6/2019,16,37
4/6/2019,17,38.2
4/6/2019,18,43.8
4/6/2019,19,45.52
4/6/2019,20,48
4/6/2019,21,45
4/6/2019,22,40.91
4/6/2019,23,37.27
4/6/2019,24,30.8
5/6/2019,1,27.02
5/6/2019,2,25.7
5/6/2019,3,23.81
5/6/2019,4,23.01
5/6/2019,5,24.05
5/6/2019,6,27.05
5/6/2019,7,38.08
5/6/2019,8,44.89
5/6/2019,9,48.5
5/6/2019,10,44.51
5/6/2019,11,39.93
5/6/2019,12,38.16
5/6/2019,13,36.62
5/6/2019,14,34.95
5/6/2019,15,34.2
5/6/2019,16,34.12
5/6/2019,17,35.7
5/6/2019,18,41.37
5/6/2019,19,44.97
5/6/2019,20,47.81
5/6/2019,21,45.97
5/6/2019,22,41.92
5/6/2019,23,37.06
5/6/2019,24,31.26
6/6/2019,1,28.92
6/6/2019,2,25.44
6/6/2019,3,24
6/6/2019,4,22.97
6/6/2019,5,22.51
6/6/2019,6,25.29
6/6/2019,7,34.17
6/6/2019,8,38.83
6/6/2019,9,40.78
6/6/2019,10,39
6/6/2019,11,36.14
6/6/2019,12,35
6/6/2019,13,33.04
6/6/2019,14,32.1
6/6/2019,15,31.5
6/6/2019,16,31.54
6/6/2019,17,32
6/6/2019,18,37.83
6/6/2019,19,41.26
6/6/2019,20,45.72
6/6/2019,21,49.06
6/6/2019,22,48.17
6/6/2019,23,44
6/6/2019,24,38.25
7/6/2019,1,36.87
7/6/2019,2,33.06
7/6/2019,3,31.01
7/6/2019,4,31.4
7/6/2019,5,31.48
7/6/2019,6,34.02
7/6/2019,7,42.7
7/6/2019,8,50.37
7/6/2019,9,49.01
7/6/2019,10,42.75
7/6/2019,11,37.45
7/6/2019,12,34.91
7/6/2019,13,32.1
7/6/2019,14,31.69
7/6/2019,15,29.63
7/6/2019,16,31.59
7/6/2019,17,30.1
7/6/2019,18,33.32
7/6/2019,19,38.3
7/6/2019,20,40.31
7/6/2019,21,39.33
7/6/2019,22,35.63
7/6/2019,23,31.12
7/6/2019,24,26.82
8/6/2019,1,9.37
8/6/2019,2,6
8/6/2019,3,0.3
8/6/2019,4,-1
8/6/2019,5,-2.28
8/6/2019,6,-6.57
8/6/2019,7,-10
8/6/2019,8,-7.56
8/6/2019,9,-10
8/6/2019,10,-10
8/6/2019,11,-15.09
8/6/2019,12,-23.74
8/6/2019,13,-31.31
8/6/2019,14,-37.93
8/6/2019,15,-48.14
8/6/2019,16,-45.3
8/6/2019,17,-30
8/6/2019,18,-11.08
8/6/2019,19,5.64
8/6/2019,20,22
8/6/2019,21,31.38
8/6/2019,22,31.81
8/6/2019,23,32.63
8/6/2019,24,29.83
9/6/2019,1,23.51
9/6/2019,2,20.64
9/6/2019,3,18
9/6/2019,4,12.24
9/6/2019,5,11.01
9/6/2019,6,12.47
9/6/2019,7,13.9
9/6/2019,8,19.11
9/6/2019,9,21.41
9/6/2019,10,18.7
9/6/2019,11,17.25
9/6/2019,12,18
9/6/2019,13,15.34
9/6/2019,14,13.29
9/6/2019,15,12.5
9/6/2019,16,19.69
9/6/2019,17,24
9/6/2019,18,30.19
9/6/2019,19,37.99
9/6/2019,20,43.8
9/6/2019,21,45.06
9/6/2019,22,42.95
9/6/2019,23,41.58
9/6/2019,24,36.15
10/6/2019,1,26.59
10/6/2019,2,25.28
10/6/2019,3,23.3
10/6/2019,4,21.81
10/6/2019,5,21
10/6/2019,6,21.84
10/6/2019,7,25.55
10/6/2019,8,30.02
10/6/2019,9,30.7
10/6/2019,10,30.5
10/6/2019,11,27.72
10/6/2019,12,28.53
10/6/2019,13,28.65
10/6/2019,14,24.87
10/6/2019,15,23.55
10/6/2019,16,24.18
10/6/2019,17,25.5
10/6/2019,18,31.41
10/6/2019,19,34.92
10/6/2019,20,38.13
10/6/2019,21,39.94
10/6/2019,22,38.57
10/6/2019,23,36.89
10/6/2019,24,32.31
11/6/2019,1,33.51
11/6/2019,2,32.05
11/6/2019,3,29.23
11/6/2019,4,28.79
11/6/2019,5,29.07
11/6/2019,6,31.81
11/6/2019,7,41.6
11/6/2019,8,51.34
11/6/2019,9,55.27
11/6/2019,10,53.32
11/6/2019,11,49
11/6/2019,12,49
11/6/2019,13,47.51
11/6/2019,14,46.82
11/6/2019,15,45.65
11/6/2019,16,45.74
11/6/2019,17,46.34
11/6/2019,18,50.55
11/6/2019,19,53.02
11/6/2019,20,56.79
11/6/2019,21,55.6
11/6/2019,22,51.91
11/6/2019,23,47.54
11/6/2019,24,41.9
12/6/2019,1,38.93
12/6/2019,2,35.82
12/6/2019,3,33.98
12/6/2019,4,32.57
12/6/2019,5,32.05
12/6/2019,6,34.96
12/6/2019,7,49.3
12/6/2019,8,58.94
12/6/2019,9,61.33
12/6/2019,10,56.39
12/6/2019,11,49.95
12/6/2019,12,47.24
12/6/2019,13,43.8
12/6/2019,14,42.11
12/6/2019,15,40.63
12/6/2019,16,39.7
12/6/2019,17,40.4
12/6/2019,18,45
12/6/2019,19,50
12/6/2019,20,52.2
12/6/2019,21,52.1
12/6/2019,22,48.94
12/6/2019,23,43.5
12/6/2019,24,38.05
13/6/2019,1,33.32
13/6/2019,2,31.3
13/6/2019,3,29.52
13/6/2019,4,28.6
13/6/2019,5,28.16
13/6/2019,6,30.34
13/6/2019,7,39.86
13/6/2019,8,46.8
13/6/2019,9,47.39
13/6/2019,10,42.01
13/6/2019,11,36.1
13/6/2019,12,34.17
13/6/2019,13,30.51
13/6/2019,14,29.81
13/6/2019,15,29.5
13/6/2019,16,29.5
13/6/2019,17,30.6
13/6/2019,18,39
13/6/2019,19,47.3
13/6/2019,20,56.4
13/6/2019,21,56.4
13/6/2019,22,52.5
13/6/2019,23,46.78
13/6/2019,24,39.41
14/6/2019,1,33.55
14/6/2019,2,31.55
14/6/2019,3,29.35
14/6/2019,4,28.56
14/6/2019,5,28.51
14/6/2019,6,30.84
14/6/2019,7,40.53
14/6/2019,8,50.17
14/6/2019,9,53.6
14/6/2019,10,48.52
14/6/2019,11,43.9
14/6/2019,12,43.32
14/6/2019,13,40.8
14/6/2019,14,39
14/6/2019,15,37.98
14/6/2019,16,37.4
14/6/2019,17,40.32
14/6/2019,18,45.7
14/6/2019,19,53.7
14/6/2019,20,57.15
14/6/2019,21,55.61
14/6/2019,22,48.7
14/6/2019,23,42.63
14/6/2019,24,35.53
15/6/2019,1,34.3
15/6/2019,2,30.1
15/6/2019,3,27.1
15/6/2019,4,25.49
15/6/2019,5,24.67
15/6/2019,6,23.17
15/6/2019,7,24.62
15/6/2019,8,29.12
15/6/2019,9,32.37
15/6/2019,10,32.61
15/6/2019,11,30.06
15/6/2019,12,28.37
15/6/2019,13,26.45
15/6/2019,14,24.25
15/6/2019,15,21.79
15/6/2019,16,23.47
15/6/2019,17,24.92
15/6/2019,18,28.9
15/6/2019,19,36.19
15/6/2019,20,39.4
15/6/2019,21,43
15/6/2019,22,42.09
15/6/2019,23,38.9
15/6/2019,24,34.5
16/6/2019,1,30.43
16/6/2019,2,26.61
16/6/2019,3,23.91
16/6/2019,4,22.9
16/6/2019,5,22.99
16/6/2019,6,21.8
16/6/2019,7,21.7
16/6/2019,8,23.95
16/6/2019,9,28.1
16/6/2019,10,28.65
16/6/2019,11,27.74
16/6/2019,12,29.1
16/6/2019,13,25.87
16/6/2019,14,23.4
16/6/2019,15,19.79
16/6/2019,16,19.6
16/6/2019,17,22.77
16/6/2019,18,28.8
16/6/2019,19,39.96
16/6/2019,20,45
16/6/2019,21,46
16/6/2019,22,46.1
16/6/2019,23,44.92
16/6/2019,24,38.1
17/6/2019,1,32.9
17/6/2019,2,30.46
17/6/2019,3,28.3
17/6/2019,4,27.25
17/6/2019,5,26.92
17/6/2019,6,28.88
17/6/2019,7,40.54
17/6/2019,8,54
17/6/2019,9,54.8
17/6/2019,10,47.2
17/6/2019,11,42
17/6/2019,12,41.7
17/6/2019,13,39.67
17/6/2019,14,39
17/6/2019,15,38.05
17/6/2019,16,37.93
17/6/2019,17,41.6
17/6/2019,18,51
17/6/2019,19,59.25
17/6/2019,20,64.6
17/6/2019,21,63.61
17/6/2019,22,58
17/6/2019,23,50.1
17/6/2019,24,42.2
18/6/2019,1,34.2
18/6/2019,2,30.9
18/6/2019,3,29.43
18/6/2019,4,28.44
18/6/2019,5,28.07
18/6/2019,6,31.1
18/6/2019,7,43.1
18/6/2019,8,52.12
18/6/2019,9,52.73
18/6/2019,10,45.66
18/6/2019,11,40.04
18/6/2019,12,37.6
18/6/2019,13,35.42
18/6/2019,14,35.25
18/6/2019,15,35.01
18/6/2019,16,35.97
18/6/2019,17,40
18/6/2019,18,47
18/6/2019,19,57.8
18/6/2019,20,66.93
18/6/2019,21,64.27
18/6/2019,22,55
18/6/2019,23,46.3
18/6/2019,24,39.5
19/6/2019,1,34.3
19/6/2019,2,33.4
19/6/2019,3,31.55
19/6/2019,4,31.42
19/6/2019,5,31.2
19/6/2019,6,32.36
19/6/2019,7,43.6
19/6/2019,8,55.5
19/6/2019,9,54.5
19/6/2019,10,48.3
19/6/2019,11,42.14
19/6/2019,12,41.41
19/6/2019,13,38.62
19/6/2019,14,54
19/6/2019,15,50
19/6/2019,16,37.74
19/6/2019,17,38.17
19/6/2019,18,43.01
19/6/2019,19,46.7
19/6/2019,20,53.3
19/6/2019,21,52.24
19/6/2019,22,47.1
19/6/2019,23,43.01
19/6/2019,24,36.53
20/6/2019,1,33.13
20/6/2019,2,31.54
20/6/2019,3,30.21
20/6/2019,4,29.01
20/6/2019,5,28.03
20/6/2019,6,28
20/6/2019,7,31.01
20/6/2019,8,37.22
20/6/2019,9,39.1
20/6/2019,10,38.7
20/6/2019,11,37.8
20/6/2019,12,37.8
20/6/2019,13,34.8
20/6/2019,14,34.1
20/6/2019,15,33.7
20/6/2019,16,33.82
20/6/2019,17,31.75
20/6/2019,18,36.35
20/6/2019,19,42.4
20/6/2019,20,47
20/6/2019,21,49.64
20/6/2019,22,47.29
20/6/2019,23,44.25
20/6/2019,24,38.51
21/6/2019,1,33.7
21/6/2019,2,32.44
21/6/2019,3,31.97
21/6/2019,4,31.46
21/6/2019,5,30.9
21/6/2019,6,32.46
21/6/2019,7,38.34
21/6/2019,8,49
21/6/2019,9,51.9
21/6/2019,10,45.02
21/6/2019,11,40.44
21/6/2019,12,38.21
21/6/2019,13,36.1
21/6/2019,14,33.97
21/6/2019,15,33.01
21/6/2019,16,33.13
21/6/2019,17,33.73
21/6/2019,18,38
21/6/2019,19,42
21/6/2019,20,47
21/6/2019,21,50.02
21/6/2019,22,48.2
21/6/2019,23,44.12
21/6/2019,24,38.2
22/6/2019,1,34.7
22/6/2019,2,33.4
22/6/2019,3,32.46
22/6/2019,4,32.42
22/6/2019,5,31.51
22/6/2019,6,30.55
22/6/2019,7,31.54
22/6/2019,8,34.8
22/6/2019,9,36.04
22/6/2019,10,34.47
22/6/2019,11,32.3
22/6/2019,12,30.8
22/6/2019,13,28.6
22/6/2019,14,28.4
22/6/2019,15,28.03
22/6/2019,16,28.03
22/6/2019,17,29
22/6/2019,18,32.5
22/6/2019,19,38.03
22/6/2019,20,39.5
22/6/2019,21,39
22/6/2019,22,37.2
22/6/2019,23,34.91
22/6/2019,24,30.2
23/6/2019,1,25.5
23/6/2019,2,22.01
23/6/2019,3,19.72
23/6/2019,4,17.3
23/6/2019,5,15
23/6/2019,6,14.5
23/6/2019,7,17
23/6/2019,8,20.6
23/6/2019,9,23
23/6/2019,10,24
23/6/2019,11,20
23/6/2019,12,19
23/6/2019,13,14.5
23/6/2019,14,12.6
23/6/2019,15,7.01
23/6/2019,16,10.6
23/6/2019,17,13.5
23/6/2019,18,22.1
23/6/2019,19,32.8
23/6/2019,20,36.1
23/6/2019,21,36.11
23/6/2019,22,35.5
23/6/2019,23,35.26
23/6/2019,24,28.22
24/6/2019,1,28.02
24/6/2019,2,25.34
24/6/2019,3,24.87
24/6/2019,4,24.6
24/6/2019,5,25.3
24/6/2019,6,27.8
24/6/2019,7,34.1
24/6/2019,8,44
24/6/2019,9,44.92
24/6/2019,10,39.76
24/6/2019,11,36
24/6/2019,12,34
24/6/2019,13,30.7
24/6/2019,14,30.33
24/6/2019,15,30
24/6/2019,16,30.49
24/6/2019,17,32.61
24/6/2019,18,37.99
24/6/2019,19,42.1
24/6/2019,20,46.83
24/6/2019,21,47
24/6/2019,22,42.47
24/6/2019,23,38
24/6/2019,24,32.72
25/6/2019,1,29.51
25/6/2019,2,27.9
25/6/2019,3,26.36
25/6/2019,4,25.7
25/6/2019,5,25.4
25/6/2019,6,28.47
25/6/2019,7,36.9
25/6/2019,8,49.37
25/6/2019,9,47
25/6/2019,10,42.44
25/6/2019,11,40.4
25/6/2019,12,39.9
25/6/2019,13,40.14
25/6/2019,14,58
25/6/2019,15,51.99
25/6/2019,16,37.87
25/6/2019,17,39.02
25/6/2019,18,43.96
25/6/2019,19,55.2
25/6/2019,20,69.5
25/6/2019,21,68
25/6/2019,22,55.6
25/6/2019,23,43.66
25/6/2019,24,36.82
26/6/2019,1,36.12
26/6/2019,2,34
26/6/2019,3,32.1
26/6/2019,4,30.5
26/6/2019,5,30.8
26/6/2019,6,32.31
26/6/2019,7,46.03
26/6/2019,8,61.8
26/6/2019,9,60.8
26/6/2019,10,48.76
26/6/2019,11,39.1
26/6/2019,12,36
26/6/2019,13,36.87
26/6/2019,14,40.8
26/6/2019,15,40.8
26/6/2019,16,43.63
26/6/2019,17,40.8
26/6/2019,18,40.8
26/6/2019,19,40.8
26/6/2019,20,45.39
26/6/2019,21,44.09
26/6/2019,22,40
26/6/2019,23,36.98
26/6/2019,24,30.54
27/6/2019,1,31.3
27/6/2019,2,29.07
27/6/2019,3,27.5
27/6/2019,4,26.24
27/6/2019,5,26.8
27/6/2019,6,29
27/6/2019,7,35.5
27/6/2019,8,44.6
27/6/2019,9,46
27/6/2019,10,61
27/6/2019,11,37.6
27/6/2019,12,37.1
27/6/2019,13,69
27/6/2019,14,71.44
27/6/2019,15,55.97
27/6/2019,16,40.99
27/6/2019,17,45.99
27/6/2019,18,39.51
27/6/2019,19,44.54
27/6/2019,20,55.96
27/6/2019,21,52.99
27/6/2019,22,45
27/6/2019,23,41.37
27/6/2019,24,36.99
28/6/2019,1,34.4
28/6/2019,2,32.56
28/6/2019,3,31.87
28/6/2019,4,31.85
28/6/2019,5,31.62
28/6/2019,6,33.92
28/6/2019,7,44.49
28/6/2019,8,58
28/6/2019,9,59.06
28/6/2019,10,52.6
28/6/2019,11,43.06
28/6/2019,12,41
28/6/2019,13,41.01
28/6/2019,14,41
28/6/2019,15,36.01
28/6/2019,16,41
28/6/2019,17,41
28/6/2019,18,43.41
28/6/2019,19,51.05
28/6/2019,20,60
28/6/2019,21,62.1
28/6/2019,22,53.6
28/6/2019,23,47.5
28/6/2019,24,39.75
29/6/2019,1,36.2
29/6/2019,2,32.03
29/6/2019,3,30.11
29/6/2019,4,29.9
29/6/2019,5,29.22
29/6/2019,6,28.76
29/6/2019,7,29.99
29/6/2019,8,33.5
29/6/2019,9,34.55
29/6/2019,10,33.21
29/6/2019,11,30.17
29/6/2019,12,29.29
29/6/2019,13,27.92
29/6/2019,14,26.45
29/6/2019,15,26.2
29/6/2019,16,26.5
29/6/2019,17,27.8
29/6/2019,18,33.2
29/6/2019,19,41.72
29/6/2019,20,50.32
29/6/2019,21,49.5
29/6/2019,22,46.61
29/6/2019,23,42.58
29/6/2019,24,35.02
30/6/2019,1,31
30/6/2019,2,25.5
30/6/2019,3,21.3
30/6/2019,4,18.98
30/6/2019,5,14.91
30/6/2019,6,10.09
30/6/2019,7,10.25
30/6/2019,8,7.14
30/6/2019,9,8.38
30/6/2019,10,6
30/6/2019,11,0.73
30/6/2019,12,-2
30/6/2019,13,-2
30/6/2019,14,-23
30/6/2019,15,-23
30/6/2019,16,-15
30/6/2019,17,-5
30/6/2019,18,8
30/6/2019,19,29.7
30/6/2019,20,38
30/6/2019,21,41
30/6/2019,22,38.9
30/6/2019,23,39.98
30/6/2019,24,34.58
1/7/2019,1,28.91
1/7/2019,2,27.37
1/7/2019,3,26.03
1/7/2019,4,26.05
1/7/2019,5,26
1/7/2019,6,29.22
1/7/2019,7,40
1/7/2019,8,50
1/7/2019,9,49.3
1/7/2019,10,40
1/7/2019,11,34.12
1/7/2019,12,34.8
1/7/2019,13,67.4
1/7/2019,14,70.08
1/7/2019,15,68.7
1/7/2019,16,66.46
1/7/2019,17,79.96
1/7/2019,18,83.2
1/7/2019,19,80.84
1/7/2019,20,57.6
1/7/2019,21,55.2
1/7/2019,22,41.1
1/7/2019,23,37.17
1/7/2019,24,31.1
2/7/2019,1,30.2
2/7/2019,2,28.08
2/7/2019,3,26.31
2/7/2019,4,25.36
2/7/2019,5,25.36
2/7/2019,6,27.5
2/7/2019,7,32.78
2/7/2019,8,51.33
2/7/2019,9,56.65
2/7/2019,10,66
2/7/2019,11,57
2/7/2019,12,57
2/7/2019,13,66
2/7/2019,14,55.12
2/7/2019,15,49.5
2/7/2019,16,50
2/7/2019,17,57.7
2/7/2019,18,58
2/7/2019,19,46.2
2/7/2019,20,49.25
2/7/2019,21,49.5
2/7/2019,22,45.02
2/7/2019,23,41.97
2/7/2019,24,36.3
3/7/2019,1,33.4
3/7/2019,2,31.5
3/7/2019,3,30.42
3/7/2019,4,30
3/7/2019,5,30
3/7/2019,6,31.17
3/7/2019,7,43.9
3/7/2019,8,51
3/7/2019,9,50
3/7/2019,10,41.4
3/7/2019,11,38.1
3/7/2019,12,37.64
3/7/2019,13,56
3/7/2019,14,58.94
3/7/2019,15,56
3/7/2019,16,54.6
3/7/2019,17,52
3/7/2019,18,38.94
3/7/2019,19,42.7
3/7/2019,20,50
3/7/2019,21,52.8
3/7/2019,22,47.12
3/7/2019,23,41.7
3/7/2019,24,35.25
4/7/2019,1,30.2
4/7/2019,2,27.9
4/7/2019,3,27.9
4/7/2019,4,27.7
4/7/2019,5,28.3
4/7/2019,6,29.5
4/7/2019,7,38.78
4/7/2019,8,46.7
4/7/2019,9,45.68
4/7/2019,10,37.6
4/7/2019,11,39.32
4/7/2019,12,50
4/7/2019,13,47.29
4/7/2019,14,35
4/7/2019,15,42
4/7/2019,16,32.2
4/7/2019,17,44.64
4/7/2019,18,35.17
4/7/2019,19,39.2
4/7/2019,20,46.5
4/7/2019,21,49.6
4/7/2019,22,41.4
4/7/2019,23,39.9
4/7/2019,24,34.3
5/7/2019,1,31
5/7/2019,2,29.69
5/7/2019,3,28.44
5/7/2019,4,28.1
5/7/2019,5,28.09
5/7/2019,6,29.69
5/7/2019,7,34.7
5/7/2019,8,42.35
5/7/2019,9,44.9
5/7/2019,10,41.75
5/7/2019,11,38.94
5/7/2019,12,36.62
5/7/2019,13,33.9
5/7/2019,14,31.03
5/7/2019,15,30.9
5/7/2019,16,30.5
5/7/2019,17,31
5/7/2019,18,34.5
5/7/2019,19,40.23
5/7/2019,20,45.26
5/7/2019,21,48.5
5/7/2019,22,45.57
5/7/2019,23,44.4
5/7/2019,24,40.75
6/7/2019,1,37.5
6/7/2019,2,33.99
6/7/2019,3,31.5
6/7/2019,4,29.6
6/7/2019,5,28.95
6/7/2019,6,28.88
6/7/2019,7,29.17
6/7/2019,8,33.17
6/7/2019,9,33.34
6/7/2019,10,31.78
6/7/2019,11,29.8
6/7/2019,12,28.5
6/7/2019,13,26
6/7/2019,14,25.7
6/7/2019,15,26.01
6/7/2019,16,26.01
6/7/2019,17,26.01
6/7/2019,18,27.1
6/7/2019,19,30.8
6/7/2019,20,34.73
6/7/2019,21,34.14
6/7/2019,22,34
6/7/2019,23,34.2
6/7/2019,24,30.6
7/7/2019,1,28.8
7/7/2019,2,25.97
7/7/2019,3,21.62
7/7/2019,4,19.1
7/7/2019,5,18.6
7/7/2019,6,15.2
7/7/2019,7,15.46
7/7/2019,8,17.5
7/7/2019,9,20.05
7/7/2019,10,20.5
7/7/2019,11,19
7/7/2019,12,19.27
7/7/2019,13,17.7
7/7/2019,14,17.22
7/7/2019,15,5.9
7/7/2019,16,4.76
7/7/2019,17,8
7/7/2019,18,20.9
7/7/2019,19,30.94
7/7/2019,20,36.01
7/7/2019,21,37.99
7/7/2019,22,39
7/7/2019,23,41.24
7/7/2019,24,36.95
8/7/2019,1,31.5
8/7/2019,2,30
8/7/2019,3,28.13
8/7/2019,4,28.2
8/7/2019,5,27.9
8/7/2019,6,28.8
8/7/2019,7,38.5
8/7/2019,8,47.75
8/7/2019,9,47.26
8/7/2019,10,44.2
8/7/2019,11,41.05
8/7/2019,12,41
8/7/2019,13,39
8/7/2019,14,46
8/7/2019,15,44
8/7/2019,16,43
8/7/2019,17,35
8/7/2019,18,36.6
8/7/2019,19,39.98
8/7/2019,20,43.75
8/7/2019,21,45.9
8/7/2019,22,42.1
8/7/2019,23,41.5
8/7/2019,24,35.7
9/7/2019,1,34
9/7/2019,2,31
9/7/2019,3,30
9/7/2019,4,29.3
9/7/2019,5,29.92
9/7/2019,6,30.54
9/7/2019,7,37
9/7/2019,8,45
9/7/2019,9,44
9/7/2019,10,40.9
9/7/2019,11,38.5
9/7/2019,12,38
9/7/2019,13,36.45
9/7/2019,14,34.45
9/7/2019,15,32.38
9/7/2019,16,34.64
9/7/2019,17,35.81
9/7/2019,18,37.11
9/7/2019,19,41.12
9/7/2019,20,45.71
9/7/2019,21,48.5
9/7/2019,22,45.19
9/7/2019,23,43.87
9/7/2019,24,36.76
10/7/2019,1,34.26
10/7/2019,2,34.29
10/7/2019,3,33.02
10/7/2019,4,32.77
10/7/2019,5,32.89
10/7/2019,6,34.28
10/7/2019,7,44.41
10/7/2019,8,52.54
10/7/2019,9,51.16
10/7/2019,10,45.93
10/7/2019,11,42.43
10/7/2019,12,42.36
10/7/2019,13,39.61
10/7/2019,14,37.25
10/7/2019,15,37.06
10/7/2019,16,37.73
10/7/2019,17,38.71
10/7/2019,18,43.78
10/7/2019,19,48.8
10/7/2019,20,55.61
10/7/2019,21,57.32
10/7/2019,22,53.5
10/7/2019,23,48.1
10/7/2019,24,41.1
11/7/2019,1,37.78
11/7/2019,2,35.56
11/7/2019,3,34.89
11/7/2019,4,33.9
11/7/2019,5,33.95
11/7/2019,6,35.02
11/7/2019,7,44.32
11/7/2019,8,54.1
11/7/2019,9,58.81
11/7/2019,10,53.5
11/7/2019,11,51.09
11/7/2019,12,51.47
11/7/2019,13,50.46
11/7/2019,14,49.1
11/7/2019,15,47.5
11/7/2019,16,46.52
11/7/2019,17,47.25
11/7/2019,18,51.42
11/7/2019,19,54.59
11/7/2019,20,56.82
11/7/2019,21,51
11/7/2019,22,48.4
11/7/2019,23,46.13
11/7/2019,24,41
12/7/2019,1,38.51
12/7/2019,2,36.99
12/7/2019,3,36.64
12/7/2019,4,36
12/7/2019,5,35.67
12/7/2019,6,37.2
12/7/2019,7,43.86
12/7/2019,8,50.02
12/7/2019,9,52.7
12/7/2019,10,51.7
12/7/2019,11,50.2
12/7/2019,12,50.22
12/7/2019,13,47.71
12/7/2019,14,44.1
12/7/2019,15,43.2
12/7/2019,16,43.67
12/7/2019,17,44
12/7/2019,18,45
12/7/2019,19,48.3
12/7/2019,20,50.29
12/7/2019,21,49.6
12/7/2019,22,47
12/7/2019,23,45.8
12/7/2019,24,40.79
13/7/2019,1,41.3
13/7/2019,2,36.19
13/7/2019,3,34.1
13/7/2019,4,33.46
13/7/2019,5,33.36
13/7/2019,6,33.03
13/7/2019,7,33.85
13/7/2019,8,35.9
13/7/2019,9,38.12
13/7/2019,10,39.53
13/7/2019,11,39.57
13/7/2019,12,39.2
13/7/2019,13,36.99
13/7/2019,14,34.92
13/7/2019,15,32.88
13/7/2019,16,32.5
13/7/2019,17,33.14
13/7/2019,18,34.58
13/7/2019,19,37
13/7/2019,20,40.13
13/7/2019,21,40.1
13/7/2019,22,38.71
13/7/2019,23,39.65
13/7/2019,24,37.03
14/7/2019,1,38
14/7/2019,2,35.89
14/7/2019,3,34.88
14/7/2019,4,32.51
14/7/2019,5,33
14/7/2019,6,32.55
14/7/2019,7,32
14/7/2019,8,32
14/7/2019,9,33.4
14/7/2019,10,34.8
14/7/2019,11,36
14/7/2019,12,36.5
14/7/2019,13,33.81
14/7/2019,14,32.38
14/7/2019,15,30.75
14/7/2019,16,31.29
14/7/2019,17,32.3
14/7/2019,18,34.12
14/7/2019,19,39.15
14/7/2019,20,41.06
14/7/2019,21,42.3
14/7/2019,22,43.26
14/7/2019,23,45.29
14/7/2019,24,39.31
15/7/2019,1,37.4
15/7/2019,2,35.45
15/7/2019,3,34.4
15/7/2019,4,34.7
15/7/2019,5,35
15/7/2019,6,35.43
15/7/2019,7,42.2
15/7/2019,8,51
15/7/2019,9,52.2
15/7/2019,10,48
15/7/2019,11,45.49
15/7/2019,12,47.5
15/7/2019,13,45.22
15/7/2019,14,42.26
15/7/2019,15,40
15/7/2019,16,40.31
15/7/2019,17,62
15/7/2019,18,60.82
15/7/2019,19,56.03
15/7/2019,20,55.27
15/7/2019,21,56.85
15/7/2019,22,45.66
15/7/2019,23,43.35
15/7/2019,24,39
16/7/2019,1,38.02
16/7/2019,2,37.3
16/7/2019,3,36.05
16/7/2019,4,35.2
16/7/2019,5,35
16/7/2019,6,37.4
16/7/2019,7,42.5
16/7/2019,8,49.85
16/7/2019,9,51.2
16/7/2019,10,47.99
16/7/2019,11,46.5
16/7/2019,12,46.3
16/7/2019,13,53
16/7/2019,14,55.12
16/7/2019,15,53
16/7/2019,16,54
16/7/2019,17,55.12
16/7/2019,18,45.8
16/7/2019,19,50.5
16/7/2019,20,56.2
16/7/2019,21,56.9
16/7/2019,22,53.5
16/7/2019,23,49.2
16/7/2019,24,43.63
17/7/2019,1,39.2
17/7/2019,2,37.53
17/7/2019,3,36.92
17/7/2019,4,36.35
17/7/2019,5,36.4
17/7/2019,6,38.04
17/7/2019,7,46.75
17/7/2019,8,53
17/7/2019,9,54.98
17/7/2019,10,55.36
17/7/2019,11,54.05
17/7/2019,12,57.37
17/7/2019,13,57.3
17/7/2019,14,56.36
17/7/2019,15,54.95
17/7/2019,16,54.95
17/7/2019,17,56.71
17/7/2019,18,54.23
17/7/2019,19,55
17/7/2019,20,58.85
17/7/2019,21,59.27
17/7/2019,22,54.8
17/7/2019,23,52.75
17/7/2019,24,46.6
18/7/2019,1,43
18/7/2019,2,41.5
18/7/2019,3,39.14
18/7/2019,4,38.2
18/7/2019,5,38.1
18/7/2019,6,38.86
18/7/2019,7,44.61
18/7/2019,8,52.2
18/7/2019,9,51.86
18/7/2019,10,50.98
18/7/2019,11,54.92
18/7/2019,12,64.09
18/7/2019,13,66.23
18/7/2019,14,67
18/7/2019,15,65
18/7/2019,16,65.03
18/7/2019,17,65.07
18/7/2019,18,46.5
18/7/2019,19,51.1
18/7/2019,20,53.3
18/7/2019,21,54.2
18/7/2019,22,51.2
18/7/2019,23,49.05
18/7/2019,24,44.2
19/7/2019,1,39.1
19/7/2019,2,37.8
19/7/2019,3,37.5
19/7/2019,4,37.5
19/7/2019,5,37.67
19/7/2019,6,37.63
19/7/2019,7,45.24
19/7/2019,8,51.6
19/7/2019,9,57
19/7/2019,10,60
19/7/2019,11,58.72
19/7/2019,12,58.72
19/7/2019,13,59.93
19/7/2019,14,57.94
19/7/2019,15,55.02
19/7/2019,16,54.92
19/7/2019,17,61.27
19/7/2019,18,54
19/7/2019,19,50.74
19/7/2019,20,55.1
19/7/2019,21,53.52
19/7/2019,22,50.24
19/7/2019,23,48.5
19/7/2019,24,44.01
20/7/2019,1,43.63
20/7/2019,2,40.36
20/7/2019,3,37.5
20/7/2019,4,36.52
20/7/2019,5,35.57
20/7/2019,6,35
20/7/2019,7,35.16
20/7/2019,8,35.7
20/7/2019,9,37
20/7/2019,10,36.99
20/7/2019,11,36.14
20/7/2019,12,33.4
20/7/2019,13,31
20/7/2019,14,29.1
20/7/2019,15,28.95
20/7/2019,16,30
20/7/2019,17,31.77
20/7/2019,18,34.8
20/7/2019,19,37.85
20/7/2019,20,40.01
20/7/2019,21,41.4
20/7/2019,22,40.6
20/7/2019,23,42.01
20/7/2019,24,37.7
21/7/2019,1,32.03
21/7/2019,2,28.92
21/7/2019,3,27.66
21/7/2019,4,27.7
21/7/2019,5,27.4
21/7/2019,6,26.57
21/7/2019,7,25.48
21/7/2019,8,26.5
21/7/2019,9,27.5
21/7/2019,10,27
21/7/2019,11,26.7
21/7/2019,12,27.58
21/7/2019,13,25.3
21/7/2019,14,24.7
21/7/2019,15,18
21/7/2019,16,19.85
21/7/2019,17,24.73
21/7/2019,18,26.8
21/7/2019,19,33.8
21/7/2019,20,39.8
21/7/2019,21,43.5
21/7/2019,22,44.3
21/7/2019,23,45.5
21/7/2019,24,40.2
22/7/2019,1,38.42
22/7/2019,2,37
22/7/2019,3,37
22/7/2019,4,36.34
22/7/2019,5,36.06
22/7/2019,6,36.93
22/7/2019,7,43.06
22/7/2019,8,48.42
22/7/2019,9,48.7
22/7/2019,10,46.99
22/7/2019,11,46.5
22/7/2019,12,45.2
22/7/2019,13,43.24
22/7/2019,14,43.7
22/7/2019,15,41.16
22/7/2019,16,40.93
22/7/2019,17,42.1
22/7/2019,18,45.8
22/7/2019,19,49.62
22/7/2019,20,53.9
22/7/2019,21,53.5
22/7/2019,22,52.46
22/7/2019,23,50.8
22/7/2019,24,44.1
23/7/2019,1,40.3
23/7/2019,2,38
23/7/2019,3,37.25
23/7/2019,4,37.06
23/7/2019,5,36.4
23/7/2019,6,37.5
23/7/2019,7,45.5
23/7/2019,8,53.01
23/7/2019,9,53.2
23/7/2019,10,51.59
23/7/2019,11,49.9
23/7/2019,12,47.37
23/7/2019,13,46.6
23/7/2019,14,46.6
23/7/2019,15,44.01
23/7/2019,16,46.6
23/7/2019,17,46.1
23/7/2019,18,49.8
23/7/2019,19,56.12
23/7/2019,20,62.45
23/7/2019,21,58.7
23/7/2019,22,55.04
23/7/2019,23,52
23/7/2019,24,45.01
24/7/2019,1,42.8
24/7/2019,2,40.59
24/7/2019,3,39.5
24/7/2019,4,39
24/7/2019,5,39
24/7/2019,6,39.87
24/7/2019,7,46.98
24/7/2019,8,55.53
24/7/2019,9,55.8
24/7/2019,10,54.8
24/7/2019,11,53.34
24/7/2019,12,56
24/7/2019,13,56
24/7/2019,14,47.94
24/7/2019,15,47
24/7/2019,16,60
24/7/2019,17,65
24/7/2019,18,55.78
24/7/2019,19,61.48
24/7/2019,20,66.58
24/7/2019,21,63.07
24/7/2019,22,58.49
24/7/2019,23,54.4
24/7/2019,24,46.48
25/7/2019,1,44.1
25/7/2019,2,42.76
25/7/2019,3,41
25/7/2019,4,40.49
25/7/2019,5,40.2
25/7/2019,6,42.51
25/7/2019,7,55.6
25/7/2019,8,65
25/7/2019,9,64.35
25/7/2019,10,60.9
25/7/2019,11,56.71
25/7/2019,12,53.6
25/7/2019,13,51.09
25/7/2019,14,48.79
25/7/2019,15,48.89
25/7/2019,16,52.8
25/7/2019,17,56.12
25/7/2019,18,61.1
25/7/2019,19,67
25/7/2019,20,70.3
25/7/2019,21,64.1
25/7/2019,22,58.3
25/7/2019,23,53.49
25/7/2019,24,46.26
26/7/2019,1,41.11
26/7/2019,2,40.25
26/7/2019,3,38.95
26/7/2019,4,39
26/7/2019,5,38.78
26/7/2019,6,40.36
26/7/2019,7,46.23
26/7/2019,8,54.01
26/7/2019,9,54.9
26/7/2019,10,54.01
26/7/2019,11,50.8
26/7/2019,12,50.3
26/7/2019,13,48.25
26/7/2019,14,46.1
26/7/2019,15,44.57
26/7/2019,16,45.75
26/7/2019,17,46.6
26/7/2019,18,52.1
26/7/2019,19,53.81
26/7/2019,20,54.45
26/7/2019,21,52.76
26/7/2019,22,50.69
26/7/2019,23,46.6
26/7/2019,24,40.19
27/7/2019,1,38.51
27/7/2019,2,35.2
27/7/2019,3,34.74
27/7/2019,4,34.2
27/7/2019,5,33.62
27/7/2019,6,33.11
27/7/2019,7,34.27
27/7/2019,8,35.84
27/7/2019,9,38.6
27/7/2019,10,39.4
27/7/2019,11,37.9
27/7/2019,12,38.03
27/7/2019,13,35.53
27/7/2019,14,34.43
27/7/2019,15,34.95
27/7/2019,16,34.92
27/7/2019,17,36.4
27/7/2019,18,37.5
27/7/2019,19,39.91
27/7/2019,20,41.04
27/7/2019,21,39.9
27/7/2019,22,39.6
27/7/2019,23,38.17
27/7/2019,24,34.03
28/7/2019,1,31.5
28/7/2019,2,29
28/7/2019,3,27.91
28/7/2019,4,28
28/7/2019,5,27.6
28/7/2019,6,27.59
28/7/2019,7,27.84
28/7/2019,8,30.6
28/7/2019,9,33.1
28/7/2019,10,35.06
28/7/2019,11,35
28/7/2019,12,35
28/7/2019,13,33.59
28/7/2019,14,32.25
28/7/2019,15,31.5
28/7/2019,16,32.04
28/7/2019,17,33.6
28/7/2019,18,38.24
28/7/2019,19,42
28/7/2019,20,48
28/7/2019,21,46
28/7/2019,22,45.93
28/7/2019,23,44.6
28/7/2019,24,40.9
29/7/2019,1,35.57
29/7/2019,2,33.7
29/7/2019,3,32
29/7/2019,4,32.04
29/7/2019,5,31.5
29/7/2019,6,34.51
29/7/2019,7,42.08
29/7/2019,8,49.75
29/7/2019,9,52.3
29/7/2019,10,51.7
29/7/2019,11,51.8
29/7/2019,12,47.73
29/7/2019,13,44.71
29/7/2019,14,44.15
29/7/2019,15,42.95
29/7/2019,16,43.12
29/7/2019,17,42.8
29/7/2019,18,46.7
29/7/2019,19,49.8
29/7/2019,20,53.94
29/7/2019,21,52.08
29/7/2019,22,49.65
29/7/2019,23,47.7
29/7/2019,24,40.76
30/7/2019,1,38.97
30/7/2019,2,37.32
30/7/2019,3,36.4
30/7/2019,4,35.7
30/7/2019,5,35.8
30/7/2019,6,37.1
30/7/2019,7,44.92
30/7/2019,8,51.46
30/7/2019,9,53.49
30/7/2019,10,50.1
30/7/2019,11,47.1
30/7/2019,12,44.6
30/7/2019,13,43.2
30/7/2019,14,40.6
30/7/2019,15,40.2
30/7/2019,16,40.54
30/7/2019,17,40.5
30/7/2019,18,45.8
30/7/2019,19,51.22
30/7/2019,20,55.1
30/7/2019,21,53.6
30/7/2019,22,50.03
30/7/2019,23,45.01
30/7/2019,24,39.5
31/7/2019,1,37.89
31/7/2019,2,37.1
31/7/2019,3,36.12
31/7/2019,4,36
31/7/2019,5,36.5
31/7/2019,6,37.2
31/7/2019,7,40.2
31/7/2019,8,48.3
31/7/2019,9,51.1
31/7/2019,10,49.4
31/7/2019,11,46.1
31/7/2019,12,45.5
31/7/2019,13,42.58
31/7/2019,14,40.99
31/7/2019,15,40.6
31/7/2019,16,41
31/7/2019,17,41.58
31/7/2019,18,43.86
31/7/2019,19,46.4
31/7/2019,20,51.3
31/7/2019,21,53.3
31/7/2019,22,49.4
31/7/2019,23,44.6
31/7/2019,24,40
1/8/2019,1,39.3
1/8/2019,2,37.98
1/8/2019,3,37.6
1/8/2019,4,37.54
1/8/2019,5,37.65
1/8/2019,6,38
1/8/2019,7,43.9
1/8/2019,8,52.59
1/8/2019,9,52.9
1/8/2019,10,47.01
1/8/2019,11,45.4
1/8/2019,12,44.01
1/8/2019,13,42.7
1/8/2019,14,41.37
1/8/2019,15,41.3
1/8/2019,16,42.39
1/8/2019,17,43.31
1/8/2019,18,48.32
1/8/2019,19,54.01
1/8/2019,20,60.8
1/8/2019,21,65
1/8/2019,22,60.7
1/8/2019,23,52.75
1/8/2019,24,44.01
2/8/2019,1,39.98
2/8/2019,2,38.6
2/8/2019,3,38
2/8/2019,4,38.1
2/8/2019,5,38.2
2/8/2019,6,39.3
2/8/2019,7,45.4
2/8/2019,8,51.5
2/8/2019,9,51.58
2/8/2019,10,48.1
2/8/2019,11,46
2/8/2019,12,44.9
2/8/2019,13,43.29
2/8/2019,14,41.51
2/8/2019,15,40.63
2/8/2019,16,40.92
2/8/2019,17,40.99
2/8/2019,18,44.3
2/8/2019,19,48.1
2/8/2019,20,49.9
2/8/2019,21,50.37
2/8/2019,22,48.66
2/8/2019,23,45.6
2/8/2019,24,39.75
3/8/2019,1,39.4
3/8/2019,2,37.6
3/8/2019,3,36.1
3/8/2019,4,36.2
3/8/2019,5,36.1
3/8/2019,6,36.1
3/8/2019,7,36.25
3/8/2019,8,38.17
3/8/2019,9,38.55
3/8/2019,10,40
3/8/2019,11,39.1
3/8/2019,12,37.3
3/8/2019,13,35.7
3/8/2019,14,33.1
3/8/2019,15,32.18
3/8/2019,16,32.3
3/8/2019,17,33.7
3/8/2019,18,36.3
3/8/2019,19,39.87
3/8/2019,20,41.8
3/8/2019,21,41.71
3/8/2019,22,41.5
3/8/2019,23,41.2
3/8/2019,24,38.3
4/8/2019,1,37.01
4/8/2019,2,34
4/8/2019,3,32.59
4/8/2019,4,31.62
4/8/2019,5,30.72
4/8/2019,6,29.97
4/8/2019,7,30.72
4/8/2019,8,32.07
4/8/2019,9,32.25
4/8/2019,10,31.6
4/8/2019,11,31
4/8/2019,12,31.1
4/8/2019,13,30.2
4/8/2019,14,28.85
4/8/2019,15,27.75
4/8/2019,16,28.38
4/8/2019,17,29.5
4/8/2019,18,34.88
4/8/2019,19,39.9
4/8/2019,20,42.59
4/8/2019,21,43.76
4/8/2019,22,43.85
4/8/2019,23,43.21
4/8/2019,24,40.29
5/8/2019,1,36.7
5/8/2019,2,34
5/8/2019,3,32.6
5/8/2019,4,32.95
5/8/2019,5,33
5/8/2019,6,35.6
5/8/2019,7,44.16
5/8/2019,8,51.27
5/8/2019,9,55
5/8/2019,10,54
5/8/2019,11,51.7
5/8/2019,12,49.4
5/8/2019,13,45.87
5/8/2019,14,44.7
5/8/2019,15,43
5/8/2019,16,43.63
5/8/2019,17,43.89
5/8/2019,18,47.09
5/8/2019,19,51
5/8/2019,20,55.48
5/8/2019,21,56.5
5/8/2019,22,52
5/8/2019,23,47.2
5/8/2019,24,41.7
6/8/2019,1,36.33
6/8/2019,2,34.01
6/8/2019,3,32.88
6/8/2019,4,32.29
6/8/2019,5,33
6/8/2019,6,35.55
6/8/2019,7,39.6
6/8/2019,8,45.01
6/8/2019,9,46.5
6/8/2019,10,46.74
6/8/2019,11,44.26
6/8/2019,12,43
6/8/2019,13,42.01
6/8/2019,14,40.64
6/8/2019,15,38.4
6/8/2019,16,38.67
6/8/2019,17,39.64
6/8/2019,18,43.89
6/8/2019,19,50.3
6/8/2019,20,54
6/8/2019,21,57.5
6/8/2019,22,52.28
6/8/2019,23,46.01
6/8/2019,24,40.01
7/8/2019,1,37.5
7/8/2019,2,35.79
7/8/2019,3,34.04
7/8/2019,4,33.8
7/8/2019,5,34.48
7/8/2019,6,36
7/8/2019,7,40.69
7/8/2019,8,46.4
7/8/2019,9,48.36
7/8/2019,10,48.3
7/8/2019,11,46.9
7/8/2019,12,46.9
7/8/2019,13,44.32
7/8/2019,14,47.5
7/8/2019,15,42.67
7/8/2019,16,41.9
7/8/2019,17,42.6
7/8/2019,18,44
7/8/2019,19,45.4
7/8/2019,20,46.6
7/8/2019,21,46.15
7/8/2019,22,44.66
7/8/2019,23,41.65
7/8/2019,24,36.26
8/8/2019,1,34.2
8/8/2019,2,32.22
8/8/2019,3,30.95
8/8/2019,4,30.13
8/8/2019,5,30.4
8/8/2019,6,32.4
8/8/2019,7,37.1
8/8/2019,8,41.53
8/8/2019,9,41.6
8/8/2019,10,39.88
8/8/2019,11,36.43
8/8/2019,12,42.23
8/8/2019,13,44
8/8/2019,14,44
8/8/2019,15,36.08
8/8/2019,16,35
8/8/2019,17,42.5
8/8/2019,18,42.5
8/8/2019,19,42.5
8/8/2019,20,44.28
8/8/2019,21,45
8/8/2019,22,44.2
8/8/2019,23,42.32
8/8/2019,24,39.34
9/8/2019,1,35.25
9/8/2019,2,33.75
9/8/2019,3,33.7
9/8/2019,4,33.67
9/8/2019,5,33.63
9/8/2019,6,36
9/8/2019,7,44.02
9/8/2019,8,48.2
9/8/2019,9,46.8
9/8/2019,10,43.55
9/8/2019,11,41.53
9/8/2019,12,41.65
9/8/2019,13,39.44
9/8/2019,14,38
9/8/2019,15,37
9/8/2019,16,37.49
9/8/2019,17,39
9/8/2019,18,41.73
9/8/2019,19,43
9/8/2019,20,43.5
9/8/2019,21,40.7
9/8/2019,22,38.26
9/8/2019,23,35.98
9/8/2019,24,30.2
10/8/2019,1,27.7
10/8/2019,2,23.56
10/8/2019,3,18.76
10/8/2019,4,13.4
10/8/2019,5,11.1
10/8/2019,6,7.75
10/8/2019,7,12.25
10/8/2019,8,16.65
10/8/2019,9,29.99
10/8/2019,10,53.01
10/8/2019,11,62.99
10/8/2019,12,65.5
10/8/2019,13,64
10/8/2019,14,57.03
10/8/2019,15,50.01
10/8/2019,16,51
10/8/2019,17,57
10/8/2019,18,50.99
10/8/2019,19,50.99
10/8/2019,20,51
10/8/2019,21,29.5
10/8/2019,22,32.5
10/8/2019,23,26.09
10/8/2019,24,22.19
11/8/2019,1,19.8
11/8/2019,2,14.2
11/8/2019,3,10.6
11/8/2019,4,8
11/8/2019,5,10.33
11/8/2019,6,10.61
11/8/2019,7,10.25
11/8/2019,8,9.33
11/8/2019,9,14.13
11/8/2019,10,22.13
11/8/2019,11,45.78
11/8/2019,12,47.57
11/8/2019,13,31
11/8/2019,14,15
11/8/2019,15,7.61
11/8/2019,16,5.3
11/8/2019,17,11.1
11/8/2019,18,25.99
11/8/2019,19,34
11/8/2019,20,46
11/8/2019,21,49
11/8/2019,22,49.79
11/8/2019,23,47.75
11/8/2019,24,42.04
12/8/2019,1,31.75
12/8/2019,2,30.52
12/8/2019,3,29.75
12/8/2019,4,29.75
12/8/2019,5,29.2
12/8/2019,6,32.63
12/8/2019,7,38
12/8/2019,8,44
12/8/2019,9,45
12/8/2019,10,43.93
12/8/2019,11,38.5
12/8/2019,12,37.74
12/8/2019,13,36.82
12/8/2019,14,37.3
12/8/2019,15,37.75
12/8/2019,16,39
12/8/2019,17,39.4
12/8/2019,18,43.6
12/8/2019,19,52.6
12/8/2019,20,56.1
12/8/2019,21,54.2
12/8/2019,22,50.34
12/8/2019,23,43.1
12/8/2019,24,33.98
13/8/2019,1,37.9
13/8/2019,2,36.2
13/8/2019,3,35.5
13/8/2019,4,34.51
13/8/2019,5,34.78
13/8/2019,6,36.01
13/8/2019,7,44.41
13/8/2019,8,53.22
13/8/2019,9,47.66
13/8/2019,10,43.52
13/8/2019,11,37.8
13/8/2019,12,36.8
13/8/2019,13,35.13
13/8/2019,14,32.72
13/8/2019,15,31.5
13/8/2019,16,31.8
13/8/2019,17,32.83
13/8/2019,18,37.07
13/8/2019,19,43.9
13/8/2019,20,55.5
13/8/2019,21,52.57
13/8/2019,22,49
13/8/2019,23,41.31
13/8/2019,24,36.51
14/8/2019,1,35
14/8/2019,2,33
14/8/2019,3,32.27
14/8/2019,4,31.6
14/8/2019,5,32.1
14/8/2019,6,33.85
14/8/2019,7,43
14/8/2019,8,49.26
14/8/2019,9,49.43
14/8/2019,10,43.67
14/8/2019,11,39.53
14/8/2019,12,39.46
14/8/2019,13,45.3
14/8/2019,14,37.63
14/8/2019,15,35.17
14/8/2019,16,35.64
14/8/2019,17,38.57
14/8/2019,18,41.96
14/8/2019,19,52
14/8/2019,20,60.6
14/8/2019,21,64.3
14/8/2019,22,56.93
14/8/2019,23,45.7
14/8/2019,24,38
15/8/2019,1,29.38
15/8/2019,2,26.5
15/8/2019,3,25.2
15/8/2019,4,24.17
15/8/2019,5,23.9
15/8/2019,6,25.64
15/8/2019,7,28.5
15/8/2019,8,34.73
15/8/2019,9,34.33
15/8/2019,10,33.17
15/8/2019,11,31.2
15/8/2019,12,29.08
15/8/2019,13,27.59
15/8/2019,14,26.78
15/8/2019,15,25.97
15/8/2019,16,26.09
15/8/2019,17,27
15/8/2019,18,32.7
15/8/2019,19,38.07
15/8/2019,20,41.19
15/8/2019,21,41.57
15/8/2019,22,38.07
15/8/2019,23,33.85
15/8/2019,24,30.6
16/8/2019,1,26.12
16/8/2019,2,25.51
16/8/2019,3,24.61
16/8/2019,4,24.2
16/8/2019,5,25
16/8/2019,6,26.7
16/8/2019,7,33.6
16/8/2019,8,40
16/8/2019,9,41.6
16/8/2019,10,39.7
16/8/2019,11,37.6
16/8/2019,12,36.36
16/8/2019,13,34.9
16/8/2019,14,32.4
16/8/2019,15,31.1
16/8/2019,16,32.2
16/8/2019,17,34.1
16/8/2019,18,37.3
16/8/2019,19,45
16/8/2019,20,50.95
16/8/2019,21,51.46
16/8/2019,22,43.3
16/8/2019,23,36.7
16/8/2019,24,32.4
17/8/2019,1,29.8
17/8/2019,2,27.21
17/8/2019,3,25.36
17/8/2019,4,23
17/8/2019,5,18.1
17/8/2019,6,16.3
17/8/2019,7,19
17/8/2019,8,22.98
17/8/2019,9,27.37
17/8/2019,10,28.63
17/8/2019,11,33.5
17/8/2019,12,34
17/8/2019,13,30.25
17/8/2019,14,23.72
17/8/2019,15,23.15
17/8/2019,16,26.33
17/8/2019,17,33
17/8/2019,18,33
17/8/2019,19,33.27
17/8/2019,20,35.3
17/8/2019,21,37.3
17/8/2019,22,36.9
17/8/2019,23,35.67
17/8/2019,24,33.1
18/8/2019,1,30.7
18/8/2019,2,26.7
18/8/2019,3,24.57
18/8/2019,4,24.44
18/8/2019,5,24.17
18/8/2019,6,23.6
18/8/2019,7,24
18/8/2019,8,24.33
18/8/2019,9,26.6
18/8/2019,10,29.1
18/8/2019,11,46.33
18/8/2019,12,43.35
18/8/2019,13,22.55
18/8/2019,14,19.79
18/8/2019,15,33
18/8/2019,16,18.9
18/8/2019,17,20.88
18/8/2019,18,24.43
18/8/2019,19,35
18/8/2019,20,36.97
18/8/2019,21,38
18/8/2019,22,38.77
18/8/2019,23,35.68
18/8/2019,24,34
19/8/2019,1,27.93
19/8/2019,2,26.23
19/8/2019,3,26.13
19/8/2019,4,26.13
19/8/2019,5,26.06
19/8/2019,6,26.35
19/8/2019,7,35.4
19/8/2019,8,43.5
19/8/2019,9,46.3
19/8/2019,10,50
19/8/2019,11,51.2
19/8/2019,12,54.9
19/8/2019,13,55.8
19/8/2019,14,53
19/8/2019,15,49.3
19/8/2019,16,52.2
19/8/2019,17,55.4
19/8/2019,18,36.91
19/8/2019,19,42.58
19/8/2019,20,48.2
19/8/2019,21,51.8
19/8/2019,22,47.3
19/8/2019,23,38
19/8/2019,24,34.07
20/8/2019,1,33.5
20/8/2019,2,31.99
20/8/2019,3,31.06
20/8/2019,4,30.76
20/8/2019,5,31
20/8/2019,6,34.9
20/8/2019,7,42.99
20/8/2019,8,55
20/8/2019,9,56.91
20/8/2019,10,56.7
20/8/2019,11,50
20/8/2019,12,51
20/8/2019,13,53.94
20/8/2019,14,56
20/8/2019,15,51
20/8/2019,16,59
20/8/2019,17,60.71
20/8/2019,18,64.09
20/8/2019,19,50.01
20/8/2019,20,53
20/8/2019,21,54.98
20/8/2019,22,48.75
20/8/2019,23,42.24
20/8/2019,24,35.9
21/8/2019,1,33.01
21/8/2019,2,31.3
21/8/2019,3,30.1
21/8/2019,4,29.7
21/8/2019,5,30.4
21/8/2019,6,33.5
21/8/2019,7,41.25
21/8/2019,8,48.76
21/8/2019,9,48.83
21/8/2019,10,45.25
21/8/2019,11,37.5
21/8/2019,12,36.19
21/8/2019,13,35.82
21/8/2019,14,35.32
21/8/2019,15,35.01
21/8/2019,16,36.01
21/8/2019,17,38.01
21/8/2019,18,41.07
21/8/2019,19,49.2
21/8/2019,20,56.44
21/8/2019,21,59.75
21/8/2019,22,50.21
21/8/2019,23,42.4
21/8/2019,24,36.6
22/8/2019,1,33.34
22/8/2019,2,32.42
22/8/2019,3,30.44
22/8/2019,4,30.1
22/8/2019,5,30.5
22/8/2019,6,32.73
22/8/2019,7,38.53
22/8/2019,8,45
22/8/2019,9,45
22/8/2019,10,43.3
22/8/2019,11,43.3
22/8/2019,12,43.3
22/8/2019,13,43.3
22/8/2019,14,43.3
22/8/2019,15,43.3
22/8/2019,16,43.3
22/8/2019,17,43.3
22/8/2019,18,43.3
22/8/2019,19,46
22/8/2019,20,54
22/8/2019,21,54
22/8/2019,22,46.6
22/8/2019,23,41.06
22/8/2019,24,35.39
23/8/2019,1,33.09
23/8/2019,2,31.09
23/8/2019,3,30.01
23/8/2019,4,29.1
23/8/2019,5,30.2
23/8/2019,6,33.13
23/8/2019,7,40.43
23/8/2019,8,57.55
23/8/2019,9,52.71
23/8/2019,10,53
23/8/2019,11,54.8
23/8/2019,12,56
23/8/2019,13,56
23/8/2019,14,53
23/8/2019,15,53
23/8/2019,16,56
23/8/2019,17,57
23/8/2019,18,60
23/8/2019,19,49
23/8/2019,20,55.18
23/8/2019,21,53
23/8/2019,22,46.51
23/8/2019,23,38.97
23/8/2019,24,34.36
24/8/2019,1,32.4
24/8/2019,2,30
24/8/2019,3,29.4
24/8/2019,4,29.1
24/8/2019,5,29.01
24/8/2019,6,29
24/8/2019,7,29.78
24/8/2019,8,30.99
24/8/2019,9,33.39
24/8/2019,10,33.03
24/8/2019,11,31.62
24/8/2019,12,31.17
24/8/2019,13,29.5
24/8/2019,14,28.01
24/8/2019,15,28.01
24/8/2019,16,28.01
24/8/2019,17,28.51
24/8/2019,18,32.25
24/8/2019,19,37.2
24/8/2019,20,40.5
24/8/2019,21,39.4
24/8/2019,22,36.1
24/8/2019,23,33.5
24/8/2019,24,30.72
25/8/2019,1,29.37
25/8/2019,2,27.5
25/8/2019,3,27.02
25/8/2019,4,27.57
25/8/2019,5,27
25/8/2019,6,26.81
25/8/2019,7,26.49
25/8/2019,8,27.48
25/8/2019,9,28.23
25/8/2019,10,29.09
25/8/2019,11,27
25/8/2019,12,27
25/8/2019,13,26.6
25/8/2019,14,26.67
25/8/2019,15,26.6
25/8/2019,16,27.5
25/8/2019,17,27.2
25/8/2019,18,33
25/8/2019,19,36.61
25/8/2019,20,40.7
25/8/2019,21,41.59
25/8/2019,22,41.32
25/8/2019,23,38.82
25/8/2019,24,34.6
26/8/2019,1,30.7
26/8/2019,2,31.09
26/8/2019,3,30.9
26/8/2019,4,30.4
26/8/2019,5,31.09
26/8/2019,6,32.51
26/8/2019,7,43.68
26/8/2019,8,59.8
26/8/2019,9,58.27
26/8/2019,10,60.39
26/8/2019,11,54
26/8/2019,12,63.81
26/8/2019,13,56
26/8/2019,14,56
26/8/2019,15,52
26/8/2019,16,52
26/8/2019,17,52
26/8/2019,18,47.41
26/8/2019,19,52
26/8/2019,20,59.25
26/8/2019,21,59
26/8/2019,22,49.8
26/8/2019,23,42.4
26/8/2019,24,37
27/8/2019,1,37.5
27/8/2019,2,35.84
27/8/2019,3,34.95
27/8/2019,4,34.51
27/8/2019,5,34.85
27/8/2019,6,37.57
27/8/2019,7,49.1
27/8/2019,8,62.01
27/8/2019,9,58.01
27/8/2019,10,50.42
27/8/2019,11,45.2
27/8/2019,12,43.85
27/8/2019,13,81.1
27/8/2019,14,70
27/8/2019,15,58.6
27/8/2019,16,42.5
27/8/2019,17,42.5
27/8/2019,18,49.07
27/8/2019,19,55.45
27/8/2019,20,60.84
27/8/2019,21,59
27/8/2019,22,51.2
27/8/2019,23,44.11
27/8/2019,24,38.15
28/8/2019,1,37.12
28/8/2019,2,35.7
28/8/2019,3,34.86
28/8/2019,4,34.8
28/8/2019,5,34.94
28/8/2019,6,35.94
28/8/2019,7,45.01
28/8/2019,8,59.9
28/8/2019,9,57.66
28/8/2019,10,55.3
28/8/2019,11,52.01
28/8/2019,12,48.64
28/8/2019,13,57
28/8/2019,14,57
28/8/2019,15,57
28/8/2019,16,49
28/8/2019,17,47.32
28/8/2019,18,52.04
28/8/2019,19,59.07
28/8/2019,20,70.59
28/8/2019,21,67
28/8/2019,22,58.9
28/8/2019,23,50.55
28/8/2019,24,41.26
29/8/2019,1,37.3
29/8/2019,2,35.68
29/8/2019,3,35.41
29/8/2019,4,35.11
29/8/2019,5,35.22
29/8/2019,6,36.3
29/8/2019,7,46.61
29/8/2019,8,58.63
29/8/2019,9,60.01
29/8/2019,10,52.9
29/8/2019,11,48.52
29/8/2019,12,47.66
29/8/2019,13,55
29/8/2019,14,57
29/8/2019,15,43.01
29/8/2019,16,55
29/8/2019,17,45.78
29/8/2019,18,52.57
29/8/2019,19,60.73
29/8/2019,20,66.99
29/8/2019,21,63.63
29/8/2019,22,53.01
29/8/2019,23,49.31
29/8/2019,24,42
30/8/2019,1,35.78
30/8/2019,2,34.6
30/8/2019,3,34.08
30/8/2019,4,33.74
30/8/2019,5,33.85
30/8/2019,6,35.32
30/8/2019,7,43.3
30/8/2019,8,53.58
30/8/2019,9,54.38
30/8/2019,10,52.9
30/8/2019,11,49.54
30/8/2019,12,60
30/8/2019,13,66
30/8/2019,14,66.36
30/8/2019,15,70
30/8/2019,16,76.09
30/8/2019,17,46.98
30/8/2019,18,44.8
30/8/2019,19,51.02
30/8/2019,20,57.04
30/8/2019,21,54.8
30/8/2019,22,48.13
30/8/2019,23,42.75
30/8/2019,24,36.2
31/8/2019,1,33.83
31/8/2019,2,31.78
31/8/2019,3,31.51
31/8/2019,4,31.51
31/8/2019,5,31.51
31/8/2019,6,31.28
31/8/2019,7,31.51
31/8/2019,8,33.47
31/8/2019,9,34.43
31/8/2019,10,33.89
31/8/2019,11,32.2
31/8/2019,12,31.51
31/8/2019,13,31.51
31/8/2019,14,32.01
31/8/2019,15,31.51
31/8/2019,16,30.61
31/8/2019,17,31.51
31/8/2019,18,34.32
31/8/2019,19,38.76
31/8/2019,20,43.9
31/8/2019,21,44.29
31/8/2019,22,40.83
31/8/2019,23,37.96
31/8/2019,24,33.91
1/9/2019,1,30.43
1/9/2019,2,28.5
1/9/2019,3,27.3
1/9/2019,4,27.4
1/9/2019,5,27.12
1/9/2019,6,26.68
1/9/2019,7,26.5
1/9/2019,8,26.4
1/9/2019,9,27.6
1/9/2019,10,28.2
1/9/2019,11,27.5
1/9/2019,12,26.63
1/9/2019,13,26.4
1/9/2019,14,26.04
1/9/2019,15,26.62
1/9/2019,16,26.35
1/9/2019,17,26.2
1/9/2019,18,32
1/9/2019,19,42.92
1/9/2019,20,44
1/9/2019,21,45.08
1/9/2019,22,43
1/9/2019,23,41.25
1/9/2019,24,37.48
2/9/2019,1,29.4
2/9/2019,2,28
2/9/2019,3,27.7
2/9/2019,4,27.5
2/9/2019,5,27.5
2/9/2019,6,29.76
2/9/2019,7,40.9
2/9/2019,8,50.73
2/9/2019,9,64.68
2/9/2019,10,67
2/9/2019,11,78.17
2/9/2019,12,78.86
2/9/2019,13,73.3
2/9/2019,14,38.94
2/9/2019,15,38.28
2/9/2019,16,38.5
2/9/2019,17,55
2/9/2019,18,44.8
2/9/2019,19,47.58
2/9/2019,20,52.53
2/9/2019,21,53.8
2/9/2019,22,47.9
2/9/2019,23,41.8
2/9/2019,24,33.82
3/9/2019,1,30.01
3/9/2019,2,27.6
3/9/2019,3,26.55
3/9/2019,4,25.99
3/9/2019,5,26.6
3/9/2019,6,28.57
3/9/2019,7,38.96
3/9/2019,8,45.01
3/9/2019,9,46
3/9/2019,10,44.01
3/9/2019,11,40.14
3/9/2019,12,38.37
3/9/2019,13,37.55
3/9/2019,14,33.2
3/9/2019,15,31.98
3/9/2019,16,32.47
3/9/2019,17,34.67
3/9/2019,18,38.97
3/9/2019,19,45.36
3/9/2019,20,54
3/9/2019,21,53.75
3/9/2019,22,45.88
3/9/2019,23,40.93
3/9/2019,24,35.07
4/9/2019,1,32.2
4/9/2019,2,29.45
4/9/2019,3,28.6
4/9/2019,4,27.1
4/9/2019,5,27.98
4/9/2019,6,28.78
4/9/2019,7,41.8
4/9/2019,8,44.03
4/9/2019,9,43.44
4/9/2019,10,45
4/9/2019,11,34.15
4/9/2019,12,32.22
4/9/2019,13,31.1
4/9/2019,14,30.01
4/9/2019,15,30.01
4/9/2019,16,29.1
4/9/2019,17,45
4/9/2019,18,36.4
4/9/2019,19,41.8
4/9/2019,20,45.46
4/9/2019,21,45.77
4/9/2019,22,40.16
4/9/2019,23,35.41
4/9/2019,24,31.01
5/9/2019,1,27.95
5/9/2019,2,25.37
5/9/2019,3,25.07
5/9/2019,4,24.75
5/9/2019,5,24.67
5/9/2019,6,25.6
5/9/2019,7,34.45
5/9/2019,8,40.55
5/9/2019,9,40.18
5/9/2019,10,37.52
5/9/2019,11,35.16
5/9/2019,12,33.64
5/9/2019,13,31.98
5/9/2019,14,30.96
5/9/2019,15,32.02
5/9/2019,16,41.9
5/9/2019,17,46
5/9/2019,18,49.09
5/9/2019,19,44
5/9/2019,20,44
5/9/2019,21,46
5/9/2019,22,41
5/9/2019,23,34.15
5/9/2019,24,28.8
6/9/2019,1,27.33
6/9/2019,2,26.01
6/9/2019,3,25.46
6/9/2019,4,25.34
6/9/2019,5,25.6
6/9/2019,6,27.02
6/9/2019,7,36.26
6/9/2019,8,45.21
6/9/2019,9,56
6/9/2019,10,56
6/9/2019,11,56
6/9/2019,12,56
6/9/2019,13,56.34
6/9/2019,14,52
6/9/2019,15,49
6/9/2019,16,49
6/9/2019,17,50
6/9/2019,18,46.82
6/9/2019,19,47.35
6/9/2019,20,46
6/9/2019,21,46
6/9/2019,22,41.6
6/9/2019,23,36.43
6/9/2019,24,32.5
7/9/2019,1,31
7/9/2019,2,29.8
7/9/2019,3,28.84
7/9/2019,4,28.47
7/9/2019,5,28.7
7/9/2019,6,28.9
7/9/2019,7,31
7/9/2019,8,34.5
7/9/2019,9,37.3
7/9/2019,10,38.8
7/9/2019,11,39.54
7/9/2019,12,47
7/9/2019,13,45
7/9/2019,14,43
7/9/2019,15,42
7/9/2019,16,30.82
7/9/2019,17,31.62
7/9/2019,18,33.6
7/9/2019,19,39.26
7/9/2019,20,42.3
7/9/2019,21,42.3
7/9/2019,22,39.38
7/9/2019,23,37.2
7/9/2019,24,31.75
8/9/2019,1,31.72
8/9/2019,2,30.37
8/9/2019,3,30.4
8/9/2019,4,29.11
8/9/2019,5,28.89
8/9/2019,6,28.82
8/9/2019,7,28.82
8/9/2019,8,30.56
8/9/2019,9,31.9
8/9/2019,10,34.3
8/9/2019,11,34.2
8/9/2019,12,33.95
8/9/2019,13,32.2
8/9/2019,14,30.38
8/9/2019,15,29
8/9/2019,16,29.52
8/9/2019,17,30.5
8/9/2019,18,37
8/9/2019,19,43.28
8/9/2019,20,49.75
8/9/2019,21,51.5
8/9/2019,22,44
8/9/2019,23,42.5
8/9/2019,24,37.56
9/9/2019,1,34.03
9/9/2019,2,32.76
9/9/2019,3,30.79
9/9/2019,4,30.06
9/9/2019,5,31.2
9/9/2019,6,34
9/9/2019,7,46.4
9/9/2019,8,59.43
9/9/2019,9,63
9/9/2019,10,63.18
9/9/2019,11,55.53
9/9/2019,12,53.45
9/9/2019,13,53.72
9/9/2019,14,52.99
9/9/2019,15,53.25
9/9/2019,16,54.93
9/9/2019,17,54.29
9/9/2019,18,56.5
9/9/2019,19,56.5
9/9/2019,20,60.2
9/9/2019,21,60.67
9/9/2019,22,49.3
9/9/2019,23,42.73
9/9/2019,24,37.25
10/9/2019,1,32.01
10/9/2019,2,30.2
10/9/2019,3,28.82
10/9/2019,4,27.11
10/9/2019,5,27.53
10/9/2019,6,30.2
10/9/2019,7,36.9
10/9/2019,8,42.9
10/9/2019,9,42.4
10/9/2019,10,39
10/9/2019,11,35
10/9/2019,12,32.3
10/9/2019,13,30.4
10/9/2019,14,31.2
10/9/2019,15,31.01
10/9/2019,16,41.9
10/9/2019,17,48
10/9/2019,18,40.24
10/9/2019,19,49
10/9/2019,20,51
10/9/2019,21,50.1
10/9/2019,22,43.1
10/9/2019,23,39.79
10/9/2019,24,32.9
11/9/2019,1,30.1
11/9/2019,2,29.66
11/9/2019,3,28.72
11/9/2019,4,28.6
11/9/2019,5,29.64
11/9/2019,6,30.8
11/9/2019,7,40.3
11/9/2019,8,44.43
11/9/2019,9,43.41
11/9/2019,10,46
11/9/2019,11,36.72
11/9/2019,12,33.22
11/9/2019,13,31.45
11/9/2019,14,40.29
11/9/2019,15,30.6
11/9/2019,16,41.9
11/9/2019,17,41.9
11/9/2019,18,34.8
11/9/2019,19,38.6
11/9/2019,20,42
11/9/2019,21,43.2
11/9/2019,22,38.72
11/9/2019,23,33.6
11/9/2019,24,29.6
12/9/2019,1,29.88
12/9/2019,2,28.89
12/9/2019,3,28.55
12/9/2019,4,28.39
12/9/2019,5,28.5
12/9/2019,6,30.8
12/9/2019,7,44
12/9/2019,8,50
12/9/2019,9,52.2
12/9/2019,10,47.12
12/9/2019,11,45.6
12/9/2019,12,42.5
12/9/2019,13,38
12/9/2019,14,36.2
12/9/2019,15,34.2
12/9/2019,16,36.01
12/9/2019,17,36.65
12/9/2019,18,41.9
12/9/2019,19,47
12/9/2019,20,50.17
12/9/2019,21,50
12/9/2019,22,41.9
12/9/2019,23,36
12/9/2019,24,31.01
13/9/2019,1,31.12
13/9/2019,2,29.41
13/9/2019,3,27.76
13/9/2019,4,26.84
13/9/2019,5,27.37
13/9/2019,6,29.74
13/9/2019,7,41.9
13/9/2019,8,43.9
13/9/2019,9,44.01
13/9/2019,10,42.01
13/9/2019,11,40.01
13/9/2019,12,37.33
13/9/2019,13,38.02
13/9/2019,14,44
13/9/2019,15,38.97
13/9/2019,16,46
13/9/2019,17,46
13/9/2019,18,42.41
13/9/2019,19,45.09
13/9/2019,20,47.9
13/9/2019,21,48
13/9/2019,22,43.26
13/9/2019,23,39
13/9/2019,24,34.5
14/9/2019,1,37
14/9/2019,2,34.01
14/9/2019,3,33.01
14/9/2019,4,32.8
14/9/2019,5,32.7
14/9/2019,6,32.7
14/9/2019,7,34.8
14/9/2019,8,37.22
14/9/2019,9,39.1
14/9/2019,10,39.1
14/9/2019,11,37
14/9/2019,12,35.65
14/9/2019,13,33.01
14/9/2019,14,32.01
14/9/2019,15,30.65
14/9/2019,16,31
14/9/2019,17,32.62
14/9/2019,18,37.19
14/9/2019,19,45.41
14/9/2019,20,51.14
14/9/2019,21,49.47
14/9/2019,22,42.28
14/9/2019,23,37.37
14/9/2019,24,33.01
15/9/2019,1,28.9
15/9/2019,2,25.39
15/9/2019,3,24.38
15/9/2019,4,24
15/9/2019,5,22.66
15/9/2019,6,23.21
15/9/2019,7,20.3
15/9/2019,8,21.7
15/9/2019,9,25.9
15/9/2019,10,25.73
15/9/2019,11,26.79
15/9/2019,12,26.49
15/9/2019,13,24.88
15/9/2019,14,23.89
15/9/2019,15,20.01
15/9/2019,16,20.01
15/9/2019,17,23.39
15/9/2019,18,30
15/9/2019,19,38
15/9/2019,20,45
15/9/2019,21,45.7
15/9/2019,22,40.9
15/9/2019,23,38.5
15/9/2019,24,35.13
16/9/2019,1,30.7
16/9/2019,2,30.78
16/9/2019,3,28.92
16/9/2019,4,28.51
16/9/2019,5,29.2
16/9/2019,6,32.37
16/9/2019,7,46
16/9/2019,8,55.74
16/9/2019,9,56.84
16/9/2019,10,53
16/9/2019,11,47.99
16/9/2019,12,47.5
16/9/2019,13,47.14
16/9/2019,14,50
16/9/2019,15,43
16/9/2019,16,50
16/9/2019,17,50
16/9/2019,18,50
16/9/2019,19,52.5
16/9/2019,20,59
16/9/2019,21,56.5
16/9/2019,22,49.23
16/9/2019,23,41.9
16/9/2019,24,37
17/9/2019,1,37.72
17/9/2019,2,35.45
17/9/2019,3,33.7
17/9/2019,4,31.35
17/9/2019,5,32.2
17/9/2019,6,38
17/9/2019,7,45.66
17/9/2019,8,56
17/9/2019,9,58
17/9/2019,10,61.21
17/9/2019,11,58.74
17/9/2019,12,58.66
17/9/2019,13,54.22
17/9/2019,14,41.9
17/9/2019,15,41.9
17/9/2019,16,49
17/9/2019,17,49
17/9/2019,18,51.35
17/9/2019,19,51.75
17/9/2019,20,59.34
17/9/2019,21,57
17/9/2019,22,43.01
17/9/2019,23,32.6
17/9/2019,24,27.01
18/9/2019,1,27.4
18/9/2019,2,27.01
18/9/2019,3,27.01
18/9/2019,4,27.01
18/9/2019,5,28.13
18/9/2019,6,30.73
18/9/2019,7,45.01
18/9/2019,8,49.01
18/9/2019,9,48.4
18/9/2019,10,43.6
18/9/2019,11,36.5
18/9/2019,12,31.3
18/9/2019,13,30.99
18/9/2019,14,29.59
18/9/2019,15,28.64
18/9/2019,16,30.39
18/9/2019,17,36.42
18/9/2019,18,41.5
18/9/2019,19,46.1
18/9/2019,20,61.17
18/9/2019,21,55
18/9/2019,22,46.3
18/9/2019,23,43.4
18/9/2019,24,39
19/9/2019,1,36.99
19/9/2019,2,34.3
19/9/2019,3,33.7
19/9/2019,4,33.08
19/9/2019,5,34.01
19/9/2019,6,44
19/9/2019,7,55.74
19/9/2019,8,55.75
19/9/2019,9,56.34
19/9/2019,10,51.18
19/9/2019,11,46.25
19/9/2019,12,44
19/9/2019,13,41.7
19/9/2019,14,41
19/9/2019,15,40.04
19/9/2019,16,40.41
19/9/2019,17,43.47
19/9/2019,18,49.68
19/9/2019,19,55.6
19/9/2019,20,71.18
19/9/2019,21,62.7
19/9/2019,22,55.03
19/9/2019,23,50.13
19/9/2019,24,43.4
20/9/2019,1,39.68
20/9/2019,2,39.22
20/9/2019,3,36.7
20/9/2019,4,36.52
20/9/2019,5,37.6
20/9/2019,6,39.6
20/9/2019,7,57.3
20/9/2019,8,60.29
20/9/2019,9,59.23
20/9/2019,10,54.05
20/9/2019,11,51.3
20/9/2019,12,46.94
20/9/2019,13,47.4
20/9/2019,14,43.04
20/9/2019,15,42.89
20/9/2019,16,43
20/9/2019,17,44.8
20/9/2019,18,49.6
20/9/2019,19,52.89
20/9/2019,20,66.96
20/9/2019,21,55.93
20/9/2019,22,49.32
20/9/2019,23,44.02
20/9/2019,24,38.07
21/9/2019,1,34.09
21/9/2019,2,30.06
21/9/2019,3,29.57
21/9/2019,4,29.19
21/9/2019,5,29.02
21/9/2019,6,30.49
21/9/2019,7,33.1
21/9/2019,8,37.01
21/9/2019,9,38.62
21/9/2019,10,36.2
21/9/2019,11,34.55
21/9/2019,12,33.89
21/9/2019,13,29.42
21/9/2019,14,28.78
21/9/2019,15,28.98
21/9/2019,16,29.1
21/9/2019,17,29.67
21/9/2019,18,35.52
21/9/2019,19,43.3
21/9/2019,20,46.09
21/9/2019,21,42.8
21/9/2019,22,38.7
21/9/2019,23,36.12
21/9/2019,24,31.1
22/9/2019,1,28.95
22/9/2019,2,27.5
22/9/2019,3,27.09
22/9/2019,4,26.25
22/9/2019,5,26.1
22/9/2019,6,26.51
22/9/2019,7,27.09
22/9/2019,8,27.23
22/9/2019,9,29.09
22/9/2019,10,29.63
22/9/2019,11,29.39
22/9/2019,12,29.24
22/9/2019,13,27.5
22/9/2019,14,26.01
22/9/2019,15,24.69
22/9/2019,16,26.49
22/9/2019,17,27.95
22/9/2019,18,34.01
22/9/2019,19,49
22/9/2019,20,45.39
22/9/2019,21,46
22/9/2019,22,39.38
22/9/2019,23,38.3
22/9/2019,24,34.09
23/9/2019,1,31.01
23/9/2019,2,29.7
23/9/2019,3,29.9
23/9/2019,4,28.8
23/9/2019,5,29.6
23/9/2019,6,30.8
23/9/2019,7,47.89
23/9/2019,8,50.75
23/9/2019,9,55.09
23/9/2019,10,53.09
23/9/2019,11,51
23/9/2019,12,48.4
23/9/2019,13,48.3
23/9/2019,14,47
23/9/2019,15,47.4
23/9/2019,16,53
23/9/2019,17,55
23/9/2019,18,54.4
23/9/2019,19,61.7
23/9/2019,20,67.59
23/9/2019,21,62.79
23/9/2019,22,52.24
23/9/2019,23,46
23/9/2019,24,38.79
24/9/2019,1,36.01
24/9/2019,2,34.01
24/9/2019,3,33.01
24/9/2019,4,33.01
24/9/2019,5,34.25
24/9/2019,6,38.47
24/9/2019,7,55
24/9/2019,8,60
24/9/2019,9,61.67
24/9/2019,10,55
24/9/2019,11,50.37
24/9/2019,12,49.25
24/9/2019,13,47.8
24/9/2019,14,46.77
24/9/2019,15,44.7
24/9/2019,16,47.9
24/9/2019,17,51.53
24/9/2019,18,55
24/9/2019,19,56
24/9/2019,20,65.24
24/9/2019,21,56
24/9/2019,22,47.1
24/9/2019,23,40
24/9/2019,24,34
25/9/2019,1,33.4
25/9/2019,2,33
25/9/2019,3,32.39
25/9/2019,4,32.36
25/9/2019,5,33.1
25/9/2019,6,36.2
25/9/2019,7,55
25/9/2019,8,59.78
25/9/2019,9,62.14
25/9/2019,10,60
25/9/2019,11,58
25/9/2019,12,55.92
25/9/2019,13,60
25/9/2019,14,65
25/9/2019,15,60
25/9/2019,16,60
25/9/2019,17,57.57
25/9/2019,18,55
25/9/2019,19,61.47
25/9/2019,20,64.5
25/9/2019,21,55.8
25/9/2019,22,48.69
25/9/2019,23,41.8
25/9/2019,24,37.08
26/9/2019,1,38.5
26/9/2019,2,35.26
26/9/2019,3,33.35
26/9/2019,4,33.51
26/9/2019,5,34.3
26/9/2019,6,43.01
26/9/2019,7,63.61
26/9/2019,8,68.57
26/9/2019,9,72.42
26/9/2019,10,71.33
26/9/2019,11,67.83
26/9/2019,12,67.05
26/9/2019,13,67.05
26/9/2019,14,65
26/9/2019,15,61.59
26/9/2019,16,62.57
26/9/2019,17,65.95
26/9/2019,18,67.63
26/9/2019,19,71.3
26/9/2019,20,78.07
26/9/2019,21,71.39
26/9/2019,22,58
26/9/2019,23,42.3
26/9/2019,24,34.97
27/9/2019,1,31.37
27/9/2019,2,32.2
27/9/2019,3,29.06
27/9/2019,4,28.53
27/9/2019,5,30.16
27/9/2019,6,31.78
27/9/2019,7,56
27/9/2019,8,65.4
27/9/2019,9,68.03
27/9/2019,10,66.97
27/9/2019,11,60.7
27/9/2019,12,58
27/9/2019,13,55.2
27/9/2019,14,48.22
27/9/2019,15,45.2
27/9/2019,16,45.47
27/9/2019,17,45.52
27/9/2019,18,46.4
27/9/2019,19,46.3
27/9/2019,20,47.9
27/9/2019,21,44
27/9/2019,22,36.56
27/9/2019,23,33.04
27/9/2019,24,28.01
28/9/2019,1,27.75
28/9/2019,2,27.26
28/9/2019,3,24.98
28/9/2019,4,24.57
28/9/2019,5,24.75
28/9/2019,6,26.47
28/9/2019,7,28.92
28/9/2019,8,33.58
28/9/2019,9,35.03
28/9/2019,10,37.26
28/9/2019,11,37.15
28/9/2019,12,37.97
28/9/2019,13,36.3
28/9/2019,14,34.3
28/9/2019,15,33.5
28/9/2019,16,32.78
28/9/2019,17,33.94
28/9/2019,18,38
28/9/2019,19,38.62
28/9/2019,20,44
28/9/2019,21,40
28/9/2019,22,31.6
28/9/2019,23,30.3
28/9/2019,24,26.66
29/9/2019,1,16.75
29/9/2019,2,19.77
29/9/2019,3,19.88
29/9/2019,4,13.16
29/9/2019,5,14.5
29/9/2019,6,13
29/9/2019,7,16.93
29/9/2019,8,17.97
29/9/2019,9,22.6
29/9/2019,10,25.7
29/9/2019,11,24.53
29/9/2019,12,24.53
29/9/2019,13,20.13
29/9/2019,14,12.27
29/9/2019,15,10.01
29/9/2019,16,10.8
29/9/2019,17,18.5
29/9/2019,18,24.51
29/9/2019,19,55
29/9/2019,20,79
29/9/2019,21,54.03
29/9/2019,22,34
29/9/2019,23,46
29/9/2019,24,24.57
30/9/2019,1,20.44
30/9/2019,2,21.25
30/9/2019,3,14
30/9/2019,4,14
30/9/2019,5,17.75
30/9/2019,6,20.71
30/9/2019,7,42
30/9/2019,8,39
30/9/2019,9,38.33
30/9/2019,10,36.8
30/9/2019,11,32
30/9/2019,12,31.62
30/9/2019,13,38
30/9/2019,14,37.55
30/9/2019,15,35.67
30/9/2019,16,36.87
30/9/2019,17,40
30/9/2019,18,43.53
30/9/2019,19,48.33
30/9/2019,20,55
30/9/2019,21,51
30/9/2019,22,43.8
30/9/2019,23,39
30/9/2019,24,30.94
1/10/2019,1,32.13
1/10/2019,2,31.01
1/10/2019,3,29.85
1/10/2019,4,29.53
1/10/2019,5,30.75
1/10/2019,6,33.33
1/10/2019,7,43
1/10/2019,8,48.29
1/10/2019,9,49.29
1/10/2019,10,45.81
1/10/2019,11,43.08
1/10/2019,12,40.45
1/10/2019,13,38.45
1/10/2019,14,36.1
1/10/2019,15,35.8
1/10/2019,16,39.3
1/10/2019,17,44
1/10/2019,18,46.89
1/10/2019,19,48.94
1/10/2019,20,53.21
1/10/2019,21,51.4
1/10/2019,22,44.89
1/10/2019,23,40.6
1/10/2019,24,35.21
2/10/2019,1,33
2/10/2019,2,32.16
2/10/2019,3,30.45
2/10/2019,4,30.29
2/10/2019,5,30.6
2/10/2019,6,33.2
2/10/2019,7,45.36
2/10/2019,8,54.4
2/10/2019,9,55.9
2/10/2019,10,56
2/10/2019,11,53.13
2/10/2019,12,56
2/10/2019,13,58.51
2/10/2019,14,58.93
2/10/2019,15,58.61
2/10/2019,16,58.31
2/10/2019,17,57.94
2/10/2019,18,55
2/10/2019,19,58
2/10/2019,20,58
2/10/2019,21,49.01
2/10/2019,22,42.63
2/10/2019,23,37.55
2/10/2019,24,29.8
3/10/2019,1,28.79
3/10/2019,2,27.19
3/10/2019,3,26.69
3/10/2019,4,26.07
3/10/2019,5,26.72
3/10/2019,6,29.76
3/10/2019,7,36.44
3/10/2019,8,44.16
3/10/2019,9,45.32
3/10/2019,10,43.89
3/10/2019,11,43.23
3/10/2019,12,45
3/10/2019,13,43.3
3/10/2019,14,41
3/10/2019,15,38.4
3/10/2019,16,38.09
3/10/2019,17,40
3/10/2019,18,46
3/10/2019,19,52.5
3/10/2019,20,57.85
3/10/2019,21,55.1
3/10/2019,22,48.31
3/10/2019,23,44.84
3/10/2019,24,40.26
4/10/2019,1,36.74
4/10/2019,2,35.32
4/10/2019,3,34.28
4/10/2019,4,33.92
4/10/2019,5,35.51
4/10/2019,6,37.37
4/10/2019,7,46.71
4/10/2019,8,51.5
4/10/2019,9,54
4/10/2019,10,53.87
4/10/2019,11,52
4/10/2019,12,50.1
4/10/2019,13,49.06
4/10/2019,14,45.32
4/10/2019,15,44.78
4/10/2019,16,44.01
4/10/2019,17,44.59
4/10/2019,18,47.5
4/10/2019,19,50.93
4/10/2019,20,52.17
4/10/2019,21,48.89
4/10/2019,22,42.44
4/10/2019,23,38.21
4/10/2019,24,33.18
5/10/2019,1,31.63
5/10/2019,2,29.66
5/10/2019,3,29.6
5/10/2019,4,29.56
5/10/2019,5,29.5
5/10/2019,6,29.63
5/10/2019,7,29.8
5/10/2019,8,32.22
5/10/2019,9,36.23
5/10/2019,10,38.03
5/10/2019,11,37.39
5/10/2019,12,37.39
5/10/2019,13,36.01
5/10/2019,14,34.48
5/10/2019,15,33.65
5/10/2019,16,34.01
5/10/2019,17,35.73
5/10/2019,18,41.92
5/10/2019,19,46.3
5/10/2019,20,50.09
5/10/2019,21,47.01
5/10/2019,22,40
5/10/2019,23,37.96
5/10/2019,24,34.89
6/10/2019,1,32
6/10/2019,2,30.74
6/10/2019,3,30.71
6/10/2019,4,30.5
6/10/2019,5,30.01
6/10/2019,6,29.6
6/10/2019,7,29.96
6/10/2019,8,30.9
6/10/2019,9,31.85
6/10/2019,10,34.1
6/10/2019,11,34.76
6/10/2019,12,36
6/10/2019,13,34
6/10/2019,14,30.8
6/10/2019,15,30.16
6/10/2019,16,30.76
6/10/2019,17,31.6
6/10/2019,18,37.1
6/10/2019,19,42.1
6/10/2019,20,45.85
6/10/2019,21,43.14
6/10/2019,22,37.37
6/10/2019,23,37.01
6/10/2019,24,33.14
7/10/2019,1,31.59
7/10/2019,2,31
7/10/2019,3,31.1
7/10/2019,4,31
7/10/2019,5,32.13
7/10/2019,6,36.2
7/10/2019,7,51.8
7/10/2019,8,58.6
7/10/2019,9,62.6
7/10/2019,10,57
7/10/2019,11,51.5
7/10/2019,12,49.97
7/10/2019,13,48.52
7/10/2019,14,47.82
7/10/2019,15,46.74
7/10/2019,16,49
7/10/2019,17,53.73
7/10/2019,18,57.91
7/10/2019,19,66.89
7/10/2019,20,74.5
7/10/2019,21,65.89
7/10/2019,22,52.09
7/10/2019,23,47
7/10/2019,24,40.06
8/10/2019,1,32.7
8/10/2019,2,29.01
8/10/2019,3,25.45
8/10/2019,4,23.96
8/10/2019,5,23.69
8/10/2019,6,33.01
8/10/2019,7,55
8/10/2019,8,57.24
8/10/2019,9,59.5
8/10/2019,10,57.55
8/10/2019,11,56
8/10/2019,12,56.55
8/10/2019,13,56.8
8/10/2019,14,56
8/10/2019,15,56
8/10/2019,16,54.16
8/10/2019,17,53
8/10/2019,18,50.46
8/10/2019,19,54.93
8/10/2019,20,55.91
8/10/2019,21,53.2
8/10/2019,22,43.3
8/10/2019,23,34.6
8/10/2019,24,28.03
9/10/2019,1,27.06
9/10/2019,2,24.5
9/10/2019,3,22.8
9/10/2019,4,20.3
9/10/2019,5,21.17
9/10/2019,6,31.9
9/10/2019,7,43.2
9/10/2019,8,46.2
9/10/2019,9,46.71
9/10/2019,10,47.41
9/10/2019,11,46.34
9/10/2019,12,46.84
9/10/2019,13,46.28
9/10/2019,14,45.56
9/10/2019,15,45.81
9/10/2019,16,45.28
9/10/2019,17,44.53
9/10/2019,18,45.16
9/10/2019,19,47.3
9/10/2019,20,61.98
9/10/2019,21,51
9/10/2019,22,40
9/10/2019,23,33.3
9/10/2019,24,27.9
10/10/2019,1,24.32
10/10/2019,2,22.81
10/10/2019,3,21.82
10/10/2019,4,19.77
10/10/2019,5,21.35
10/10/2019,6,24.01
10/10/2019,7,33.9
10/10/2019,8,42.43
10/10/2019,9,42.4
10/10/2019,10,41.53
10/10/2019,11,35.01
10/10/2019,12,31.28
10/10/2019,13,28.01
10/10/2019,14,26.95
10/10/2019,15,25.8
10/10/2019,16,26.96
10/10/2019,17,28.2
10/10/2019,18,34.13
10/10/2019,19,40.4
10/10/2019,20,48
10/10/2019,21,42.1
10/10/2019,22,33.01
10/10/2019,23,29.19
10/10/2019,24,23.54
11/10/2019,1,23.52
11/10/2019,2,22.68
11/10/2019,3,21.6
11/10/2019,4,18.38
11/10/2019,5,20
11/10/2019,6,23.48
11/10/2019,7,32.7
11/10/2019,8,39.14
11/10/2019,9,45.2
11/10/2019,10,42.5
11/10/2019,11,37
11/10/2019,12,31.36
11/10/2019,13,29.75
11/10/2019,14,25.62
11/10/2019,15,24.55
11/10/2019,16,24.7
11/10/2019,17,36
11/10/2019,18,39
11/10/2019,19,42
11/10/2019,20,42
11/10/2019,21,34.68
11/10/2019,22,24.96
11/10/2019,23,24.6
11/10/2019,24,21.01
12/10/2019,1,19.18
12/10/2019,2,23.1
12/10/2019,3,24.09
12/10/2019,4,13.8
12/10/2019,5,13.25
12/10/2019,6,22.35
12/10/2019,7,21
12/10/2019,8,23.45
12/10/2019,9,30
12/10/2019,10,32.75
12/10/2019,11,31
12/10/2019,12,30
12/10/2019,13,26.38
12/10/2019,14,24.1
12/10/2019,15,19
12/10/2019,16,24.4
12/10/2019,17,28.5
12/10/2019,18,33.04
12/10/2019,19,40.81
12/10/2019,20,45
12/10/2019,21,42.61
12/10/2019,22,36.74
12/10/2019,23,35
12/10/2019,24,31.5
13/10/2019,1,31
13/10/2019,2,28.1
13/10/2019,3,26.8
13/10/2019,4,27.78
13/10/2019,5,26.04
13/10/2019,6,26.26
13/10/2019,7,25
13/10/2019,8,27.41
13/10/2019,9,28.31
13/10/2019,10,28.1
13/10/2019,11,26.7
13/10/2019,12,24.8
13/10/2019,13,22.4
13/10/2019,14,14.1
13/10/2019,15,19.1
13/10/2019,16,21.4
13/10/2019,17,21.8
13/10/2019,18,25.9
13/10/2019,19,32.6
13/10/2019,20,45
13/10/2019,21,38
13/10/2019,22,27.3
13/10/2019,23,25.8
13/10/2019,24,23
14/10/2019,1,23.72
14/10/2019,2,23.68
14/10/2019,3,24.44
14/10/2019,4,20.17
14/10/2019,5,21.2
14/10/2019,6,24.49
14/10/2019,7,40.73
14/10/2019,8,50.8
14/10/2019,9,52.82
14/10/2019,10,51.04
14/10/2019,11,47.4
14/10/2019,12,45.22
14/10/2019,13,43.7
14/10/2019,14,42.4
14/10/2019,15,40.41
14/10/2019,16,41.65
14/10/2019,17,44.52
14/10/2019,18,49.4
14/10/2019,19,52.9
14/10/2019,20,57.5
14/10/2019,21,46.87
14/10/2019,22,39.9
14/10/2019,23,35.2
14/10/2019,24,30.65
15/10/2019,1,31.17
15/10/2019,2,29.2
15/10/2019,3,26.5
15/10/2019,4,25.53
15/10/2019,5,25.95
15/10/2019,6,29.74
15/10/2019,7,40.9
15/10/2019,8,49.6
15/10/2019,9,51.2
15/10/2019,10,50.5
15/10/2019,11,47.5
15/10/2019,12,46.89
15/10/2019,13,44.5
15/10/2019,14,43
15/10/2019,15,40.6
15/10/2019,16,42.01
15/10/2019,17,45.2
15/10/2019,18,49.32
15/10/2019,19,53.37
15/10/2019,20,59.01
15/10/2019,21,51.94
15/10/2019,22,43.29
15/10/2019,23,37.6
15/10/2019,24,30.37
16/10/2019,1,32.5
16/10/2019,2,29.2
16/10/2019,3,26.5
16/10/2019,4,25.2
16/10/2019,5,26.52
16/10/2019,6,30.1
16/10/2019,7,38.23
16/10/2019,8,47.9
16/10/2019,9,49.22
16/10/2019,10,48.1
16/10/2019,11,45.1
16/10/2019,12,42.5
16/10/2019,13,40.09
16/10/2019,14,38.69
16/10/2019,15,38.36
16/10/2019,16,41.56
16/10/2019,17,40.76
16/10/2019,18,45.2
16/10/2019,19,50.02
16/10/2019,20,54.6
16/10/2019,21,46.3
16/10/2019,22,38.3
16/10/2019,23,33.78
16/10/2019,24,27.9
17/10/2019,1,28.01
17/10/2019,2,26.86
17/10/2019,3,25.92
17/10/2019,4,25.7
17/10/2019,5,27.01
17/10/2019,6,31.14
17/10/2019,7,41.1
17/10/2019,8,52.4
17/10/2019,9,55.2
17/10/2019,10,54.41
17/10/2019,11,52.73
17/10/2019,12,51.2
17/10/2019,13,48
17/10/2019,14,45
17/10/2019,15,43.42
17/10/2019,16,44.42
17/10/2019,17,47.47
17/10/2019,18,52.54
17/10/2019,19,57.79
17/10/2019,20,62.8
17/10/2019,21,54.1
17/10/2019,22,44.28
17/10/2019,23,39.9
17/10/2019,24,33.8
18/10/2019,1,33.1
18/10/2019,2,32.78
18/10/2019,3,30.6
18/10/2019,4,29.85
18/10/2019,5,30.58
18/10/2019,6,33.87
18/10/2019,7,39.6
18/10/2019,8,48.4
18/10/2019,9,50.63
18/10/2019,10,49.3
18/10/2019,11,45.76
18/10/2019,12,43.6
18/10/2019,13,39.2
18/10/2019,14,38.3
18/10/2019,15,34.51
18/10/2019,16,36.9
18/10/2019,17,40.18
18/10/2019,18,43.2
18/10/2019,19,46.01
18/10/2019,20,48.01
18/10/2019,21,42.9
18/10/2019,22,35.4
18/10/2019,23,33.28
18/10/2019,24,31.01
19/10/2019,1,27.01
19/10/2019,2,27.01
19/10/2019,3,26.16
19/10/2019,4,25.49
19/10/2019,5,25.1
19/10/2019,6,27
19/10/2019,7,28.01
19/10/2019,8,30
19/10/2019,9,33.9
19/10/2019,10,37.5
19/10/2019,11,37.5
19/10/2019,12,37
19/10/2019,13,34.1
19/10/2019,14,31.55
19/10/2019,15,31.02
19/10/2019,16,31.45
19/10/2019,17,34
19/10/2019,18,38.64
19/10/2019,19,44.07
19/10/2019,20,45.91
19/10/2019,21,42.2
19/10/2019,22,36.47
19/10/2019,23,35.8
19/10/2019,24,32.01
20/10/2019,1,29.58
20/10/2019,2,28
20/10/2019,3,26.4
20/10/2019,4,26.4
20/10/2019,5,26.41
20/10/2019,6,26.34
20/10/2019,7,27.8
20/10/2019,8,29.51
20/10/2019,9,31.1
20/10/2019,10,34.6
20/10/2019,11,35.5
20/10/2019,12,35.66
20/10/2019,13,34.61
20/10/2019,14,31.1
20/10/2019,15,30.19
20/10/2019,16,29.87
20/10/2019,17,33.35
20/10/2019,18,39.18
20/10/2019,19,45.27
20/10/2019,20,49.1
20/10/2019,21,45.07
20/10/2019,22,39.72
20/10/2019,23,38.06
20/10/2019,24,34.3
21/10/2019,1,29.75
21/10/2019,2,29
21/10/2019,3,27.3
21/10/2019,4,26.39
21/10/2019,5,26.7
21/10/2019,6,30.02
21/10/2019,7,44.21
21/10/2019,8,53
21/10/2019,9,55.5
21/10/2019,10,53.16
21/10/2019,11,50.53
21/10/2019,12,47.9
21/10/2019,13,45.26
21/10/2019,14,43.85
21/10/2019,15,42.94
21/10/2019,16,44.31
21/10/2019,17,46.73
21/10/2019,18,50.3
21/10/2019,19,55.73
21/10/2019,20,62.81
21/10/2019,21,53.5
21/10/2019,22,43.84
21/10/2019,23,39.46
21/10/2019,24,33.7
22/10/2019,1,36.42
22/10/2019,2,33.5
22/10/2019,3,32.48
22/10/2019,4,31.32
22/10/2019,5,32.06
22/10/2019,6,36
22/10/2019,7,46.4
22/10/2019,8,57.07
22/10/2019,9,59.2
22/10/2019,10,56.2
22/10/2019,11,52
22/10/2019,12,50.73
22/10/2019,13,46.19
22/10/2019,14,43.5
22/10/2019,15,43.38
22/10/2019,16,44.97
22/10/2019,17,48.01
22/10/2019,18,54.67
22/10/2019,19,59.55
22/10/2019,20,66.1
22/10/2019,21,55.7
22/10/2019,22,47.53
22/10/2019,23,43.01
22/10/2019,24,37.64
23/10/2019,1,36.48
23/10/2019,2,33.2
23/10/2019,3,31.5
23/10/2019,4,30.4
23/10/2019,5,32.8
23/10/2019,6,35.18
23/10/2019,7,43.5
23/10/2019,8,53.8
23/10/2019,9,58.1
23/10/2019,10,56.9
23/10/2019,11,53.53
23/10/2019,12,50.25
23/10/2019,13,44.12
23/10/2019,14,42.5
23/10/2019,15,42.01
23/10/2019,16,42.57
23/10/2019,17,45.94
23/10/2019,18,50.37
23/10/2019,19,55.7
23/10/2019,20,59.25
23/10/2019,21,46.82
23/10/2019,22,39.1
23/10/2019,23,35.3
23/10/2019,24,31.4
24/10/2019,1,31.62
24/10/2019,2,29.02
24/10/2019,3,28.1
24/10/2019,4,27
24/10/2019,5,28
24/10/2019,6,31.38
24/10/2019,7,37.8
24/10/2019,8,48
24/10/2019,9,51.2
24/10/2019,10,49.84
24/10/2019,11,47.46
24/10/2019,12,43.36
24/10/2019,13,38.24
24/10/2019,14,37
24/10/2019,15,36.17
24/10/2019,16,36.91
24/10/2019,17,39.41
24/10/2019,18,44.2
24/10/2019,19,47.5
24/10/2019,20,49.34
24/10/2019,21,38.75
24/10/2019,22,33.01
24/10/2019,23,29.86
24/10/2019,24,27.01
25/10/2019,1,28.89
25/10/2019,2,26.2
25/10/2019,3,25.35
25/10/2019,4,23.93
25/10/2019,5,24.25
25/10/2019,6,28.01
25/10/2019,7,35.57
25/10/2019,8,45.44
25/10/2019,9,48.8
25/10/2019,10,46.41
25/10/2019,11,42.5
25/10/2019,12,37.75
25/10/2019,13,34.7
25/10/2019,14,33.8
25/10/2019,15,33.09
25/10/2019,16,34.7
25/10/2019,17,36.87
25/10/2019,18,42.3
25/10/2019,19,44.4
25/10/2019,20,45
25/10/2019,21,37.26
25/10/2019,22,32.3
25/10/2019,23,30.01
25/10/2019,24,26.83
26/10/2019,1,24.26
26/10/2019,2,24.22
26/10/2019,3,18.7
26/10/2019,4,18
26/10/2019,5,16.74
26/10/2019,6,19.31
26/10/2019,7,24.24
26/10/2019,8,28.8
26/10/2019,9,30.5
26/10/2019,10,31.17
26/10/2019,11,29.1
26/10/2019,12,30.45
26/10/2019,13,27.95
26/10/2019,14,28.07
26/10/2019,15,27.64
26/10/2019,16,23.94
26/10/2019,17,25.3
26/10/2019,18,31.1
26/10/2019,19,37.78
26/10/2019,20,38
26/10/2019,21,33.82
26/10/2019,22,26
26/10/2019,23,25.56
26/10/2019,24,24.13
27/10/2019,1,10
27/10/2019,2,18.71
27/10/2019,3,19.36
27/10/2019,4,19.38
27/10/2019,5,17.21
27/10/2019,6,14.35
27/10/2019,7,9
27/10/2019,8,14.19
27/10/2019,9,18.18
27/10/2019,10,22
27/10/2019,11,27.45
27/10/2019,12,27.83
27/10/2019,13,33
27/10/2019,14,31.5
27/10/2019,15,28.09
27/10/2019,16,26
27/10/2019,17,30.7
27/10/2019,18,34.01
27/10/2019,19,41
27/10/2019,20,44
27/10/2019,21,44
27/10/2019,22,41
27/10/2019,23,35.9
27/10/2019,24,34.79
27/10/2019,25,24.09
28/10/2019,1,26.1
28/10/2019,2,25.96
28/10/2019,3,25.26
28/10/2019,4,25.58
28/10/2019,5,24.81
28/10/2019,6,26.8
28/10/2019,7,36.01
28/10/2019,8,45.59
28/10/2019,9,48.01
28/10/2019,10,44.2
28/10/2019,11,44
28/10/2019,12,44
28/10/2019,13,42.01
28/10/2019,14,42.24
28/10/2019,15,43.6
28/10/2019,16,45.01
28/10/2019,17,48
28/10/2019,18,53
28/10/2019,19,57.26
28/10/2019,20,55.94
28/10/2019,21,48
28/10/2019,22,40.43
28/10/2019,23,40.4
28/10/2019,24,36.01
29/10/2019,1,37
29/10/2019,2,35.4
29/10/2019,3,34.97
29/10/2019,4,34.48
29/10/2019,5,34.72
29/10/2019,6,37.32
29/10/2019,7,46.22
29/10/2019,8,55.95
29/10/2019,9,58.41
29/10/2019,10,56.61
29/10/2019,11,52.58
29/10/2019,12,50.28
29/10/2019,13,48.01
29/10/2019,14,48.05
29/10/2019,15,49.34
29/10/2019,16,50.74
29/10/2019,17,53.8
29/10/2019,18,61.15
29/10/2019,19,63.61
29/10/2019,20,59.5
29/10/2019,21,50.26
29/10/2019,22,43.31
29/10/2019,23,40.22
29/10/2019,24,37.22
30/10/2019,1,37.8
30/10/2019,2,36.97
30/10/2019,3,36.01
30/10/2019,4,35.3
30/10/2019,5,35.7
30/10/2019,6,37.2
30/10/2019,7,46.61
30/10/2019,8,57.07
30/10/2019,9,58.58
30/10/2019,10,55.2
30/10/2019,11,50.8
30/10/2019,12,49
30/10/2019,13,47.08
30/10/2019,14,47.5
30/10/2019,15,50.81
30/10/2019,16,54.05
30/10/2019,17,57.7
30/10/2019,18,63.58
30/10/2019,19,66.19
30/10/2019,20,61.7
30/10/2019,21,53.99
30/10/2019,22,44.78
30/10/2019,23,41.17
30/10/2019,24,37.5
31/10/2019,1,34.96
31/10/2019,2,34.18
31/10/2019,3,33.2
31/10/2019,4,32.98
31/10/2019,5,33.75
31/10/2019,6,34.91
31/10/2019,7,40.33
31/10/2019,8,48.02
31/10/2019,9,47.64
31/10/2019,10,44.02
31/10/2019,11,40.95
31/10/2019,12,39.25
31/10/2019,13,37.35
31/10/2019,14,37.72
31/10/2019,15,41.34
31/10/2019,16,45.17
31/10/2019,17,48.88
31/10/2019,18,54.2
31/10/2019,19,57
31/10/2019,20,53.83
31/10/2019,21,48
31/10/2019,22,40.71
31/10/2019,23,38.19
31/10/2019,24,34.35
1/11/2019,1,33.03
1/11/2019,2,31.81
1/11/2019,3,30.53
1/11/2019,4,30.81
1/11/2019,5,30.95
1/11/2019,6,31.18
1/11/2019,7,32.19
1/11/2019,8,34
1/11/2019,9,33.22
1/11/2019,10,33.3
1/11/2019,11,32.5
1/11/2019,12,31.99
1/11/2019,13,31.73
1/11/2019,14,31.29
1/11/2019,15,31.5
1/11/2019,16,31.53
1/11/2019,17,31.83
1/11/2019,18,35.37
1/11/2019,19,37.28
1/11/2019,20,35.21
1/11/2019,21,32.02
1/11/2019,22,28.97
1/11/2019,23,27.92
1/11/2019,24,25.83
2/11/2019,1,24.59
2/11/2019,2,23.01
2/11/2019,3,21.3
2/11/2019,4,19.95
2/11/2019,5,19.69
2/11/2019,6,21.78
2/11/2019,7,23.51
2/11/2019,8,26
2/11/2019,9,29.37
2/11/2019,10,35.68
2/11/2019,11,35.52
2/11/2019,12,38.1
2/11/2019,13,38.07
2/11/2019,14,36.89
2/11/2019,15,35
2/11/2019,16,33.2
2/11/2019,17,34
2/11/2019,18,37.9
2/11/2019,19,40.78
2/11/2019,20,39
2/11/2019,21,33.03
2/11/2019,22,29.21
2/11/2019,23,29.5
2/11/2019,24,25.52
3/11/2019,1,17.65
3/11/2019,2,15.72
3/11/2019,3,13.63
3/11/2019,4,11.88
3/11/2019,5,11.8
3/11/2019,6,15
3/11/2019,7,17.99
3/11/2019,8,22
3/11/2019,9,25.88
3/11/2019,10,30.7
3/11/2019,11,32.38
3/11/2019,12,35.08
3/11/2019,13,35.31
3/11/2019,14,34.08
3/11/2019,15,33.39
3/11/2019,16,34.9
3/11/2019,17,36.03
3/11/2019,18,41.85
3/11/2019,19,44.5
3/11/2019,20,42
3/11/2019,21,38.7
3/11/2019,22,34
3/11/2019,23,32.2
3/11/2019,24,28.15
4/11/2019,1,24.52
4/11/2019,2,21.35
4/11/2019,3,19.77
4/11/2019,4,18.13
4/11/2019,5,19.71
4/11/2019,6,26.7
4/11/2019,7,35.28
4/11/2019,8,45.09
4/11/2019,9,47.9
4/11/2019,10,45.64
4/11/2019,11,42.92
4/11/2019,12,42.5
4/11/2019,13,43.7
4/11/2019,14,43.79
4/11/2019,15,45.2
4/11/2019,16,47.7
4/11/2019,17,49.9
4/11/2019,18,56.2
4/11/2019,19,55.72
4/11/2019,20,51.21
4/11/2019,21,43.63
4/11/2019,22,36.04
4/11/2019,23,33.8
4/11/2019,24,28.88
5/11/2019,1,29.89
5/11/2019,2,28.93
5/11/2019,3,26.95
5/11/2019,4,25.99
5/11/2019,5,26.97
5/11/2019,6,29.59
5/11/2019,7,38.56
5/11/2019,8,48.35
5/11/2019,9,50.15
5/11/2019,10,49.34
5/11/2019,11,47.36
5/11/2019,12,47.28
5/11/2019,13,47.4
5/11/2019,14,47.94
5/11/2019,15,48.85
5/11/2019,16,50.71
5/11/2019,17,52.5
5/11/2019,18,59.19
5/11/2019,19,60.51
5/11/2019,20,55.74
5/11/2019,21,48.5
5/11/2019,22,41.94
5/11/2019,23,38
5/11/2019,24,33.34
6/11/2019,1,34.2
6/11/2019,2,32.73
6/11/2019,3,31.86
6/11/2019,4,30.93
6/11/2019,5,32.32
6/11/2019,6,34.5
6/11/2019,7,45.91
6/11/2019,8,53.13
6/11/2019,9,57
6/11/2019,10,56.09
6/11/2019,11,54.96
6/11/2019,12,54.53
6/11/2019,13,52.79
6/11/2019,14,52.8
6/11/2019,15,53.95
6/11/2019,16,56.2
6/11/2019,17,58.4
6/11/2019,18,68.5
6/11/2019,19,70.88
6/11/2019,20,60.88
6/11/2019,21,53.89
6/11/2019,22,46.46
6/11/2019,23,43.16
6/11/2019,24,38.84
7/11/2019,1,37.84
7/11/2019,2,36.01
7/11/2019,3,34.1
7/11/2019,4,33.01
7/11/2019,5,34
7/11/2019,6,36.38
7/11/2019,7,43.15
7/11/2019,8,51.01
7/11/2019,9,51.7
7/11/2019,10,49.6
7/11/2019,11,47.62
7/11/2019,12,45.88
7/11/2019,13,44.01
7/11/2019,14,44.01
7/11/2019,15,45.91
7/11/2019,16,46.58
7/11/2019,17,48.75
7/11/2019,18,53.29
7/11/2019,19,53.2
7/11/2019,20,49.84
7/11/2019,21,42.41
7/11/2019,22,37.09
7/11/2019,23,35.57
7/11/2019,24,33.49
8/11/2019,1,33.56
8/11/2019,2,32.3
8/11/2019,3,31.11
8/11/2019,4,30.81
8/11/2019,5,31.79
8/11/2019,6,34.75
8/11/2019,7,43.19
8/11/2019,8,52
8/11/2019,9,54.75
8/11/2019,10,54.17
8/11/2019,11,52.58
8/11/2019,12,51.96
8/11/2019,13,50.89
8/11/2019,14,51.21
8/11/2019,15,51.28
8/11/2019,16,52.96
8/11/2019,17,55.09
8/11/2019,18,61.95
8/11/2019,19,63.71
8/11/2019,20,56.1
8/11/2019,21,49.4
8/11/2019,22,43.96
8/11/2019,23,41.65
8/11/2019,24,36.51
9/11/2019,1,38.8
9/11/2019,2,36.17
9/11/2019,3,34.55
9/11/2019,4,34.01
9/11/2019,5,34
9/11/2019,6,34.47
9/11/2019,7,35.93
9/11/2019,8,39.42
9/11/2019,9,42.04
9/11/2019,10,44
9/11/2019,11,43.5
9/11/2019,12,42.5
9/11/2019,13,40.5
9/11/2019,14,38.36
9/11/2019,15,38.38
9/11/2019,16,39.19
9/11/2019,17,43.5
9/11/2019,18,48.27
9/11/2019,19,49.93
9/11/2019,20,46.72
9/11/2019,21,41.85
9/11/2019,22,38.62
9/11/2019,23,38.05
9/11/2019,24,34.93
10/11/2019,1,35.7
10/11/2019,2,34
10/11/2019,3,33.7
10/11/2019,4,32.73
10/11/2019,5,32.98
10/11/2019,6,33.86
10/11/2019,7,34.05
10/11/2019,8,36.41
10/11/2019,9,37.5
10/11/2019,10,39.2
10/11/2019,11,39.44
10/11/2019,12,39.5
10/11/2019,13,38.45
10/11/2019,14,37.6
10/11/2019,15,38.9
10/11/2019,16,42.31
10/11/2019,17,45.99
10/11/2019,18,51
10/11/2019,19,53.19
10/11/2019,20,52.19
10/11/2019,21,49.46
10/11/2019,22,45.37
10/11/2019,23,43.35
10/11/2019,24,39.76
11/11/2019,1,35.53
11/11/2019,2,34.4
11/11/2019,3,33.31
11/11/2019,4,32.5
11/11/2019,5,33.62
11/11/2019,6,36.12
11/11/2019,7,43.5
11/11/2019,8,50.4
11/11/2019,9,51.5
11/11/2019,10,48.84
11/11/2019,11,46.79
11/11/2019,12,45.32
11/11/2019,13,44.5
11/11/2019,14,44.52
11/11/2019,15,45.91
11/11/2019,16,46.89
11/11/2019,17,49.09
11/11/2019,18,52.09
11/11/2019,19,51.44
11/11/2019,20,48
11/11/2019,21,42.47
11/11/2019,22,35.5
11/11/2019,23,32.95
11/11/2019,24,28.89
12/11/2019,1,32.27
12/11/2019,2,30.77
12/11/2019,3,29.73
12/11/2019,4,29.37
12/11/2019,5,30.07
12/11/2019,6,33.87
12/11/2019,7,43.08
12/11/2019,8,52.84
12/11/2019,9,55.3
12/11/2019,10,56.01
12/11/2019,11,53.84
12/11/2019,12,53.94
12/11/2019,13,56.02
12/11/2019,14,54
12/11/2019,15,56
12/11/2019,16,55.95
12/11/2019,17,57.87
12/11/2019,18,58.93
12/11/2019,19,57.32
12/11/2019,20,54.42
12/11/2019,21,50
12/11/2019,22,43.75
12/11/2019,23,40.81
12/11/2019,24,36.69
13/11/2019,1,35.2
13/11/2019,2,34.8
13/11/2019,3,34.79
13/11/2019,4,33.65
13/11/2019,5,34.81
13/11/2019,6,38
13/11/2019,7,46.95
13/11/2019,8,54.93
13/11/2019,9,58.93
13/11/2019,10,58.02
13/11/2019,11,56.29
13/11/2019,12,55.27
13/11/2019,13,54.7
13/11/2019,14,53.97
13/11/2019,15,55.54
13/11/2019,16,56.45
13/11/2019,17,60.43
13/11/2019,18,65.1
13/11/2019,19,63.5
13/11/2019,20,59.61
13/11/2019,21,53.03
13/11/2019,22,48.97
13/11/2019,23,43.9
13/11/2019,24,40.87
14/11/2019,1,37.5
14/11/2019,2,36.91
14/11/2019,3,36.5
14/11/2019,4,36.25
14/11/2019,5,37.2
14/11/2019,6,39.11
14/11/2019,7,46.54
14/11/2019,8,57.34
14/11/2019,9,58.8
14/11/2019,10,57.4
14/11/2019,11,54.44
14/11/2019,12,53.63
14/11/2019,13,52.2
14/11/2019,14,55.46
14/11/2019,15,56.6
14/11/2019,16,58.84
14/11/2019,17,63
14/11/2019,18,62.95
14/11/2019,19,56.19
14/11/2019,20,52.93
14/11/2019,21,45.42
14/11/2019,22,39
14/11/2019,23,37.75
14/11/2019,24,34.52
15/11/2019,1,28.54
15/11/2019,2,26.07
15/11/2019,3,24.14
15/11/2019,4,23.64
15/11/2019,5,25.9
15/11/2019,6,30.01
15/11/2019,7,40.22
15/11/2019,8,48.76
15/11/2019,9,50.99
15/11/2019,10,50.58
15/11/2019,11,49
15/11/2019,12,49.43
15/11/2019,13,48.88
15/11/2019,14,48.07
15/11/2019,15,47.73
15/11/2019,16,48.97
15/11/2019,17,51.94
15/11/2019,18,54.59
15/11/2019,19,52
15/11/2019,20,49.88
15/11/2019,21,45.2
15/11/2019,22,42.2
15/11/2019,23,41.03
15/11/2019,24,36.01
16/11/2019,1,37.27
16/11/2019,2,35.76
16/11/2019,3,35.39
16/11/2019,4,34.01
16/11/2019,5,34.51
16/11/2019,6,35.18
16/11/2019,7,36.9
16/11/2019,8,39.59
16/11/2019,9,40.62
16/11/2019,10,42.55
16/11/2019,11,42.78
16/11/2019,12,42
16/11/2019,13,38.21
16/11/2019,14,36.01
16/11/2019,15,35.94
16/11/2019,16,38.08
16/11/2019,17,41.86
16/11/2019,18,45.31
16/11/2019,19,43.78
16/11/2019,20,40.33
16/11/2019,21,37
16/11/2019,22,35.91
16/11/2019,23,35.79
16/11/2019,24,32.55
17/11/2019,1,29.97
17/11/2019,2,28.46
17/11/2019,3,28
17/11/2019,4,27.13
17/11/2019,5,28.06
17/11/2019,6,28.01
17/11/2019,7,27.81
17/11/2019,8,30.8
17/11/2019,9,34.36
17/11/2019,10,37.75
17/11/2019,11,39.8
17/11/2019,12,41.02
17/11/2019,13,40.95
17/11/2019,14,38.31
17/11/2019,15,37.46
17/11/2019,16,39
17/11/2019,17,41.4
17/11/2019,18,45.7
17/11/2019,19,46.19
17/11/2019,20,43
17/11/2019,21,40
17/11/2019,22,35.9
17/11/2019,23,34.85
17/11/2019,24,28.93
18/11/2019,1,29.57
18/11/2019,2,28
18/11/2019,3,25.94
18/11/2019,4,25.74
18/11/2019,5,28.84
18/11/2019,6,34.62
18/11/2019,7,43.41
18/11/2019,8,52.65
18/11/2019,9,53.7
18/11/2019,10,53.73
18/11/2019,11,51.64
18/11/2019,12,50.98
18/11/2019,13,50.46
18/11/2019,14,50.59
18/11/2019,15,51.77
18/11/2019,16,55
18/11/2019,17,56
18/11/2019,18,55
18/11/2019,19,52.4
18/11/2019,20,48
18/11/2019,21,42.64
18/11/2019,22,36.89
18/11/2019,23,34.15
18/11/2019,24,31.01
19/11/2019,1,23.73
19/11/2019,2,23.88
19/11/2019,3,23.03
19/11/2019,4,21.97
19/11/2019,5,24.4
19/11/2019,6,29.76
19/11/2019,7,40.44
19/11/2019,8,42.86
19/11/2019,9,44.61
19/11/2019,10,43
19/11/2019,11,41.7
19/11/2019,12,41
19/11/2019,13,41.04
19/11/2019,14,47.77
19/11/2019,15,50.01
19/11/2019,16,53.82
19/11/2019,17,59.01
19/11/2019,18,65.13
19/11/2019,19,61.26
19/11/2019,20,57.44
19/11/2019,21,53.5
19/11/2019,22,50.7
19/11/2019,23,47.87
19/11/2019,24,42.34
20/11/2019,1,41.51
20/11/2019,2,40.7
20/11/2019,3,39.15
20/11/2019,4,39.4
20/11/2019,5,40.28
20/11/2019,6,44
20/11/2019,7,52.75
20/11/2019,8,64.31
20/11/2019,9,69.57
20/11/2019,10,66.84
20/11/2019,11,65.6
20/11/2019,12,64.14
20/11/2019,13,61.17
20/11/2019,14,62.08
20/11/2019,15,62.62
20/11/2019,16,63.16
20/11/2019,17,69.76
20/11/2019,18,75.87
20/11/2019,19,74.2
20/11/2019,20,66.14
20/11/2019,21,54.63
20/11/2019,22,48.01
20/11/2019,23,41.97
20/11/2019,24,38.45
21/11/2019,1,36.92
21/11/2019,2,36.1
21/11/2019,3,34.98
21/11/2019,4,35.18
21/11/2019,5,35.66
21/11/2019,6,38.49
21/11/2019,7,47.64
21/11/2019,8,57.57
21/11/2019,9,62.11
21/11/2019,10,60.11
21/11/2019,11,58.19
21/11/2019,12,58.27
21/11/2019,13,57.77
21/11/2019,14,57.01
21/11/2019,15,56.41
21/11/2019,16,58
21/11/2019,17,59.35
21/11/2019,18,63.1
21/11/2019,19,58
21/11/2019,20,53.96
21/11/2019,21,47.25
21/11/2019,22,42.1
21/11/2019,23,39.87
21/11/2019,24,36.77
22/11/2019,1,35
22/11/2019,2,34.2
22/11/2019,3,34
22/11/2019,4,33.78
22/11/2019,5,34.13
22/11/2019,6,36.3
22/11/2019,7,41.23
22/11/2019,8,51.9
22/11/2019,9,52.56
22/11/2019,10,51.16
22/11/2019,11,49.94
22/11/2019,12,47.93
22/11/2019,13,47.5
22/11/2019,14,48.07
22/11/2019,15,48.01
22/11/2019,16,49.32
22/11/2019,17,52.9
22/11/2019,18,54.11
22/11/2019,19,49.43
22/11/2019,20,46.12
22/11/2019,21,41.1
22/11/2019,22,38.9
22/11/2019,23,36.24
22/11/2019,24,32.35
23/11/2019,1,29.11
23/11/2019,2,25.64
23/11/2019,3,24.5
23/11/2019,4,23.49
23/11/2019,5,23.47
23/11/2019,6,24.26
23/11/2019,7,25.53
23/11/2019,8,30.25
23/11/2019,9,33.5
23/11/2019,10,35.94
23/11/2019,11,34.82
23/11/2019,12,34
23/11/2019,13,33.5
23/11/2019,14,32.07
23/11/2019,15,31.78
23/11/2019,16,34.75
23/11/2019,17,37
23/11/2019,18,40
23/11/2019,19,39.91
23/11/2019,20,37
23/11/2019,21,35
23/11/2019,22,31.99
23/11/2019,23,30.01
23/11/2019,24,25.07
24/11/2019,1,23.71
24/11/2019,2,22
24/11/2019,3,22.07
24/11/2019,4,22.3
24/11/2019,5,22.3
24/11/2019,6,22.96
24/11/2019,7,24.72
24/11/2019,8,27.16
24/11/2019,9,32.03
24/11/2019,10,34.16
24/11/2019,11,35.5
24/11/2019,12,37
24/11/2019,13,36.57
24/11/2019,14,36.11
24/11/2019,15,37.78
24/11/2019,16,39.75
24/11/2019,17,42.88
24/11/2019,18,46
24/11/2019,19,49.03
24/11/2019,20,48.36
24/11/2019,21,44.3
24/11/2019,22,41.17
24/11/2019,23,40.82
24/11/2019,24,37.19
25/11/2019,1,34.8
25/11/2019,2,33.63
25/11/2019,3,32.5
25/11/2019,4,32.2
25/11/2019,5,32.85
25/11/2019,6,37
25/11/2019,7,45.09
25/11/2019,8,56
25/11/2019,9,58.15
25/11/2019,10,57.18
25/11/2019,11,56.92
25/11/2019,12,56.02
25/11/2019,13,55.6
25/11/2019,14,55.57
25/11/2019,15,56
25/11/2019,16,57.7
25/11/2019,17,62
25/11/2019,18,64.49
25/11/2019,19,60.23
25/11/2019,20,57.25
25/11/2019,21,51.15
25/11/2019,22,45.1
25/11/2019,23,41.95
25/11/2019,24,37.55
26/11/2019,1,39.14
26/11/2019,2,37.33
26/11/2019,3,36.68
26/11/2019,4,35.77
26/11/2019,5,36.09
26/11/2019,6,38.57
26/11/2019,7,46.54
26/11/2019,8,55.8
26/11/2019,9,56.7
26/11/2019,10,54.6
26/11/2019,11,53.7
26/11/2019,12,53.01
26/11/2019,13,52.53
26/11/2019,14,52.72
26/11/2019,15,52.59
26/11/2019,16,53.97
26/11/2019,17,54.26
26/11/2019,18,57.25
26/11/2019,19,54
26/11/2019,20,52.85
26/11/2019,21,47.92
26/11/2019,22,42.74
26/11/2019,23,41.63
26/11/2019,24,37.06
27/11/2019,1,34.88
27/11/2019,2,33.55
27/11/2019,3,32.48
27/11/2019,4,31.18
27/11/2019,5,32.28
27/11/2019,6,35.22
27/11/2019,7,46
27/11/2019,8,47.13
27/11/2019,9,48.99
27/11/2019,10,48.2
27/11/2019,11,47.41
27/11/2019,12,46.73
27/11/2019,13,45.3
27/11/2019,14,44.54
27/11/2019,15,43.68
27/11/2019,16,43.73
27/11/2019,17,44.8
27/11/2019,18,46.2
27/11/2019,19,48
27/11/2019,20,47.27
27/11/2019,21,44.8
27/11/2019,22,34.7
27/11/2019,23,30.78
27/11/2019,24,25.38
28/11/2019,1,23.96
28/11/2019,2,22.96
28/11/2019,3,16.38
28/11/2019,4,15.7
28/11/2019,5,22
28/11/2019,6,32.65
28/11/2019,7,42.77
28/11/2019,8,49.85
28/11/2019,9,51.02
28/11/2019,10,50.73
28/11/2019,11,48
28/11/2019,12,46.64
28/11/2019,13,49.35
28/11/2019,14,50
28/11/2019,15,49.93
28/11/2019,16,51.91
28/11/2019,17,55.2
28/11/2019,18,51.66
28/11/2019,19,50.48
28/11/2019,20,52.24
28/11/2019,21,45.53
28/11/2019,22,39.49
28/11/2019,23,30.6
28/11/2019,24,24.32
29/11/2019,1,26.42
29/11/2019,2,23.28
29/11/2019,3,18.68
29/11/2019,4,18.85
29/11/2019,5,24.06
29/11/2019,6,32.1
29/11/2019,7,42.92
29/11/2019,8,49.63
29/11/2019,9,50.34
29/11/2019,10,49.3
29/11/2019,11,49.11
29/11/2019,12,48.47
29/11/2019,13,47.89
29/11/2019,14,47.92
29/11/2019,15,47.29
29/11/2019,16,49.79
29/11/2019,17,52.9
29/11/2019,18,56.14
29/11/2019,19,54.01
29/11/2019,20,52.47
29/11/2019,21,49.58
29/11/2019,22,45.01
29/11/2019,23,41.53
29/11/2019,24,37.32
30/11/2019,1,37.6
30/11/2019,2,36.28
30/11/2019,3,35.47
30/11/2019,4,34.59
30/11/2019,5,34.72
30/11/2019,6,36.12
30/11/2019,7,37.2
30/11/2019,8,40.92
30/11/2019,9,43.7
30/11/2019,10,45.7
30/11/2019,11,44.5
30/11/2019,12,44.22
30/11/2019,13,43.02
30/11/2019,14,42.76
30/11/2019,15,42.97
30/11/2019,16,45.05
30/11/2019,17,48.6
30/11/2019,18,53.05
30/11/2019,19,54
30/11/2019,20,52.62
30/11/2019,21,47.99
30/11/2019,22,43
30/11/2019,23,41.93
30/11/2019,24,39.01
1/12/2019,1,36.29
1/12/2019,2,35.94
1/12/2019,3,35.31
1/12/2019,4,34.67
1/12/2019,5,34.49
1/12/2019,6,34.97
1/12/2019,7,35.05
1/12/2019,8,35.94
1/12/2019,9,38.25
1/12/2019,10,41.2
1/12/2019,11,42.18
1/12/2019,12,43.58
1/12/2019,13,43.5
1/12/2019,14,42.38
1/12/2019,15,42.9
1/12/2019,16,44.16
1/12/2019,17,48.76
1/12/2019,18,52.8
1/12/2019,19,53.81
1/12/2019,20,52
1/12/2019,21,49.7
1/12/2019,22,44.1
1/12/2019,23,42.6
1/12/2019,24,38.97
2/12/2019,1,36.79
2/12/2019,2,35.08
2/12/2019,3,32.86
2/12/2019,4,32.45
2/12/2019,5,33.87
2/12/2019,6,37.14
2/12/2019,7,45
2/12/2019,8,56.09
2/12/2019,9,55.52
2/12/2019,10,53.32
2/12/2019,11,50
2/12/2019,12,48.2
2/12/2019,13,45.67
2/12/2019,14,48.5
2/12/2019,15,50.05
2/12/2019,16,51.36
2/12/2019,17,53.47
2/12/2019,18,58.26
2/12/2019,19,56.27
2/12/2019,20,54.39
2/12/2019,21,50.9
2/12/2019,22,45.14
2/12/2019,23,43.02
2/12/2019,24,38.68
3/12/2019,1,41.07
3/12/2019,2,39.55
3/12/2019,3,38.01
3/12/2019,4,38.05
3/12/2019,5,39.09
3/12/2019,6,42.5
3/12/2019,7,52.18
3/12/2019,8,61.86
3/12/2019,9,64.9
3/12/2019,10,62.92
3/12/2019,11,58.29
3/12/2019,12,56.8
3/12/2019,13,54.22
3/12/2019,14,54.54
3/12/2019,15,55.26
3/12/2019,16,56.21
3/12/2019,17,56.4
3/12/2019,18,60
3/12/2019,19,58
3/12/2019,20,54.9
3/12/2019,21,53.33
3/12/2019,22,46.75
3/12/2019,23,41.09
3/12/2019,24,38.02
4/12/2019,1,41.1
4/12/2019,2,40.91
4/12/2019,3,38.36
4/12/2019,4,37.21
4/12/2019,5,39.45
4/12/2019,6,41.1
4/12/2019,7,48.71
4/12/2019,8,58.01
4/12/2019,9,62.8
4/12/2019,10,59.78
4/12/2019,11,52.68
4/12/2019,12,50.8
4/12/2019,13,48.35
4/12/2019,14,50.86
4/12/2019,15,53.84
4/12/2019,16,58.4
4/12/2019,17,62.2
4/12/2019,18,68
4/12/2019,19,63
4/12/2019,20,58.5
4/12/2019,21,55.91
4/12/2019,22,48.18
4/12/2019,23,42.7
4/12/2019,24,40.36
5/12/2019,1,38.13
5/12/2019,2,38
5/12/2019,3,37.04
5/12/2019,4,36.67
5/12/2019,5,37.93
5/12/2019,6,39.99
5/12/2019,7,46.8
5/12/2019,8,57.2
5/12/2019,9,58.75
5/12/2019,10,55.21
5/12/2019,11,49
5/12/2019,12,43.58
5/12/2019,13,44.44
5/12/2019,14,46.2
5/12/2019,15,50.91
5/12/2019,16,54.67
5/12/2019,17,60.94
5/12/2019,18,59.47
5/12/2019,19,55.92
5/12/2019,20,54.5
5/12/2019,21,50.93
5/12/2019,22,40.21
5/12/2019,23,39.96
5/12/2019,24,35.1
6/12/2019,1,22.79
6/12/2019,2,19.98
6/12/2019,3,16.94
6/12/2019,4,19.01
6/12/2019,5,19.01
6/12/2019,6,25.14
6/12/2019,7,48
6/12/2019,8,54.5
6/12/2019,9,54
6/12/2019,10,54.73
6/12/2019,11,54
6/12/2019,12,52.82
6/12/2019,13,51.02
6/12/2019,14,51.12
6/12/2019,15,51.01
6/12/2019,16,52.18
6/12/2019,17,56.13
6/12/2019,18,57.08
6/12/2019,19,55.02
6/12/2019,20,53.7
6/12/2019,21,48
6/12/2019,22,35.1
6/12/2019,23,35.1
6/12/2019,24,25.39
7/12/2019,1,24.87
7/12/2019,2,24.73
7/12/2019,3,23.94
7/12/2019,4,25.16
7/12/2019,5,26.97
7/12/2019,6,25.25
7/12/2019,7,24.98
7/12/2019,8,34
7/12/2019,9,41.53
7/12/2019,10,48.06
7/12/2019,11,48.01
7/12/2019,12,47.81
7/12/2019,13,44.16
7/12/2019,14,40.67
7/12/2019,15,38.1
7/12/2019,16,40.05
7/12/2019,17,45.06
7/12/2019,18,39
7/12/2019,19,41.99
7/12/2019,20,40.67
7/12/2019,21,41.27
7/12/2019,22,34.13
7/12/2019,23,29
7/12/2019,24,24.17
8/12/2019,1,0.01
8/12/2019,2,2
8/12/2019,3,4
8/12/2019,4,15.7
8/12/2019,5,11.61
8/12/2019,6,4.19
8/12/2019,7,20.62
8/12/2019,8,29.3
8/12/2019,9,39
8/12/2019,10,43.13
8/12/2019,11,44.8
8/12/2019,12,47.91
8/12/2019,13,42
8/12/2019,14,41
8/12/2019,15,38
8/12/2019,16,42
8/12/2019,17,70.1
8/12/2019,18,44.43
8/12/2019,19,48.53
8/12/2019,20,64.34
8/12/2019,21,45
8/12/2019,22,38.66
8/12/2019,23,36
8/12/2019,24,24.87
9/12/2019,1,24
9/12/2019,2,21.59
9/12/2019,3,21.08
9/12/2019,4,20
9/12/2019,5,23.5
9/12/2019,6,33.5
9/12/2019,7,46.1
9/12/2019,8,51.9
9/12/2019,9,49.13
9/12/2019,10,48
9/12/2019,11,46
9/12/2019,12,44.8
9/12/2019,13,46
9/12/2019,14,45.31
9/12/2019,15,45.91
9/12/2019,16,49.71
9/12/2019,17,52
9/12/2019,18,57.07
9/12/2019,19,51.5
9/12/2019,20,49.61
9/12/2019,21,48.18
9/12/2019,22,44.68
9/12/2019,23,39.92
9/12/2019,24,25.85
10/12/2019,1,26.73
10/12/2019,2,26.15
10/12/2019,3,24.51
10/12/2019,4,24.65
10/12/2019,5,27.54
10/12/2019,6,33.5
10/12/2019,7,43.8
10/12/2019,8,55.85
10/12/2019,9,56
10/12/2019,10,55.81
10/12/2019,11,52.78
10/12/2019,12,50.7
10/12/2019,13,49.2
10/12/2019,14,52.64
10/12/2019,15,52.01
10/12/2019,16,55.45
10/12/2019,17,57.34
10/12/2019,18,58.76
10/12/2019,19,56
10/12/2019,20,52.91
10/12/2019,21,51.1
10/12/2019,22,41.1
10/12/2019,23,41.02
10/12/2019,24,34
11/12/2019,1,36.19
11/12/2019,2,33.49
11/12/2019,3,29.66
11/12/2019,4,28.06
11/12/2019,5,28.9
11/12/2019,6,33.55
11/12/2019,7,46.99
11/12/2019,8,53.91
11/12/2019,9,56.59
11/12/2019,10,55.41
11/12/2019,11,54
11/12/2019,12,52.36
11/12/2019,13,51.36
11/12/2019,14,51.98
11/12/2019,15,52.33
11/12/2019,16,54.42
11/12/2019,17,59.72
11/12/2019,18,60.26
11/12/2019,19,57.62
11/12/2019,20,56
11/12/2019,21,51.72
11/12/2019,22,43.97
11/12/2019,23,40.6
11/12/2019,24,35.19
12/12/2019,1,37.04
12/12/2019,2,35.63
12/12/2019,3,34.3
12/12/2019,4,33.57
12/12/2019,5,35.3
12/12/2019,6,38.6
12/12/2019,7,45.2
12/12/2019,8,56
12/12/2019,9,58
12/12/2019,10,57.5
12/12/2019,11,57.61
12/12/2019,12,56
12/12/2019,13,56
12/12/2019,14,55.13
12/12/2019,15,55
12/12/2019,16,56.5
12/12/2019,17,56
12/12/2019,18,57.2
12/12/2019,19,54.2
12/12/2019,20,56.36
12/12/2019,21,51.82
12/12/2019,22,46.7
12/12/2019,23,41.64
12/12/2019,24,35.8
13/12/2019,1,28.12
13/12/2019,2,28.93
13/12/2019,3,24.84
13/12/2019,4,24.66
13/12/2019,5,25.47
13/12/2019,6,35
13/12/2019,7,41.1
13/12/2019,8,48.51
13/12/2019,9,51.62
13/12/2019,10,53.02
13/12/2019,11,51.92
13/12/2019,12,51.74
13/12/2019,13,51.78
13/12/2019,14,51.5
13/12/2019,15,51.19
13/12/2019,16,51.92
13/12/2019,17,54
13/12/2019,18,55
13/12/2019,19,52.61
13/12/2019,20,50.57
13/12/2019,21,48.94
13/12/2019,22,42.05
13/12/2019,23,38.84
13/12/2019,24,34
14/12/2019,1,32.56
14/12/2019,2,30.87
14/12/2019,3,27.58
14/12/2019,4,24.15
14/12/2019,5,21.47
14/12/2019,6,23.09
14/12/2019,7,24.89
14/12/2019,8,31.33
14/12/2019,9,36.95
14/12/2019,10,43.33
14/12/2019,11,45.04
14/12/2019,12,44.5
14/12/2019,13,43.95
14/12/2019,14,42
14/12/2019,15,42
14/12/2019,16,41.78
14/12/2019,17,40.86
14/12/2019,18,42.4
14/12/2019,19,43.07
14/12/2019,20,38
14/12/2019,21,35.61
14/12/2019,22,33.04
14/12/2019,23,26.7
14/12/2019,24,24.13
15/12/2019,1,22.81
15/12/2019,2,23.22
15/12/2019,3,22
15/12/2019,4,17.21
15/12/2019,5,18.31
15/12/2019,6,21.26
15/12/2019,7,22.71
15/12/2019,8,23.3
15/12/2019,9,28.05
15/12/2019,10,34
15/12/2019,11,36.31
15/12/2019,12,37.04
15/12/2019,13,36.8
15/12/2019,14,34.24
15/12/2019,15,34.75
15/12/2019,16,37.09
15/12/2019,17,40
15/12/2019,18,40.74
15/12/2019,19,42.5
15/12/2019,20,42
15/12/2019,21,40.04
15/12/2019,22,36.8
15/12/2019,23,34.18
15/12/2019,24,28.71
16/12/2019,1,23.32
16/12/2019,2,23.27
16/12/2019,3,23.25
16/12/2019,4,23.27
16/12/2019,5,23.3
16/12/2019,6,34.68
16/12/2019,7,48.1
16/12/2019,8,53.74
16/12/2019,9,55.4
16/12/2019,10,56.01
16/12/2019,11,55.47
16/12/2019,12,56.92
16/12/2019,13,57.5
16/12/2019,14,55.99
16/12/2019,15,55.5
16/12/2019,16,58.6
16/12/2019,17,59.94
16/12/2019,18,57
16/12/2019,19,53.97
16/12/2019,20,52.98
16/12/2019,21,51.42
16/12/2019,22,44.5
16/12/2019,23,40.41
16/12/2019,24,36
17/12/2019,1,35.18
17/12/2019,2,33.77
17/12/2019,3,31.74
17/12/2019,4,30.01
17/12/2019,5,31.01
17/12/2019,6,34.5
17/12/2019,7,45.41
17/12/2019,8,52.24
17/12/2019,9,51
17/12/2019,10,52.19
17/12/2019,11,51.4
17/12/2019,12,51.35
17/12/2019,13,51.9
17/12/2019,14,51
17/12/2019,15,51.12
17/12/2019,16,52.29
17/12/2019,17,51.4
17/12/2019,18,52.24
17/12/2019,19,51.25
17/12/2019,20,48.48
17/12/2019,21,47.05
17/12/2019,22,40.01
17/12/2019,23,35.34
17/12/2019,24,30.51
18/12/2019,1,31.05
18/12/2019,2,27.48
18/12/2019,3,24.24
18/12/2019,4,24.2
18/12/2019,5,26.46
18/12/2019,6,31.13
18/12/2019,7,43
18/12/2019,8,50.73
18/12/2019,9,51.47
18/12/2019,10,51.91
18/12/2019,11,51.2
18/12/2019,12,50.61
18/12/2019,13,50.42
18/12/2019,14,50.04
18/12/2019,15,51
18/12/2019,16,52.32
18/12/2019,17,55.82
18/12/2019,18,57
18/12/2019,19,54.57
18/12/2019,20,52.41
18/12/2019,21,48.28
18/12/2019,22,41.5
18/12/2019,23,38.8
18/12/2019,24,35.1
19/12/2019,1,29.01
19/12/2019,2,27.13
19/12/2019,3,26.25
19/12/2019,4,24.89
19/12/2019,5,25.73
19/12/2019,6,28.88
19/12/2019,7,38.85
19/12/2019,8,44.52
19/12/2019,9,46.12
19/12/2019,10,45.48
19/12/2019,11,44.74
19/12/2019,12,43.93
19/12/2019,13,43.06
19/12/2019,14,41.9
19/12/2019,15,41.95
19/12/2019,16,43.67
19/12/2019,17,43.73
19/12/2019,18,44.01
19/12/2019,19,42.89
19/12/2019,20,40
19/12/2019,21,35.5
19/12/2019,22,32.94
19/12/2019,23,31
19/12/2019,24,26.01
20/12/2019,1,22.59
20/12/2019,2,22.96
20/12/2019,3,20.29
20/12/2019,4,18.17
20/12/2019,5,21.01
20/12/2019,6,25
20/12/2019,7,30.03
20/12/2019,8,35.1
20/12/2019,9,37.5
20/12/2019,10,36.57
20/12/2019,11,34
20/12/2019,12,33
20/12/2019,13,32.49
20/12/2019,14,32.08
20/12/2019,15,32.54
20/12/2019,16,33.23
20/12/2019,17,35.51
20/12/2019,18,36.84
20/12/2019,19,35.1
20/12/2019,20,34.99
20/12/2019,21,32.57
20/12/2019,22,29.73
20/12/2019,23,27.7
20/12/2019,24,25.01
21/12/2019,1,25.05
21/12/2019,2,22.53
21/12/2019,3,19.51
21/12/2019,4,18
21/12/2019,5,19.5
21/12/2019,6,21.93
21/12/2019,7,22.72
21/12/2019,8,27.86
21/12/2019,9,34.6
21/12/2019,10,36.05
21/12/2019,11,35
21/12/2019,12,35
21/12/2019,13,34
21/12/2019,14,33.8
21/12/2019,15,33.89
21/12/2019,16,35.5
21/12/2019,17,37.4
21/12/2019,18,39.22
21/12/2019,19,39.31
21/12/2019,20,36.74
21/12/2019,21,33.24
21/12/2019,22,27.54
21/12/2019,23,26.51
21/12/2019,24,21.97
22/12/2019,1,15.71
22/12/2019,2,10.5
22/12/2019,3,6.16
22/12/2019,4,3.08
22/12/2019,5,3.03
22/12/2019,6,5.83
22/12/2019,7,9.01
22/12/2019,8,14.5
22/12/2019,9,22.5
22/12/2019,10,29.49
22/12/2019,11,30.5
22/12/2019,12,32.28
22/12/2019,13,32.81
22/12/2019,14,31.88
22/12/2019,15,31.23
22/12/2019,16,32.61
22/12/2019,17,35.82
22/12/2019,18,38.01
22/12/2019,19,37.29
22/12/2019,20,35.5
22/12/2019,21,33.2
22/12/2019,22,28.18
22/12/2019,23,25.61
22/12/2019,24,19.94
23/12/2019,1,8.2
23/12/2019,2,3
23/12/2019,3,1.05
23/12/2019,4,0.41
23/12/2019,5,0.51
23/12/2019,6,3.79
23/12/2019,7,12.35
23/12/2019,8,27.43
23/12/2019,9,31
23/12/2019,10,33.59
23/12/2019,11,34.13
23/12/2019,12,35.07
23/12/2019,13,34.5
23/12/2019,14,33.42
23/12/2019,15,33.84
23/12/2019,16,35
23/12/2019,17,39
23/12/2019,18,40.18
23/12/2019,19,39.77
23/12/2019,20,37.05
23/12/2019,21,33.63
23/12/2019,22,26.95
23/12/2019,23,25.21
23/12/2019,24,17.8
24/12/2019,1,8.29
24/12/2019,2,2.93
24/12/2019,3,0.03
24/12/2019,4,0
24/12/2019,5,1
24/12/2019,6,4.85
24/12/2019,7,10.47
24/12/2019,8,20.84
24/12/2019,9,28.36
24/12/2019,10,32.42
24/12/2019,11,32.59
24/12/2019,12,32.54
24/12/2019,13,31.53
24/12/2019,14,30.5
24/12/2019,15,32
24/12/2019,16,34
24/12/2019,17,37
24/12/2019,18,37.48
24/12/2019,19,34.93
24/12/2019,20,32.01
24/12/2019,21,28.76
24/12/2019,22,25.01
24/12/2019,23,24.7
24/12/2019,24,16.68
25/12/2019,1,10.36
25/12/2019,2,8.38
25/12/2019,3,4.02
25/12/2019,4,2.1
25/12/2019,5,1.73
25/12/2019,6,3.41
25/12/2019,7,6.29
25/12/2019,8,11.45
25/12/2019,9,20.15
25/12/2019,10,25.43
25/12/2019,11,26.81
25/12/2019,12,27.37
25/12/2019,13,25.65
25/12/2019,14,23.48
25/12/2019,15,23.8
25/12/2019,16,27.9
25/12/2019,17,32
25/12/2019,18,34.07
25/12/2019,19,34
25/12/2019,20,33.08
25/12/2019,21,32.6
25/12/2019,22,29.54
25/12/2019,23,29.22
25/12/2019,24,23.05
26/12/2019,1,25.04
26/12/2019,2,22.8
26/12/2019,3,19
26/12/2019,4,16.8
26/12/2019,5,16.2
26/12/2019,6,20.7
26/12/2019,7,22.2
26/12/2019,8,25.07
26/12/2019,9,28.6
26/12/2019,10,31.5
26/12/2019,11,32.9
26/12/2019,12,33.04
26/12/2019,13,32.93
26/12/2019,14,32
26/12/2019,15,33.69
26/12/2019,16,38.25
26/12/2019,17,40.9
26/12/2019,18,43
26/12/2019,19,41.96
26/12/2019,20,40.81
26/12/2019,21,39.5
26/12/2019,22,37.63
26/12/2019,23,37.1
26/12/2019,24,34.01
27/12/2019,1,32.29
27/12/2019,2,30.13
27/12/2019,3,28
27/12/2019,4,26.91
27/12/2019,5,28.21
27/12/2019,6,31.65
27/12/2019,7,32.06
27/12/2019,8,38.8
27/12/2019,9,43.19
27/12/2019,10,45.1
27/12/2019,11,45.99
27/12/2019,12,46.09
27/12/2019,13,43.94
27/12/2019,14,43
27/12/2019,15,43.99
27/12/2019,16,46
27/12/2019,17,48.94
27/12/2019,18,51.8
27/12/2019,19,49.48
27/12/2019,20,46.54
27/12/2019,21,42.66
27/12/2019,22,38.15
27/12/2019,23,36.87
27/12/2019,24,32.63
28/12/2019,1,30.96
28/12/2019,2,29.28
28/12/2019,3,27.97
28/12/2019,4,26.18
28/12/2019,5,26.44
28/12/2019,6,26.71
28/12/2019,7,25.92
28/12/2019,8,30.17
28/12/2019,9,34.99
28/12/2019,10,37
28/12/2019,11,37.7
28/12/2019,12,37.1
28/12/2019,13,36.79
28/12/2019,14,35.9
28/12/2019,15,36.79
28/12/2019,16,38.86
28/12/2019,17,42.14
28/12/2019,18,44.62
28/12/2019,19,43.57
28/12/2019,20,42.14
28/12/2019,21,37.82
28/12/2019,22,34.7
28/12/2019,23,32.24
28/12/2019,24,29.95
29/12/2019,1,27
29/12/2019,2,24.91
29/12/2019,3,24.8
29/12/2019,4,22
29/12/2019,5,21.22
29/12/2019,6,21.56
29/12/2019,7,21.87
29/12/2019,8,24.9
29/12/2019,9,26.8
29/12/2019,10,29.48
29/12/2019,11,30.58
29/12/2019,12,31.21
29/12/2019,13,31.3
29/12/2019,14,30.1
29/12/2019,15,30.83
29/12/2019,16,32.6
29/12/2019,17,37.96
29/12/2019,18,41
29/12/2019,19,41.2
29/12/2019,20,39.84
29/12/2019,21,35.68
29/12/2019,22,32.02
29/12/2019,23,30
29/12/2019,24,25.24
30/12/2019,1,22.2
30/12/2019,2,17.11
30/12/2019,3,13.96
30/12/2019,4,10.99
30/12/2019,5,11.9
30/12/2019,6,18.6
30/12/2019,7,22.95
30/12/2019,8,28.78
30/12/2019,9,32.01
30/12/2019,10,35.19
30/12/2019,11,34.58
30/12/2019,12,34.02
30/12/2019,13,35.36
30/12/2019,14,34.05
30/12/2019,15,37.2
30/12/2019,16,38.9
30/12/2019,17,41.45
30/12/2019,18,41.75
30/12/2019,19,41
30/12/2019,20,38.66
30/12/2019,21,36.8
30/12/2019,22,30
30/12/2019,23,27.7
30/12/2019,24,24.1
31/12/2019,1,20.18
31/12/2019,2,17.92
31/12/2019,3,13.04
31/12/2019,4,6.7
31/12/2019,5,7.67
31/12/2019,6,12.5
31/12/2019,7,19.39
31/12/2019,8,25.9
31/12/2019,9,29.95
31/12/2019,10,33.06
31/12/2019,11,33.11
31/12/2019,12,34.14
31/12/2019,13,33.98
31/12/2019,14,32.84
31/12/2019,15,34.5
31/12/2019,16,37
31/12/2019,17,40
31/12/2019,18,43.34
31/12/2019,19,43
31/12/2019,20,40.16
31/12/2019,21,35.52
31/12/2019,22,34.5
31/12/2019,23,36.55
31/12/2019,24,34.18
